gene_accession,cipdic5_S3,cipdic5_S2,cipdic5_S1
MEG_1689|Drugs|betalactams|Class_A_betalactamases|CFX,30.0,21.0,21.0
MEG_6682|Drugs|betalactams|Class_A_betalactamases|TEM,0.0,33.0,0.0
MEG_8273|Multi-compound|Drug_and_biocide_resistance|Drug_and_biocide_MFS_efflux_pumps|NORC,63.0,0.0,0.0
MEG_2737|Multi-compound|Drug_and_biocide_resistance|Drug_and_biocide_MFS_efflux_pumps|EMRY,4197.0,4435.0,3909.0
MEG_1698|Drugs|betalactams|Class_A_betalactamases|CFX,27.0,17.0,17.0
MEG_3886|Metals|Mercury_resistance|Mercury_resistance_regulator|MERR1,11.0,14.0,43.0
MEG_645|Drugs|betalactams|Class_C_betalactamases|ADC,0.0,0.0,30.0
MEG_2875|Biocides|Phenolic_compound_resistance|Phenolic_resistance_protein|FABI,6278.0,6433.0,5610.0
MEG_7835|Multi-compound|Biocide_and_metal_resistance|Biocide_and_metal_resistance_protein|YIEF,4490.0,2373.0,4127.0
MEG_6926|Drugs|betalactams|Class_A_betalactamases|TEM,27.0,0.0,0.0
MEG_6827|Drugs|betalactams|Class_A_betalactamases|TEM,0.0,91.0,0.0
MEG_2869|Multi-compound|Drug_and_biocide_resistance|Drug_and_biocide_MFS_efflux_regulator|EVGS,1023.0,825.0,1029.0
MEG_6794|Drugs|betalactams|Class_A_betalactamases|TEM,0.0,58.0,0.0
MEG_6105|Drugs|Rifampin|Rifampin-resistant_beta-subunit_of_RNA_polymerase_RpoB|RPOB|RequiresSNPConfirmation,0.0,0.0,0.0
MEG_4175|Metals|Nickel_resistance|Nickel_ABC_efflux_regulator|NIKR,518.0,670.0,606.0
MEG_411|Multi-compound|Drug_and_biocide_resistance|Drug_and_biocide_RND_efflux_regulator|ACRR|RequiresSNPConfirmation,128.0,101.0,91.0
MEG_6710|Drugs|betalactams|Class_A_betalactamases|TEM,0.0,51.0,0.0
MEG_3998|Metals|Multi-metal_resistance|Multi-metal_resistance_protein|MNTH,9199.0,9506.0,8061.0
MEG_1107|Biocides|Multi-biocide_resistance|Multi-biocide_resistance_regulator|ARIR,2198.0,2368.0,1976.0
MEG_3288|Biocides|Peroxide_resistance|Peroxide_resistance_stress_protein|IBPB,1489.0,1499.0,1303.0
MEG_7584|Drugs|Glycopeptides|VanC-type_resistance_protein|VANXYC,871.0,121.0,421.0
MEG_1180|Drugs|Multi-drug_resistance|Multi-drug_RND_efflux_regulator|ASMA,12478.0,12734.0,10918.0
MEG_915|Drugs|Aminoglycosides|Aminoglycoside_O-nucleotidyltransferases|ANT3-DPRIME,122.0,43.0,45.0
MEG_2502|Drugs|Trimethoprim|Dihydrofolate_reductase|DFRA,50.0,0.0,15.0
MEG_7141|Drugs|Tetracyclines|Tetracycline_resistance_ribosomal_protection_proteins|TETM,0.0,0.0,65.0
MEG_2527|Drugs|Trimethoprim|Dihydrofolate_reductase|DFRA,18.0,0.0,0.0
MEG_1144|Metals|Multi-metal_resistance|Multi-metal_resistance_protein|ARSA,618.0,73.0,668.0
MEG_7851|Metals|Zinc_resistance|Zinc_resistance_protein|ZITB,6398.0,6456.0,5725.0
MEG_1191|Multi-compound|Drug_and_biocide_and_metal_resistance|Drug_and_biocide_and_metal_RND_efflux_regulator|BAER,0.0,0.0,87.0
MEG_2591|Drugs|betalactams|Class_C_betalactamases|DHA,31.0,98.0,70.0
MEG_1045|Drugs|Aminoglycosides|Aminoglycoside_O-phosphotransferases|APH3-DPRIME,112.0,1218.0,72.0
MEG_6746|Drugs|betalactams|Class_A_betalactamases|TEM,0.0,23.0,0.0
MEG_2683|Metals|Multi-metal_resistance|Multi-metal_resistance_protein|DSBA,197.0,203.0,174.0
MEG_3910|Multi-compound|Drug_and_biocide_resistance|Drug_and_biocide_RND_efflux_pumps|MEXE,61.0,0.0,47.0
MEG_6864|Drugs|betalactams|Class_A_betalactamases|TEM,0.0,20.0,0.0
MEG_6135|Drugs|Rifampin|Rifampin-resistant_beta-subunit_of_RNA_polymerase_RpoB|RPOB|RequiresSNPConfirmation,2.0,2.0,3.0
MEG_6828|Drugs|betalactams|Class_A_betalactamases|TEM,0.0,47.0,0.0
MEG_6680|Drugs|betalactams|Class_A_betalactamases|TEM,0.0,39.0,0.0
MEG_5829|Multi-compound|Drug_and_biocide_resistance|Drug_and_biocide_SMR_efflux_pumps|QACEDELTA1,0.0,15.0,16.0
MEG_2734|Multi-compound|Drug_and_biocide_resistance|Drug_and_biocide_MFS_efflux_regulator|EMRR,4304.0,4399.0,4118.0
MEG_1004|Drugs|Aminoglycosides|Aminoglycoside_O-nucleotidyltransferases|ANT9,0.0,0.0,23.0
MEG_6550|Biocides|Multi-biocide_resistance|Multi-biocide_resistance_regulator|SOXRB,1296.0,1314.0,1127.0
MEG_2714|Biocides|Quaternary_Ammonium_Compounds_(QACs)_resistance|QAC_efflux_pump|EMEA,0.0,251.0,498.0
MEG_2118|Multi-compound|Drug_and_biocide_resistance|Drug_and_biocide_RND_efflux_regulator|CPXAR,1396.0,1652.0,1113.0
MEG_1642|Drugs|Lipopeptides|Daptomycin-resistant_mutant|CDSA|RequiresSNPConfirmation,0.0,0.0,0.0
MEG_6589|Drugs|Sulfonamides|Sulfonamide-resistant_dihydropteroate_synthases|SULI,0.0,7.0,0.0
MEG_7106|Drugs|Tetracyclines|Tetracycline_resistance_ribosomal_protection_proteins|TETM,0.0,278.0,241.0
MEG_2678|Metals|Multi-metal_resistance|Multi-metal_resistance_protein|DSBA,179.0,173.0,163.0
MEG_972|Drugs|Aminoglycosides|Aminoglycoside_O-nucleotidyltransferases|ANT3-DPRIME,19.0,0.0,0.0
MEG_4162|Metals|Sodium_resistance|Sodium_resistance_protein|NHAA,8372.0,8701.0,7407.0
MEG_6862|Drugs|betalactams|Class_A_betalactamases|TEM,0.0,27.0,0.0
MEG_3215|Drugs|Fluoroquinolones|Fluoroquinolone-resistant_DNA_topoisomerases|GYRA|RequiresSNPConfirmation,0.0,0.0,0.0
MEG_677|Multi-compound|Drug_and_biocide_resistance|Drug_and_biocide_RND_efflux_pumps|ADEA,157.0,0.0,148.0
MEG_6142|Drugs|Mycobacterium_tuberculosis-specific_Drug|Pyrazinamide-resistant_mutant|RPSA|RequiresSNPConfirmation,0.0,0.0,0.0
MEG_6703|Drugs|betalactams|Class_A_betalactamases|TEM,17.0,0.0,22.0
MEG_3887|Metals|Mercury_resistance|Mercury_resistance_regulator|MERR2,81.0,0.0,0.0
MEG_6943|Drugs|betalactams|Class_A_betalactamases|TEM,0.0,41.0,0.0
MEG_7033|Drugs|Tetracyclines|Tetracycline_resistance_MFS_efflux_pumps|TETA,67.0,0.0,0.0
MEG_7183|Drugs|Tetracyclines|Tetracycline_resistance_ribosomal_protection_proteins|TETQ,563.0,847.0,487.0
MEG_4172|Metals|Nickel_resistance|Nickel_ABC_efflux_pumps|NIKD,1843.0,1825.0,1603.0
MEG_6161|Drugs|Nucleosides|Streptothricin_acetyltransferase|SAT,21.0,0.0,0.0
MEG_7583|Drugs|Glycopeptides|VanC-type_resistance_protein|VANXYC,1237.0,152.0,373.0
MEG_2706|Multi-compound|Drug_and_biocide_resistance|Drug_and_biocide_ABC_efflux_pumps|EFRA,0.0,133.0,316.0
MEG_1177|Metals|Multi-metal_resistance|Multi-metal_resistance_protein|ARSRM,0.0,7.0,0.0
MEG_6777|Drugs|betalactams|Class_A_betalactamases|TEM,0.0,72.0,0.0
MEG_4123|Metals|Nickel_resistance|Nickel_MFS_efflux_regulator|NCRBN,38.0,80.0,35.0
MEG_8700|Multi-compount|Biocide_and_metal_resistance|Biocide_and_metal_ABC_efflux_pumps|SITABCD,2153.0,13900.0,6381.0
MEG_914|Drugs|Aminoglycosides|Aminoglycoside_O-nucleotidyltransferases|ANT3-DPRIME,40.0,0.0,0.0
MEG_6018|Drugs|Fluoroquinolones|Quinolone_resistance_protein_Qnr|QNRS,36.0,0.0,7.0
MEG_2794|Drugs|MLS|23S_rRNA_methyltransferases|ERMB,0.0,11.0,22.0
MEG_2680|Metals|Multi-metal_resistance|Multi-metal_resistance_protein|DSBA,196.0,235.0,153.0
MEG_7309|Drugs|Elfamycins|EF-Tu_inhibition|TUFAB|RequiresSNPConfirmation,13.0,8.0,18.0
MEG_4030|Drugs|MLS|Macrolide_phosphotransferases|MPHA,61.0,24.0,0.0
MEG_7180|Drugs|Tetracyclines|Tetracycline_resistance_ribosomal_protection_proteins|TETQ,82.0,85.0,46.0
MEG_5372|Drugs|Aminocoumarins|Aminocoumarin-resistant_DNA_topoisomerases|PARE|RequiresSNPConfirmation,0.0,0.0,0.0
MEG_6917|Drugs|betalactams|Class_A_betalactamases|TEM,34.0,0.0,0.0
MEG_5801|Drugs|Cationic_antimicrobial_peptides|Lipid_A_modification|PMRF,6648.0,7201.0,6034.0
MEG_5363|Drugs|Fluoroquinolones|Fluoroquinolone-resistant_DNA_topoisomerases|PARC|RequiresSNPConfirmation,1.0,3.0,2.0
MEG_2084|Metals|Multi-metal_resistance|Multi-metal_resistance_protein|CORA,536.0,728.0,473.0
MEG_6106|Drugs|Rifampin|Rifampin-resistant_beta-subunit_of_RNA_polymerase_RpoB|RPOB|RequiresSNPConfirmation,4.0,23.0,67.0
MEG_7328|Drugs|Cationic_antimicrobial_peptides|Lipid_A_modification|UGD,4619.0,2972.0,5205.0
MEG_2119|Multi-compound|Drug_and_biocide_resistance|Drug_and_biocide_RND_efflux_regulator|CPXAR,2523.0,2607.0,1577.0
MEG_3142|Multi-compound|Biocide_and_metal_resistance|Biocide_and_metal_resistance_protein|GLPF,2148.0,2273.0,1984.0
MEG_6023|Drugs|Fluoroquinolones|Quinolone_resistance_protein_Qnr|QNRS,198.0,17.0,0.0
MEG_7185|Drugs|Tetracyclines|Tetracycline_transcriptional_repressor|TETR|RequiresSNPConfirmation,603.0,402.0,185.0
MEG_692|Multi-compound|Drug_and_biocide_resistance|Drug_and_biocide_RND_efflux_pumps|ADEJ,582.0,0.0,564.0
MEG_7140|Drugs|Tetracyclines|Tetracycline_resistance_ribosomal_protection_proteins|TETM,52.0,0.0,0.0
MEG_3513|Multi-compound|Drug_and_biocide_resistance|Drug_and_biocide_MFS_efflux_pumps|KPN,3712.0,4351.0,3540.0
MEG_6961|Metals|Tellurium_resistance|Tellurium_resistance_protein|TERZ,1022.0,175.0,1239.0
MEG_3515|Multi-compound|Drug_and_biocide_resistance|Drug_and_biocide_SMR_efflux_pumps|KPNF,163.0,430.0,172.0
MEG_6737|Drugs|betalactams|Class_A_betalactamases|TEM,0.0,73.0,0.0
MEG_7867|Metals|Zinc_resistance|Zinc_resistance_regulator|ZUR,3367.0,3349.0,2949.0
MEG_7132|Drugs|Tetracyclines|Tetracycline_resistance_ribosomal_protection_proteins|TETM,0.0,229.0,126.0
MEG_2551|Drugs|Trimethoprim|Dihydrofolate_reductase|DFRA,0.0,5.0,0.0
MEG_6800|Drugs|betalactams|Class_A_betalactamases|TEM,0.0,21.0,0.0
MEG_6044|Drugs|Multi-drug_resistance|Multi-drug_RND_efflux_regulator|RAMA,7.0,0.0,32.0
MEG_703|Multi-compound|Drug_and_biocide_resistance|Drug_and_biocide_RND_efflux_regulator|ADER,138.0,0.0,79.0
MEG_6540|Biocides|Peroxide_resistance|peroxide_resistance_protein|SODA,3432.0,3371.0,2971.0
MEG_963|Drugs|Aminoglycosides|Aminoglycoside_O-nucleotidyltransferases|ANT3-DPRIME,24.0,0.0,0.0
MEG_2643|Drugs|Trimethoprim|Dihydrofolate_reductase|DHFR|RequiresSNPConfirmation,35.0,0.0,21.0
MEG_4210|Multi-compound|Drug_and_biocide_resistance|Drug_and_biocide_MFS_efflux_pumps|NORB,50.0,0.0,0.0
MEG_4000|Metals|Multi-metal_resistance|Multi-metal_resistance_protein|MNTR,3936.0,4060.0,3425.0
MEG_6026|Drugs|Fluoroquinolones|Quinolone_resistance_protein_Qnr|QNRS,21.0,0.0,0.0
MEG_618|Drugs|betalactams|Class_C_betalactamases|ADC,56.0,0.0,94.0
MEG_2024|Metals|Copper_resistance|Copper_resistance_protein|COPA,233.0,204.0,187.0
MEG_6545|Biocides|Peroxide_resistance|peroxide_resistance_protein|SODB,4024.0,4247.0,3417.0
MEG_2876|Biocides|Phenolic_compound_resistance|Phenolic_resistance_protein|FABK,0.0,136.0,0.0
MEG_6865|Drugs|betalactams|Class_A_betalactamases|TEM,0.0,57.0,0.0
MEG_772|Drugs|Aminoglycosides|Aminoglycoside_O-nucleotidyltransferases|ANT3-DPRIME,18.0,0.0,0.0
MEG_4352|Multi-compound|Drug_and_biocide_resistance|Drug_and_biocide_RND_efflux_pumps|OQXB,0.0,537.0,0.0
MEG_2682|Metals|Multi-metal_resistance|Multi-metal_resistance_protein|DSBA,206.0,214.0,153.0
MEG_7361|Drugs|Glycopeptides|VanC-type_resistance_protein|VANC,165.0,0.0,19.0
MEG_8459|Drugs|betalactams|Penicillin_binding_protein|PBP4|RequiresSNPConfirmation,59.0,0.0,0.0
MEG_2579|Drugs|Trimethoprim|Dihydrofolate_reductase|DFRG,29.0,0.0,8.0
MEG_1079|Drugs|Aminoglycosides|Aminoglycoside_O-phosphotransferases|APH3-PRIME,0.0,18.0,0.0
MEG_2501|Drugs|Trimethoprim|Dihydrofolate_reductase|DFRA,50.0,0.0,0.0
MEG_3291|Biocides|Acetate_resistance|Acetate_resistance_protein|ICLR,4297.0,4362.0,3740.0
MEG_2493|Drugs|Trimethoprim|Dihydrofolate_reductase|DFRA,31.0,0.0,8.0
MEG_6028|Drugs|Fluoroquinolones|Quinolone_resistance_protein_Qnr|QNRS,33.0,0.0,0.0
MEG_5783|Multi-compound|Drug_and_biocide_resistance|Drug_and_biocide_ABC_efflux_regulator|PHOB|RequiresSNPConfirmation,0.0,0.0,0.0
MEG_6549|Biocides|Multi-biocide_resistance|Multi-biocide_resistance_regulator|SOXRB,2860.0,2892.0,2445.0
MEG_3645|Drugs|MLS|MLS_resistance_ABC_efflux_pumps|LSA,0.0,0.0,131.0
MEG_6925|Drugs|betalactams|Class_A_betalactamases|TEM,0.0,350.0,14.0
MEG_4004|Metals|Multi-metal_resistance|Multi-metal_ABC_efflux_pumps|MODB,1842.0,1912.0,1721.0
MEG_6506|Metals|Multi-metal_resistance|Multi-metal_RND_efflux_pumps|SILP,408.0,200.0,499.0
MEG_3758|Multi-compound|Drug_and_biocide_resistance|Drug_and_biocide_MATE_efflux_pumps|MDTK,3980.0,4035.0,3375.0
MEG_7028|Drugs|Tetracyclines|Tetracycline_resistance_MFS_efflux_pumps|TETA,63.0,49.0,32.0
MEG_7263|Biocides|Multi-biocide_resistance|Multi-biocide_RND_efflux_pump|TOLC,4039.0,4016.0,3595.0
MEG_7107|Drugs|Tetracyclines|Tetracycline_resistance_ribosomal_protection_proteins|TETM,0.0,259.0,206.0
MEG_7841|Multi-compound|Biocide_and_metal_resistance|Biocide_and_metal_resistance_protein|YODB,1937.0,2208.0,1956.0
MEG_3242|Drugs|Fluoroquinolones|Fluoroquinolone-resistant_DNA_topoisomerases|GYRB|RequiresSNPConfirmation,0.0,0.0,1.0
MEG_6776|Drugs|betalactams|Class_A_betalactamases|TEM,38.0,0.0,10.0
MEG_376|Multi-compound|Drug_and_biocide_resistance|Drug_and_biocide_SMR_efflux_pumps|ABES,18.0,0.0,17.0
MEG_6020|Drugs|Fluoroquinolones|Quinolone_resistance_protein_Qnr|QNRS,38.0,0.0,0.0
MEG_6502|Metals|Multi-metal_resistance|Multi-metal_RND_efflux_pumps|SILC,313.0,124.0,366.0
MEG_8087|Biocides|Aldehyde_resistance|Aldehyde_degradation|FORMA,0.0,0.0,2043.0
MEG_5787|Metals|Multi-metal_resistance|Multi-metal_resistance_protein|PITA,15732.0,16557.0,13319.0
MEG_3749|Multi-compound|Drug_and_biocide_and_metal_resistance|Drug_and_biocide_and_metal_RND_efflux_pumps|MDTC,21084.0,22715.0,19753.0
MEG_46|Drugs|Aminoglycosides|Aminoglycoside_N-acetyltransferases|AAC3,95.0,0.0,63.0
MEG_2733|Multi-compound|Drug_and_biocide_resistance|Drug_and_biocide_MFS_efflux_pumps|EMRK,2744.0,2988.0,2556.0
MEG_3863|Metals|Mercury_resistance|Mercury_resistance_regulator|MERD,34.0,0.0,12.0
MEG_406|Multi-compound|Drug_and_biocide_and_metal_resistance|Drug_and_biocide_and_metal_RND_efflux_pumps|ACRD,7922.0,8531.0,7142.0
MEG_3296|Drugs|Mupirocin|Mupirocin-resistant_isoleucyl-tRNA_synthetase|ILES|RequiresSNPConfirmation,0.0,0.0,0.0
MEG_2088|Metals|Multi-metal_resistance|Multi-metal_resistance_protein|CORB,4362.0,4856.0,4062.0
MEG_6838|Drugs|betalactams|Class_A_betalactamases|TEM,0.0,38.0,0.0
MEG_1179|Drugs|Multi-drug_resistance|Multi-drug_RND_efflux_regulator|ASMA,976.0,1966.0,859.0
MEG_7108|Drugs|Tetracyclines|Tetracycline_resistance_ribosomal_protection_proteins|TETM,0.0,0.0,46.0
MEG_3271|Drugs|Multi-drug_resistance|Multi-drug_RND_efflux_pumps|HNS,3441.0,3605.0,3166.0
MEG_4163|Metals|Sodium_resistance|Sodium_resistance_protein|NHAB,4872.0,5024.0,4287.0
MEG_7373|Drugs|Glycopeptides|VanC-type_resistance_protein|VANC,469.0,63.0,126.0
MEG_6619|Drugs|Sulfonamides|Sulfonamide-resistant_dihydropteroate_synthases|SULII,37.0,12.0,38.0
MEG_2671|Metals|Multi-metal_resistance|Multi-metal_resistance_protein|DSBA,201.0,202.0,176.0
MEG_2019|Metals|Copper_resistance|Copper_resistance_protein|COPA,5716.0,6084.0,5107.0
MEG_7048|Drugs|Tetracyclines|Tetracycline_resistance_MFS_efflux_pumps|TETB,0.0,658.0,0.0
MEG_7313|Drugs|Elfamycins|EF-Tu_inhibition|TUFAB|RequiresSNPConfirmation,53.0,18.0,24.0
MEG_5424|Metals|Copper_resistance|Copper_resistance_regulator|PCOR,433.0,239.0,546.0
MEG_3874|Metals|Mercury_resistance|Mercury_resistance_protein|MERP,76.0,13.0,16.0
MEG_1195|Multi-compound|Drug_and_biocide_and_metal_resistance|Drug_and_biocide_and_metal_RND_efflux_regulator|BAES,4395.0,4768.0,3670.0
MEG_3626|Drugs|Lipopeptides|Colistin-resistant_mutant|LPXA|RequiresSNPConfirmation,1.0,0.0,3.0
MEG_7861|Metals|Zinc_resistance|Zinc_resistance_regulator|ZRAR,1600.0,1671.0,1377.0
MEG_7582|Drugs|Glycopeptides|VanC-type_resistance_protein|VANXYC,148.0,18.0,50.0
MEG_3071|Drugs|Fusidic_acid|Fusidic_acid-resistant_mutation|FUSE|RequiresSNPConfirmation,0.0,0.0,0.0
MEG_2846|Drugs|MLS|23S_rRNA_methyltransferases|ERMT,21.0,407.0,367.0
MEG_3065|Drugs|Fusidic_acid|Fusidic_acid-resistant_mutation|FUSA|RequiresSNPConfirmation,13.0,0.0,0.0
MEG_1061|Drugs|Aminoglycosides|Aminoglycoside_O-phosphotransferases|APH3-PRIME,0.0,14.0,0.0
MEG_4095|Drugs|Fosfomycin|Fosfomycin_target_mutation|MURA|RequiresSNPConfirmation,0.0,0.0,0.0
MEG_2673|Metals|Multi-metal_resistance|Multi-metal_resistance_protein|DSBA,191.0,223.0,166.0
MEG_2895|Metals|Multi-metal_resistance|Multi-metal_ABC_efflux_pumps|FECD,436.0,1560.0,700.0
MEG_2081|Metals|Copper_resistance|Copper_resistance_regulator|COPZ,11.0,0.0,0.0
MEG_3080|Biocides|Acid_resistance|Acid_resistance_regulator|GADE,2896.0,4297.0,3661.0
MEG_968|Drugs|Aminoglycosides|Aminoglycoside_O-nucleotidyltransferases|ANT3-DPRIME,86.0,0.0,36.0
MEG_4009|Metals|Multi-metal_resistance|Multi-metal_ABC_efflux_pumps|MODC,2600.0,2512.0,2233.0
MEG_4028|Drugs|MLS|Macrolide_phosphotransferases|MPHA,19.0,0.0,0.0
MEG_6107|Drugs|Rifampin|Rifampin-resistant_beta-subunit_of_RNA_polymerase_RpoB|RPOB|RequiresSNPConfirmation,0.0,0.0,0.0
MEG_7104|Drugs|Tetracyclines|Tetracycline_resistance_ribosomal_protection_proteins|TETM,87.0,0.0,102.0
MEG_4283|Drugs|betalactams|Mutant_porin_proteins|OMP37,927.0,1557.0,829.0
MEG_4254|Drugs|betalactams|Class_A_betalactamases|OKP,31.0,0.0,0.0
MEG_1025|Drugs|Aminoglycosides|Aminoglycoside_O-phosphotransferases|APH3-DPRIME,0.0,10.0,0.0
MEG_4350|Multi-compound|Drug_and_biocide_resistance|Drug_and_biocide_RND_efflux_pumps|OQXB,0.0,181.0,92.0
MEG_415|Multi-compound|Drug_and_biocide_resistance|Drug_and_biocide_RND_efflux_regulator|ACRS,5652.0,5441.0,4998.0
MEG_6162|Drugs|Nucleosides|Streptothricin_acetyltransferase|SAT,44.0,0.0,0.0
MEG_2952|Drugs|Sulfonamides|Sulfonamide-resistant_dihydropteroate_synthases|FOLP|RequiresSNPConfirmation,604.0,1081.0,537.0
MEG_1276|Drugs|betalactams|Class_C_betalactamases|BLAEC,1260.0,1374.0,1508.0
MEG_7318|Drugs|Elfamycins|EF-Tu_inhibition|TUFAB|RequiresSNPConfirmation,32.0,0.0,160.0
MEG_805|Drugs|Aminoglycosides|Aminoglycoside_O-nucleotidyltransferases|ANT3-DPRIME,19.0,0.0,0.0
MEG_2785|Drugs|MLS|23S_rRNA_methyltransferases|ERMA,0.0,18.0,0.0
MEG_6625|Drugs|Sulfonamides|Sulfonamide-resistant_dihydropteroate_synthases|SULII,101.0,47.0,19.0
MEG_2724|Multi-compound|Drug_and_biocide_resistance|Drug_and_biocide_MFS_efflux_pumps|EMRB,2837.0,3150.0,2599.0
MEG_6655|Multi-compound|Biocide_and_metal_resistance|Biocide_and_metal_resistance_protein|TEHA,7014.0,7171.0,6467.0
MEG_6656|Multi-compound|Biocide_and_metal_resistance|Biocide_and_metal_resistance_protein|TEHB,4174.0,4257.0,3666.0
MEG_6617|Drugs|Sulfonamides|Sulfonamide-resistant_dihydropteroate_synthases|SULII,148.0,50.0,48.0
MEG_7137|Drugs|Tetracyclines|Tetracycline_resistance_ribosomal_protection_proteins|TETM,0.0,335.0,278.0
MEG_404|Multi-compound|Drug_and_biocide_and_metal_resistance|Drug_and_biocide_and_metal_RND_efflux_pumps|ACRD,0.0,0.0,491.0
MEG_7060|Drugs|Tetracyclines|Tetracycline_resistance_MFS_efflux_pumps|TETC,24.0,0.0,0.0
MEG_2672|Metals|Multi-metal_resistance|Multi-metal_resistance_protein|DSBA,232.0,217.0,179.0
MEG_6689|Drugs|betalactams|Class_A_betalactamases|TEM,0.0,21.0,0.0
MEG_700|Multi-compound|Drug_and_biocide_resistance|Drug_and_biocide_RND_efflux_regulator|ADEL,64.0,0.0,104.0
MEG_5930|Drugs|Fluoroquinolones|Quinolone_resistance_protein_Qnr|QNRB,157.0,511.0,0.0
MEG_850|Drugs|Aminoglycosides|Aminoglycoside_O-nucleotidyltransferases|ANT3-DPRIME,0.0,269.0,0.0
MEG_3948|Metals|Multi-metal_resistance|Multi-metal_resistance_regulator|MGTA,11555.0,12112.0,9960.0
MEG_6877|Drugs|betalactams|Class_A_betalactamases|TEM,0.0,162.0,0.0
MEG_6947|Drugs|betalactams|Class_A_betalactamases|TEM,0.0,28.0,0.0
MEG_4168|Metals|Nickel_resistance|Nickel_ABC_efflux_pumps|NIKB,5977.0,6201.0,5236.0
MEG_378|Multi-compound|Drug_and_biocide_resistance|Drug_and_biocide_SMR_efflux_pumps|ABES,15.0,0.0,35.0
MEG_6504|Metals|Multi-metal_resistance|Multi-metal_RND_efflux_pumps|SILF,195.0,128.0,232.0
MEG_6927|Drugs|betalactams|Class_A_betalactamases|TEM,278.0,0.0,143.0
MEG_8288|Drugs|betalactams|Mutant_porin_proteins|OMPA,6702.0,7460.0,6258.0
MEG_173|Drugs|Aminoglycosides|Aminoglycoside_N-acetyltransferases|AAC6-PRIME,0.0,12.0,0.0
MEG_5819|Drugs|Fosfomycin|Fosfomycin_target_mutation|PTSL|RequiresSNPConfirmation,1.0,0.0,0.0
MEG_6957|Metals|Tellurium_resistance|Tellurium_resistance_protein|TERC,0.0,0.0,186.0
MEG_7317|Drugs|Elfamycins|EF-Tu_inhibition|TUFAB|RequiresSNPConfirmation,233.0,289.0,156.0
MEG_7526|Drugs|Glycopeptides|VanC-type_resistance_protein|VANTC,1115.0,116.0,615.0
MEG_888|Drugs|Aminoglycosides|Aminoglycoside_O-nucleotidyltransferases|ANT3-DPRIME,16.0,0.0,9.0
MEG_8080|Drugs|Lipopeptides|Colistin_phosphoethanolamine_transferase|EPTB,4803.0,5655.0,4270.0
MEG_5814|Metals|Arsenic_resistance|Arsenic_resistance_protein|PSTB,7730.0,7226.0,6254.0
MEG_685|Multi-compound|Drug_and_biocide_resistance|Drug_and_biocide_RND_efflux_pumps|ADEH,170.0,0.0,147.0
MEG_4353|Multi-compound|Drug_and_biocide_resistance|Drug_and_biocide_RND_efflux_pumps|OQXB,0.0,124.0,0.0
MEG_2692|Metals|Multi-metal_resistance|Multi-metal_resistance_protein|DSBC,3614.0,3702.0,3119.0
MEG_6720|Drugs|betalactams|Class_A_betalactamases|TEM,0.0,14.0,0.0
MEG_7842|Multi-compound|Drug_and_biocide_resistance|Drug_and_biocide_ABC_efflux_pumps|YOGI,11611.0,12393.0,10670.0
MEG_2835|Drugs|MLS|23S_rRNA_methyltransferases|ERMG,11.0,0.0,24.0
MEG_7088|Drugs|Tetracyclines|Tetracycline_resistance_MFS_efflux_pumps|TETJ,1187.0,244.0,1038.0
MEG_4343|Multi-compound|Drug_and_biocide_resistance|Drug_and_biocide_RND_efflux_pumps|OQXB,105.0,157.0,61.0
MEG_6837|Drugs|betalactams|Class_A_betalactamases|TEM,0.0,95.0,0.0
MEG_4358|Multi-compound|Drug_and_biocide_resistance|Drug_and_biocide_RND_efflux_pumps|OQXB,0.0,102.0,0.0
MEG_6542|Biocides|Peroxide_resistance|peroxide_resistance_protein|SODA,2018.0,2024.0,1597.0
MEG_6745|Drugs|betalactams|Class_A_betalactamases|TEM,0.0,22.0,0.0
MEG_2547|Drugs|Trimethoprim|Dihydrofolate_reductase|DFRA,0.0,0.0,3.0
MEG_7136|Drugs|Tetracyclines|Tetracycline_resistance_ribosomal_protection_proteins|TETM,0.0,0.0,81.0
MEG_8231|Drugs|Lipopeptides|Colistin-resistant_mutant|LPSB,154.0,0.0,158.0
MEG_2951|Drugs|Sulfonamides|Sulfonamide-resistant_dihydropteroate_synthases|FOLP|RequiresSNPConfirmation,0.0,0.0,0.0
MEG_690|Multi-compound|Drug_and_biocide_resistance|Drug_and_biocide_RND_efflux_pumps|ADEI,57.0,0.0,19.0
MEG_6670|Drugs|betalactams|Class_A_betalactamases|TEM,0.0,57.0,0.0
MEG_5423|Metals|Multi-metal_resistance|Multi-metal_resistance_regulator|PCOE,377.0,203.0,433.0
MEG_6500|Metals|Multi-metal_resistance|Multi-metal_RND_efflux_pumps|SILB,853.0,437.0,1125.0
MEG_6779|Drugs|betalactams|Class_A_betalactamases|TEM,0.0,48.0,0.0
MEG_5817|Metals|Arsenic_resistance|Arsenic_resistance_protein|PSTS,3013.0,3076.0,2428.0
MEG_8249|Drugs|MLS|Macrolide-resistant_23S_rRNA_mutation|MLS23S|RequiresSNPConfirmation,99368.0,108282.0,101775.0
MEG_2789|Drugs|MLS|23S_rRNA_methyltransferases|ERMB,11.0,0.0,0.0
MEG_7182|Drugs|Tetracyclines|Tetracycline_resistance_ribosomal_protection_proteins|TETQ,168.0,155.0,136.0
MEG_409|Multi-compound|Drug_and_biocide_resistance|Drug_and_biocide_RND_efflux_pumps|ACRF,11069.0,11409.0,9811.0
MEG_5367|Drugs|Aminocoumarins|Aminocoumarin-resistant_DNA_topoisomerases|PARE|RequiresSNPConfirmation,0.0,0.0,0.0
MEG_2687|Metals|Multi-metal_resistance|Multi-metal_resistance_protein|DSBA,223.0,196.0,194.0
MEG_2608|Drugs|betalactams|Class_C_betalactamases|DHA,19.0,11.0,0.0
MEG_3082|Multi-compound|Drug_and_biocide_resistance|Drug_and_biocide_RND_efflux_regulator|GADW,170.0,102.0,77.0
MEG_2378|Drugs|betalactams|Class_A_betalactamases|CTX,2616.0,9817.0,7334.0
MEG_8445|Drugs|Fluoroquinolones|Fluoroquinolone-resistant_DNA_topoisomerases|PARC|RequiresSNPConfirmation,3910.0,4752.0,4164.0
MEG_6949|Drugs|betalactams|Class_A_betalactamases|TEM,0.0,50.0,0.0
MEG_6013|Drugs|Fluoroquinolones|Quinolone_resistance_protein_Qnr|QNRD,0.0,481.0,313.0
MEG_1046|Drugs|Aminoglycosides|Aminoglycoside_O-phosphotransferases|APH3-DPRIME,86.0,751.0,53.0
MEG_6773|Drugs|betalactams|Class_A_betalactamases|TEM,0.0,30.0,0.0
MEG_7301|Drugs|Elfamycins|EF-Tu_inhibition|TUFAB|RequiresSNPConfirmation,1.0,1.0,0.0
MEG_1587|Drugs|Phenicol|Chloramphenicol_acetyltransferases|CATA,169.0,0.0,72.0
MEG_2964|Drugs|Sulfonamides|Sulfonamide-resistant_dihydropteroate_synthases|FOLP|RequiresSNPConfirmation,0.0,31.0,0.0
MEG_2684|Metals|Multi-metal_resistance|Multi-metal_resistance_protein|DSBA,211.0,205.0,159.0
MEG_1593|Drugs|Phenicol|Chloramphenicol_acetyltransferases|CATA,772.0,0.0,317.0
MEG_3289|Biocides|Peroxide_resistance|Peroxide_resistance_stress_protein|IBPB,2695.0,2820.0,2294.0
MEG_1148|Metals|Multi-metal_resistance|Multi-metal_resistance_protein|ARSBM,3219.0,3288.0,2821.0
MEG_694|Multi-compound|Drug_and_biocide_resistance|Drug_and_biocide_RND_efflux_pumps|ADEK,60.0,0.0,76.0
MEG_1192|Multi-compound|Drug_and_biocide_and_metal_resistance|Drug_and_biocide_and_metal_RND_efflux_regulator|BAER,5471.0,5937.0,4715.0
MEG_6048|Metals|Multi-metal_resistance|Multi-metal_resistance_protein|RCNA,5389.0,5625.0,4769.0
MEG_410|Multi-compound|Drug_and_biocide_resistance|Drug_and_biocide_RND_efflux_pumps|ACRF,10821.0,11412.0,9585.0
MEG_2677|Metals|Multi-metal_resistance|Multi-metal_resistance_protein|DSBA,209.0,219.0,205.0
MEG_3764|Multi-compound|Drug_and_biocide_resistance|Drug_and_biocide_RND_efflux_pumps|MDTO,15029.0,14887.0,12737.0
MEG_7502|Drugs|Glycopeptides|VanC-type_regulator|VANSC,296.0,48.0,138.0
MEG_7037|Drugs|Tetracyclines|Tetracycline_resistance_MFS_efflux_pumps|TETB,0.0,456.0,0.0
MEG_3622|Biocides|Acetate_resistance|Acetate_resistance_protein|LPDT,16246.0,16325.0,14642.0
MEG_1060|Drugs|Aminoglycosides|Aminoglycoside_O-phosphotransferases|APH3-PRIME,58.0,0.0,0.0
MEG_20|Drugs|Aminoglycosides|Aminoglycoside_N-acetyltransferases|AAC3,120.0,0.0,83.0
MEG_1231|Metals|Copper_resistance|Copper_resistance_regulator|BHSA,2134.0,2377.0,1994.0
MEG_6027|Drugs|Fluoroquinolones|Quinolone_resistance_protein_Qnr|QNRS,42.0,0.0,0.0
MEG_5425|Metals|Copper_resistance|Copper_resistance_regulator|PCOS,1026.0,502.0,1218.0
MEG_6113|Drugs|Rifampin|Rifampin-resistant_beta-subunit_of_RNA_polymerase_RpoB|RPOB|RequiresSNPConfirmation,6198.0,1299.0,7602.0
MEG_5416|Metals|Copper_resistance|Copper_resistance_protein|PCOA,1126.0,673.0,1350.0
MEG_7044|Drugs|Tetracyclines|Tetracycline_resistance_MFS_efflux_pumps|TETB,0.0,858.0,0.0
MEG_1696|Drugs|betalactams|Class_A_betalactamases|CFX,0.0,16.0,24.0
MEG_3978|Drugs|MLS|Macrolide-resistant_23S_rRNA_mutation|MLS23S|RequiresSNPConfirmation,0.0,0.0,0.0
MEG_7046|Drugs|Tetracyclines|Tetracycline_resistance_MFS_efflux_pumps|TETB,0.0,726.0,0.0
MEG_6131|Drugs|Rifampin|Rifampin-resistant_beta-subunit_of_RNA_polymerase_RpoB|RPOB|RequiresSNPConfirmation,0.0,0.0,0.0
MEG_1151|Metals|Multi-metal_resistance|Multi-metal_resistance_protein|ARSBM,5648.0,1965.0,2910.0
MEG_5883|Drugs|Fluoroquinolones|Quinolone_resistance_protein_Qnr|QNRB,65.0,195.0,0.0
MEG_7853|Metals|Multi-metal_resistance|Multi-metal_resistance_protein|ZNTA,18752.0,19458.0,16992.0
MEG_5375|Drugs|Aminocoumarins|Aminocoumarin-resistant_DNA_topoisomerases|PARE|RequiresSNPConfirmation,2834.0,487.0,3608.0
MEG_6503|Metals|Multi-metal_resistance|Multi-metal_RND_efflux_pumps|SILE,317.0,205.0,444.0
MEG_2524|Drugs|Trimethoprim|Dihydrofolate_reductase|DFRA,0.0,0.0,5.0
MEG_3140|Multi-compound|Biocide_and_metal_resistance|Biocide_and_metal_resistance_protein|GLPF,816.0,846.0,613.0
MEG_3831|Drugs|Lipopeptides|Lysocin-resistant_mutant|MENA|RequiresSNPConfirmation,0.0,0.0,0.0
MEG_2457|Metals|Copper_resistance|Copper_resistance_protein|CUTE,10966.0,11552.0,10237.0
MEG_6697|Drugs|betalactams|Class_A_betalactamases|TEM,0.0,47.0,0.0
MEG_2831|Drugs|MLS|23S_rRNA_methyltransferases|ERMF,11.0,24.0,15.0
MEG_6217|Drugs|betalactams|Class_A_betalactamases|SHV,0.0,68.0,0.0
MEG_2957|Drugs|Sulfonamides|Sulfonamide-resistant_dihydropteroate_synthases|FOLP|RequiresSNPConfirmation,0.0,23.0,0.0
MEG_794|Drugs|Aminoglycosides|Aminoglycoside_O-nucleotidyltransferases|ANT3-DPRIME,31.0,0.0,0.0
MEG_682|Multi-compound|Drug_and_biocide_resistance|Drug_and_biocide_RND_efflux_pumps|ADEF,74.0,0.0,91.0
MEG_6507|Metals|Multi-metal_resistance|Multi-metal_RND_efflux_pumps|SILP,1648.0,917.0,1973.0
MEG_4177|Metals|Nickel_resistance|Nickel_ABC_efflux_regulator|NIKR,3638.0,3537.0,2783.0
MEG_3611|Drugs|MLS|Lincosamide_nucleotidyltransferases|LNUC,209.0,137.0,221.0
MEG_6141|Biocides|Multi-biocide_resistance|Multi-biocide_resistance_regulator|RPOS,8107.0,8413.0,7204.0
MEG_5353|Drugs|Fluoroquinolones|Fluoroquinolone-resistant_DNA_topoisomerases|PARC|RequiresSNPConfirmation,0.0,0.0,0.0
MEG_5332|Drugs|Fluoroquinolones|Fluoroquinolone-resistant_DNA_topoisomerases|PARC|RequiresSNPConfirmation,12.0,2.0,0.0
MEG_6916|Drugs|betalactams|Class_A_betalactamases|TEM,0.0,78.0,0.0
MEG_2844|Drugs|MLS|23S_rRNA_methyltransferases|ERMR,0.0,413.0,396.0
MEG_3761|Multi-compound|Drug_and_biocide_resistance|Drug_and_biocide_MFS_efflux_pumps|MDTM,5281.0,5220.0,4672.0
MEG_8232|Drugs|Multi-drug_resistance|Multi-drug_ABC_efflux_pumps|LPTD,1302.0,2361.0,1160.0
MEG_4073|Drugs|MLS|MLS_resistance_ABC_efflux_pumps|MSRD,0.0,46.0,59.0
MEG_6944|Drugs|betalactams|Class_A_betalactamases|TEM,0.0,96.0,0.0
MEG_2614|Drugs|Phenicol|Phenicol_resistance_MFS_efflux_pumps|DHAP,45.0,0.0,0.0
MEG_5815|Metals|Arsenic_resistance|Arsenic_resistance_protein|PSTC,8930.0,9042.0,7681.0
MEG_8634|Drugs|Lipopeptides|Colistin-resistant_mutant|PMRAR|RequiresSNPConfirmation,5484.0,5622.0,4890.0
MEG_1637|Drugs|betalactams|Class_A_betalactamases|CBLA,37.0,40.0,42.0
MEG_1277|Drugs|betalactams|Class_C_betalactamases|BLAEC,463.0,614.0,382.0
MEG_6783|Drugs|betalactams|Class_A_betalactamases|TEM,0.0,76.0,0.0
MEG_1732|Drugs|Lipopeptides|Daptomycin-resistant_mutant|CLS|RequiresSNPConfirmation,0.0,0.0,0.0
MEG_6031|Drugs|Fluoroquinolones|Quinolone_resistance_protein_Qnr|QNRS,29.0,0.0,0.0
MEG_6126|Drugs|Rifampin|Rifampin-resistant_beta-subunit_of_RNA_polymerase_RpoB|RPOB|RequiresSNPConfirmation,0.0,1.0,0.0
MEG_2447|Metals|Multi-metal_resistance|Multi-metal_RND_efflux_pumps|CUSB,9337.0,9545.0,8184.0
MEG_785|Drugs|Aminoglycosides|Aminoglycoside_O-nucleotidyltransferases|ANT3-DPRIME,22.0,29.0,0.0
MEG_2132|Multi-compound|Drug_and_biocide_resistance|Drug_and_biocide_RND_efflux_regulator|CRP,5623.0,5696.0,4778.0
MEG_678|Multi-compound|Drug_and_biocide_resistance|Drug_and_biocide_RND_efflux_pumps|ADEB,432.0,0.0,387.0
MEG_4368|Multi-compound|Drug_and_biocide_resistance|Drug_and_biocide_RND_efflux_pumps|OQXB,0.0,68.0,0.0
MEG_7862|Metals|Zinc_resistance|Zinc_resistance_regulator|ZRAR,10941.0,11203.0,9610.0
MEG_4325|Multi-compound|Drug_and_biocide_resistance|Drug_and_biocide_RND_efflux_pumps|OQXA,80.0,209.0,54.0
MEG_1057|Drugs|Aminoglycosides|Aminoglycoside_O-phosphotransferases|APH3-DPRIME,65.0,683.0,71.0
MEG_11|Drugs|Aminoglycosides|Aminoglycoside-resistant_16S_ribosomal_subunit_protein|A16S|RequiresSNPConfirmation,1.0,1.0,1.0
MEG_7111|Drugs|Tetracyclines|Tetracycline_resistance_ribosomal_protection_proteins|TETM,0.0,109.0,130.0
MEG_6147|Drugs|Aminoglycosides|Aminoglycoside-resistant_16S_ribosomal_subunit_protein|RRSH|RequiresSNPConfirmation,0.0,1.0,0.0
MEG_21|Drugs|Aminoglycosides|Aminoglycoside_N-acetyltransferases|AAC3,0.0,12.0,0.0
MEG_1229|Multi-compound|Drug_and_biocide_resistance|Drug_and_biocide_MATE_efflux_pumps|BEXA,208.0,235.0,182.0
MEG_6834|Drugs|betalactams|Class_A_betalactamases|TEM,0.0,57.0,0.0
MEG_1028|Drugs|Aminoglycosides|Aminoglycoside_O-phosphotransferases|APH3-DPRIME,164.0,0.0,74.0
MEG_7267|Biocides|Multi-biocide_resistance|Multi-biocide_RND_efflux_pump|TOLC,2991.0,3028.0,2588.0
MEG_6931|Drugs|betalactams|Class_A_betalactamases|TEM,0.0,207.0,0.0
MEG_7051|Drugs|Tetracyclines|Tetracycline_resistance_MFS_efflux_pumps|TETB,0.0,589.0,0.0
MEG_6606|Drugs|Sulfonamides|Sulfonamide-resistant_dihydropteroate_synthases|SULI,0.0,0.0,7.0
MEG_4012|Metals|Multi-metal_resistance|Multi-metal_ABC_efflux_pumps|MODC,5543.0,5761.0,4939.0
MEG_1282|Drugs|betalactams|Class_C_betalactamases|BLAEC,913.0,805.0,653.0
MEG_3586|Drugs|Lipopeptides|Daptomycin-resistant_mutant|LIAFSR|RequiresSNPConfirmation,0.0,0.0,0.0
MEG_3589|Drugs|Lipopeptides|Daptomycin-resistant_mutant|LIAFSR|RequiresSNPConfirmation,8.0,0.0,0.0
MEG_1697|Drugs|betalactams|Class_A_betalactamases|CFX,0.0,0.0,14.0
MEG_5830|Multi-compound|Drug_and_biocide_resistance|Drug_and_biocide_SMR_efflux_pumps|QACEDELTA1,4.0,8.0,4.0
MEG_7819|Biocides|Multi-biocide_resistance|Multi-biocide_resistance_regulator|YDEO,5661.0,5532.0,4841.0
MEG_6035|Drugs|Fluoroquinolones|Quinolone_resistance_protein_Qnr|QNRVC,0.0,30.0,0.0
MEG_1692|Drugs|betalactams|Class_A_betalactamases|CFX,31.0,16.0,23.0
MEG_3002|Drugs|Fosfomycin|Fosfomycin_thiol_transferases|FOSA,56.0,44.0,60.0
MEG_3835|Drugs|Multi-drug_resistance|Multi-drug_MATE_efflux_pump|MEPB,41.0,0.0,0.0
MEG_7974|Drugs|betalactams|Class_C_betalactamase_regulator|AMPCR|RequiresSNPConfirmation,1337.0,1289.0,1119.0
MEG_3977|Drugs|MLS|Macrolide-resistant_23S_rRNA_mutation|MLS23S|RequiresSNPConfirmation,4.0,5.0,2.0
MEG_4217|Metals|Multi-metal_resistance|Multi-metal_resistance_protein|NREB,153.0,0.0,139.0
MEG_6679|Drugs|betalactams|Class_A_betalactamases|TEM,0.0,35.0,0.0
MEG_2495|Drugs|Trimethoprim|Dihydrofolate_reductase|DFRA,31.0,0.0,6.0
MEG_3817|Drugs|MLS|MLS_resistance_MFS_efflux_pumps|MEFA,37.0,33.0,38.0
MEG_6809|Drugs|betalactams|Class_A_betalactamases|TEM,0.0,34.0,0.0
MEG_7360|Drugs|Glycopeptides|VanC-type_resistance_protein|VANC,82.0,0.0,0.0
MEG_7116|Drugs|Tetracyclines|Tetracycline_resistance_ribosomal_protection_proteins|TETM,0.0,0.0,244.0
MEG_6622|Drugs|Sulfonamides|Sulfonamide-resistant_dihydropteroate_synthases|SULII,88.0,26.0,22.0
MEG_7093|Drugs|Tetracyclines|Tetracycline_resistance_MFS_efflux_pumps|TETL,0.0,227.0,185.0
MEG_5394|Drugs|Fluoroquinolones|Fluoroquinolone-resistant_DNA_topoisomerases|PAREF|RequiresSNPConfirmation,31.0,33.0,35.0
MEG_2681|Metals|Multi-metal_resistance|Multi-metal_resistance_protein|DSBA,185.0,198.0,171.0
MEG_7112|Drugs|Tetracyclines|Tetracycline_resistance_ribosomal_protection_proteins|TETM,26.0,0.0,0.0
MEG_1189|Drugs|Bacitracin|Undecaprenyl_pyrophosphate_phosphatase|BACA,2947.0,2105.0,1678.0
MEG_2685|Metals|Multi-metal_resistance|Multi-metal_resistance_protein|DSBA,199.0,187.0,158.0
MEG_6826|Drugs|betalactams|Class_A_betalactamases|TEM,0.0,66.0,0.0
MEG_1651|Drugs|betalactams|Class_A_betalactamases|CEPA,20.0,14.0,0.0
MEG_684|Multi-compound|Drug_and_biocide_resistance|Drug_and_biocide_RND_efflux_pumps|ADEG,450.0,0.0,450.0
MEG_3642|Drugs|MLS|MLS_resistance_ABC_efflux_pumps|LSA,0.0,0.0,72.0
MEG_7884|Multi-compound|Drug_and_biocide_resistance|Drug_and_biocide_RND_efflux_regulator|ACRR|RequiresSNPConfirmation,101.0,148.0,67.0
MEG_3212|Drugs|Fluoroquinolones|Fluoroquinolone-resistant_DNA_topoisomerases|GYRA|RequiresSNPConfirmation,0.0,0.0,0.0
MEG_2736|Multi-compound|Drug_and_biocide_resistance|Drug_and_biocide_MFS_efflux_pumps|EMRY,5759.0,6072.0,5445.0
MEG_2458|Metals|Copper_resistance|Copper_resistance_protein|CUTF,5515.0,5398.0,5168.0
MEG_2619|Drugs|Trimethoprim|Dihydrofolate_reductase|DHFR|RequiresSNPConfirmation,0.0,13.0,0.0
MEG_2451|Metals|Multi-metal_resistance|Multi-metal_RND_efflux_pumps|CUSF,2785.0,2854.0,2624.0
MEG_5780|Drugs|Lipopeptides|Daptomycin-resistant_mutant|PGSA|RequiresSNPConfirmation,0.0,0.0,0.0
MEG_2529|Drugs|Trimethoprim|Dihydrofolate_reductase|DFRA,44.0,0.0,0.0
MEG_2446|Metals|Multi-metal_resistance|Multi-metal_RND_efflux_pumps|CUSA,22499.0,24501.0,20493.0
MEG_1693|Drugs|betalactams|Class_A_betalactamases|CFX,29.0,21.0,36.0
MEG_1567|Drugs|Phenicol|Chloramphenicol_acetyltransferases|CATA,29.0,0.0,0.0
MEG_7016|Drugs|Tetracyclines|Tetracycline_resistance_MFS_efflux_pumps|TETA,89.0,70.0,28.0
MEG_1162|Metals|Multi-metal_resistance|Multi-metal_resistance_protein|ARSCM,1377.0,230.0,693.0
MEG_925|Drugs|Aminoglycosides|Aminoglycoside_O-nucleotidyltransferases|ANT3-DPRIME,0.0,37.0,0.0
MEG_7134|Drugs|Tetracyclines|Tetracycline_resistance_ribosomal_protection_proteins|TETM,0.0,0.0,48.0
MEG_6964|Drugs|Tetracyclines|Tetracycline-resistant_16S_ribosomal_subunit_protein|TET16S|RequiresSNPConfirmation,0.0,0.0,0.0
MEG_7330|Drugs|Fosfomycin|Fosfomycin_target_mutation|UHPT|RequiresSNPConfirmation,27.0,2.0,11.0
MEG_7087|Drugs|Tetracyclines|Tetracycline_resistance_MFS_efflux_pumps|TETJ,543.0,0.0,1207.0
MEG_4126|Metals|Nickel_resistance|Nickel_MFS_efflux_pumps|NCRCN,157.0,388.0,160.0
MEG_2646|Drugs|Trimethoprim|Dihydrofolate_reductase|DHFR|RequiresSNPConfirmation,75.0,0.0,16.0
MEG_6637|Drugs|Sulfonamides|Sulfonamide-resistant_dihydropteroate_synthases|SULII,97.0,34.0,41.0
MEG_4174|Metals|Nickel_resistance|Nickel_ABC_efflux_pumps|NIKE,1395.0,1528.0,1207.0
MEG_8100|Drugs|Fusidic_acid|Fusidic_acid-resistant_mutation|FUSA|RequiresSNPConfirmation,1945.0,0.0,0.0
MEG_7119|Drugs|Tetracyclines|Tetracycline_resistance_ribosomal_protection_proteins|TETM,0.0,0.0,54.0
MEG_7179|Drugs|Tetracyclines|Tetracycline_resistance_ribosomal_protection_proteins|TETQ,56.0,0.0,89.0
MEG_7811|Metals|Iron_resistance|Iron_resistance_protein|YBTP,3523.0,2148.0,9291.0
MEG_2675|Metals|Multi-metal_resistance|Multi-metal_resistance_protein|DSBA,205.0,198.0,177.0
MEG_6863|Drugs|betalactams|Class_A_betalactamases|TEM,0.0,33.0,0.0
MEG_3755|Multi-compound|Drug_and_biocide_resistance|Drug_and_biocide_MFS_efflux_pumps|MDTH,8269.0,8592.0,7199.0
MEG_2500|Drugs|Trimethoprim|Dihydrofolate_reductase|DFRA,37.0,0.0,22.0
MEG_7836|Multi-compound|Biocide_and_metal_resistance|Biocide_and_metal_resistance_protein|YJAA,1897.0,1290.0,2509.0
MEG_5882|Drugs|Fluoroquinolones|Quinolone_resistance_protein_Qnr|QNRB,20.0,106.0,0.0
MEG_1992|Drugs|betalactams|Class_C_betalactamases|CMY,58.0,32.0,69.0
MEG_7123|Drugs|Tetracyclines|Tetracycline_resistance_ribosomal_protection_proteins|TETM,0.0,143.0,0.0
MEG_6552|Multi-compound|Drug_and_biocide_and_metal_resistance|Drug_and_biocide_and_metal_resistance_regulator|SOXS|RequiresSNPConfirmation,0.0,0.0,0.0
MEG_3|Drugs|Aminoglycosides|Aminoglycoside-resistant_16S_ribosomal_subunit_protein|A16S|RequiresSNPConfirmation,3.0,3.0,4.0
MEG_7303|Drugs|Elfamycins|EF-Tu_inhibition|TUFAB|RequiresSNPConfirmation,3201.0,2002.0,3276.0
MEG_7333|Drugs|Glycopeptides|VanA-type_resistance_protein|VAN|RequiresSNPConfirmation,22.0,0.0,15.0
MEG_6508|Metals|Multi-metal_resistance|Multi-metal_RND_efflux_regulator|SILR,0.0,48.0,110.0
MEG_7043|Drugs|Tetracyclines|Tetracycline_resistance_MFS_efflux_pumps|TETB,0.0,801.0,0.0
MEG_6922|Drugs|betalactams|Class_A_betalactamases|TEM,0.0,186.0,0.0
MEG_767|Drugs|Aminoglycosides|Aminoglycoside_O-nucleotidyltransferases|ANT3-DPRIME,0.0,39.0,0.0
MEG_7833|Multi-compound|Biocide_and_metal_resistance|Biocide_and_metal_resistance_protein|YHCN,2277.0,2396.0,2101.0
MEG_687|Multi-compound|Drug_and_biocide_resistance|Drug_and_biocide_RND_efflux_pumps|ADEI,43.0,0.0,41.0
MEG_7024|Drugs|Tetracyclines|Tetracycline_resistance_MFS_efflux_pumps|TETA,238.0,140.0,53.0
MEG_6928|Drugs|betalactams|Class_A_betalactamases|TEM,0.0,248.0,0.0
MEG_3765|Multi-compound|Drug_and_biocide_resistance|Drug_and_biocide_RND_efflux_pumps|MDTP,12335.0,12740.0,10673.0
MEG_6166|Drugs|Nucleosides|Streptothricin_acetyltransferase|SAT,0.0,13.0,27.0
MEG_4005|Metals|Multi-metal_resistance|Multi-metal_ABC_efflux_pumps|MODB,1320.0,1185.0,999.0
MEG_6139|Drugs|Lipopeptides|Daptomycin-resistant_beta-subunit_of_RNA_polymerase_RpoC|RPOCL|RequiresSNPConfirmation,0.0,0.0,0.0
MEG_1119|Drugs|Multi-drug_resistance|MDR_regulator|ARLS,29.0,0.0,0.0
MEG_3610|Drugs|MLS|Lincosamide_nucleotidyltransferases|LNUC,0.0,0.0,69.0
MEG_4324|Multi-compound|Drug_and_biocide_resistance|Drug_and_biocide_RND_efflux_pumps|OQXA,44.0,80.0,34.0
MEG_84|Drugs|Aminoglycosides|Aminoglycoside_N-acetyltransferases|AAC6-PRIME,6.0,0.0,5.0
MEG_6883|Drugs|betalactams|Class_A_betalactamases|TEM,45.0,0.0,0.0
MEG_7184|Drugs|Tetracyclines|Tetracycline_resistance_ribosomal_protection_proteins|TETQ,136.0,112.0,183.0
MEG_6632|Drugs|Sulfonamides|Sulfonamide-resistant_dihydropteroate_synthases|SULII,98.0,55.0,48.0
MEG_6624|Drugs|Sulfonamides|Sulfonamide-resistant_dihydropteroate_synthases|SULII,98.0,41.0,21.0
MEG_4170|Metals|Nickel_resistance|Nickel_ABC_efflux_pumps|NIKC,7627.0,7683.0,6420.0
MEG_4334|Multi-compound|Drug_and_biocide_resistance|Drug_and_biocide_RND_efflux_pumps|OQXA,55.0,155.0,41.0
MEG_803|Drugs|Aminoglycosides|Aminoglycoside_O-nucleotidyltransferases|ANT3-DPRIME,24.0,0.0,0.0
MEG_6100|Drugs|Rifampin|Rifampin-resistant_beta-subunit_of_RNA_polymerase_RpoB|RPOB|RequiresSNPConfirmation,0.0,0.0,0.0
MEG_998|Drugs|Aminoglycosides|Aminoglycoside_O-nucleotidyltransferases|ANT6,0.0,0.0,32.0
MEG_5786|Multi-compound|Drug_and_biocide_resistance|Drug_and_biocide_SMR_efflux_regulator|PHOR,2890.0,3613.0,2431.0
MEG_5418|Metals|Copper_resistance|Copper_resistance_protein|PCOB,589.0,374.0,656.0
MEG_2115|Multi-compound|Drug_and_biocide_resistance|Drug_and_biocide_RND_efflux_regulator|CPXAR,1012.0,1908.0,1007.0
MEG_7131|Drugs|Tetracyclines|Tetracycline_resistance_ribosomal_protection_proteins|TETM,26.0,164.0,90.0
MEG_3295|Drugs|Mupirocin|Mupirocin-resistant_isoleucyl-tRNA_synthetase|ILES,2581.0,3594.0,2138.0
MEG_3759|Multi-compound|Drug_and_biocide_resistance|Drug_and_biocide_MATE_efflux_pumps|MDTK,5122.0,5673.0,4748.0
MEG_1040|Drugs|Aminoglycosides|Aminoglycoside_O-phosphotransferases|APH3-DPRIME,0.0,12.0,24.0
MEG_6146|Drugs|Aminoglycosides|Aminoglycoside-resistant_16S_ribosomal_subunit_protein|RRSC|RequiresSNPConfirmation,23.0,7.0,7.0
MEG_2633|Drugs|Trimethoprim|Dihydrofolate_reductase|DHFR|RequiresSNPConfirmation,0.0,0.0,7.0
MEG_1086|Drugs|Aminoglycosides|Aminoglycoside_O-phosphotransferases|APH6,143.0,1671.0,69.0
MEG_2116|Multi-compound|Drug_and_biocide_resistance|Drug_and_biocide_RND_efflux_regulator|CPXAR,466.0,865.0,446.0
MEG_6699|Drugs|betalactams|Class_A_betalactamases|TEM,0.0,20.0,0.0
MEG_7138|Drugs|Tetracyclines|Tetracycline_resistance_ribosomal_protection_proteins|TETM,0.0,0.0,86.0
MEG_6691|Drugs|betalactams|Class_A_betalactamases|TEM,41.0,0.0,0.0
MEG_6669|Drugs|betalactams|Class_A_betalactamases|TEM,0.0,69.0,0.0
MEG_4204|Biocides|Paraquat_resistance|Paraquat_resistance_protein|NMPC,0.0,0.0,319.0
MEG_8037|Drugs|Aminoglycosides|Aminoglycoside_efflux_pumps|CRCB,98.0,11.0,104.0
MEG_3644|Drugs|MLS|MLS_resistance_ABC_efflux_pumps|LSA,0.0,134.0,350.0
MEG_4339|Multi-compound|Drug_and_biocide_resistance|Drug_and_biocide_RND_efflux_pumps|OQXB,0.0,83.0,0.0
MEG_784|Drugs|Aminoglycosides|Aminoglycoside_O-nucleotidyltransferases|ANT3-DPRIME,45.0,0.0,0.0
MEG_1278|Drugs|betalactams|Class_C_betalactamases|BLAEC,826.0,494.0,479.0
MEG_4330|Multi-compound|Drug_and_biocide_resistance|Drug_and_biocide_RND_efflux_pumps|OQXA,64.0,174.0,53.0
MEG_1636|Drugs|betalactams|Class_A_betalactamases|CBLA,59.0,97.0,66.0
MEG_2528|Drugs|Trimethoprim|Dihydrofolate_reductase|DFRA,42.0,0.0,0.0
MEG_1182|Biocides|Acid_resistance|Acid_resistance_protein|ASR,715.0,780.0,586.0
MEG_6711|Drugs|betalactams|Class_A_betalactamases|TEM,0.0,37.0,0.0
MEG_7264|Biocides|Multi-biocide_resistance|Multi-biocide_RND_efflux_pump|TOLC,3274.0,3205.0,2871.0
MEG_697|Multi-compound|Drug_and_biocide_resistance|Drug_and_biocide_RND_efflux_pumps|ADEK,43.0,0.0,0.0
MEG_5365|Drugs|Aminocoumarins|Aminocoumarin-resistant_DNA_topoisomerases|PARE|RequiresSNPConfirmation,0.0,0.0,0.0
MEG_2578|Drugs|Trimethoprim|Dihydrofolate_reductase|DFRF,0.0,0.0,13.0
MEG_6904|Drugs|betalactams|Class_A_betalactamases|TEM,31.0,0.0,0.0
MEG_5368|Drugs|Aminocoumarins|Aminocoumarin-resistant_DNA_topoisomerases|PARE|RequiresSNPConfirmation,0.0,0.0,0.0
MEG_964|Drugs|Aminoglycosides|Aminoglycoside_O-nucleotidyltransferases|ANT3-DPRIME,0.0,21.0,0.0
MEG_8289|Drugs|Multi-drug_resistance|MDR_mutant_porin_proteins|OMPK|RequiresSNPConfirmation,478.0,959.0,377.0
MEG_7859|Metals|Zinc_resistance|Zinc_resistance_protein|ZNUC,5231.0,5401.0,4584.0
MEG_7142|Drugs|Tetracyclines|Tetracycline_resistance_ribosomal_protection_proteins|TETM,67.0,60.0,101.0
MEG_3896|Metals|Mercury_resistance|Mercury_resistance_protein|MERT,32.0,38.0,59.0
MEG_7196|Drugs|Tetracyclines|Tetracycline_resistance_MFS_efflux_regulator|TETRM|RequiresSNPConfirmation,4.0,1142.0,8.0
MEG_6907|Drugs|betalactams|Class_A_betalactamases|TEM,39.0,0.0,0.0
MEG_6049|Metals|Multi-metal_resistance|Multi-metal_resistance_protein|RCNB,2327.0,2454.0,2239.0
MEG_8447|Drugs|Fluoroquinolones|Fluoroquinolone-resistant_DNA_topoisomerases|PARC|RequiresSNPConfirmation,160.0,194.0,136.0
MEG_1566|Drugs|Phenicol|Chloramphenicol_acetyltransferases|CATA,16.0,14.0,17.0
MEG_2897|Metals|Multi-metal_resistance|Multi-metal_ABC_efflux_pumps|FECE,715.0,2248.0,955.0
MEG_3187|Drugs|Fluoroquinolones|Fluoroquinolone-resistant_DNA_topoisomerases|GYRA|RequiresSNPConfirmation,19.0,1.0,6.0
MEG_699|Multi-compound|Drug_and_biocide_resistance|Drug_and_biocide_RND_efflux_regulator|ADEL,36.0,0.0,0.0
MEG_2691|Metals|Multi-metal_resistance|Multi-metal_resistance_protein|DSBC,2071.0,2154.0,1737.0
MEG_7499|Drugs|Glycopeptides|VanC-type_regulator|VANSC,977.0,156.0,462.0
MEG_8446|Drugs|Fluoroquinolones|Fluoroquinolone-resistant_DNA_topoisomerases|PARC|RequiresSNPConfirmation,0.0,0.0,89.0
MEG_3245|Drugs|Aminocoumarins|Aminocoumarin-resistant_DNA_topoisomerases|GYRBA|RequiresSNPConfirmation,0.0,0.0,0.0
MEG_6793|Drugs|betalactams|Class_A_betalactamases|TEM,0.0,35.0,0.0
MEG_407|Multi-compound|Drug_and_biocide_and_metal_resistance|Drug_and_biocide_and_metal_RND_efflux_pumps|ACRD,9534.0,10056.0,8579.0
MEG_3893|Metals|Mercury_resistance|Mercury_resistance_protein|MERT,64.0,51.0,0.0
MEG_3208|Drugs|Fluoroquinolones|Fluoroquinolone-resistant_DNA_topoisomerases|GYRA|RequiresSNPConfirmation,0.0,0.0,0.0
MEG_2020|Metals|Copper_resistance|Copper_resistance_protein|COPA,13238.0,14287.0,11984.0
MEG_6633|Drugs|Sulfonamides|Sulfonamide-resistant_dihydropteroate_synthases|SULII,88.0,41.0,24.0
MEG_2093|Metals|Multi-metal_resistance|Multi-metal_resistance_protein|CORD,1262.0,1167.0,1143.0
MEG_5422|Metals|Copper_resistance|Copper_resistance_protein|PCOD,528.0,346.0,664.0
MEG_994|Drugs|Aminoglycosides|Aminoglycoside_O-nucleotidyltransferases|ANT6,0.0,9.0,29.0
MEG_2087|Metals|Multi-metal_resistance|Multi-metal_resistance_protein|CORA,4374.0,4078.0,3693.0
MEG_1694|Drugs|betalactams|Class_A_betalactamases|CFX,20.0,10.0,27.0
MEG_2085|Metals|Multi-metal_resistance|Multi-metal_resistance_protein|CORA,2451.0,2180.0,2153.0
MEG_303|Drugs|Aminoglycosides|Aminoglycoside_N-acetyltransferases|AAC6-PRIME,10.0,0.0,0.0
MEG_8233|Drugs|Multi-drug_resistance|Multi-drug_ABC_efflux_pumps|LSAD,0.0,0.0,235.0
MEG_6806|Drugs|betalactams|Class_A_betalactamases|TEM,0.0,48.0,0.0
MEG_1568|Drugs|Phenicol|Chloramphenicol_acetyltransferases|CATA,159.0,72.0,0.0
MEG_6621|Drugs|Sulfonamides|Sulfonamide-resistant_dihydropteroate_synthases|SULII,92.0,19.0,40.0
MEG_973|Drugs|Aminoglycosides|Aminoglycoside_O-nucleotidyltransferases|ANT3-DPRIME,16.0,0.0,0.0
MEG_1210|Multi-compound|Drug_and_biocide_resistance|Drug_and_biocide_MFS_efflux_pumps|BCR,4522.0,4688.0,4101.0
MEG_4173|Metals|Nickel_resistance|Nickel_ABC_efflux_pumps|NIKE,5787.0,5781.0,4633.0
MEG_1016|Drugs|Aminoglycosides|Aminoglycoside_O-phosphotransferases|APH2-DPRIME,0.0,10.0,33.0
MEG_4128|Metals|Nickel_resistance|Nickel_MFS_efflux_regulator|NCRYN,72.0,203.0,57.0
MEG_6576|Biocides|Multi-biocide_resistance|Multi-biocide_SMR_efflux_pump|SUGE,631.0,582.0,522.0
MEG_1731|Drugs|Lipopeptides|Daptomycin-resistant_mutant|CLS|RequiresSNPConfirmation,0.0,0.0,0.0
MEG_2942|Drugs|Sulfonamides|Sulfonamide-resistant_dihydropteroate_synthases|FOLP|RequiresSNPConfirmation,0.0,96.0,352.0
MEG_4029|Drugs|MLS|Macrolide_phosphotransferases|MPHA,62.0,41.0,0.0
MEG_1000|Drugs|Aminoglycosides|Aminoglycoside_O-nucleotidyltransferases|ANT6,29.0,0.0,33.0
MEG_7883|Multi-compound|Drug_and_biocide_resistance|Drug_and_biocide_RND_efflux_pumps|ACRB|RequiresSNPConfirmation,1236.0,1659.0,1268.0
MEG_6638|Drugs|Sulfonamides|Sulfonamide-resistant_dihydropteroate_synthases|SULII,87.0,41.0,38.0
MEG_8088|Drugs|Fosfomycin|Fosfomycin_thiol_transferases|FOSA,0.0,27.0,0.0
MEG_6835|Drugs|betalactams|Class_A_betalactamases|TEM,0.0,22.0,0.0
MEG_2961|Drugs|Sulfonamides|Sulfonamide-resistant_dihydropteroate_synthases|FOLP|RequiresSNPConfirmation,0.0,0.0,0.0
MEG_6130|Drugs|Rifampin|Rifampin-resistant_beta-subunit_of_RNA_polymerase_RpoB|RPOB|RequiresSNPConfirmation,0.0,0.0,0.0
MEG_7806|Drugs|Lipopeptides|Daptomycin-resistant_mutant|WALK|RequiresSNPConfirmation,0.0,0.0,0.0
MEG_2044|Metals|Copper_resistance|Copper_resistance_protein|COPC,0.0,4.0,0.0
MEG_6058|Drugs|MLS|23S_rRNA_methyltransferases|RLMH,34.0,0.0,0.0
MEG_7109|Drugs|Tetracyclines|Tetracycline_resistance_ribosomal_protection_proteins|TETM,0.0,0.0,141.0
MEG_6099|Drugs|Rifampin|Rifampin-resistant_beta-subunit_of_RNA_polymerase_RpoB|RPOB|RequiresSNPConfirmation,0.0,2.0,0.0
MEG_2694|Drugs|Multi-drug_resistance|Multi-drug_ABC_efflux_pumps|EATAV|RequiresSNPConfirmation,4.0,0.0,5.0
MEG_2994|Drugs|Fosfomycin|Fosfomycin_thiol_transferases|FOSA,0.0,0.0,10.0
MEG_6912|Drugs|betalactams|Class_A_betalactamases|TEM,0.0,99.0,0.0
MEG_702|Multi-compound|Drug_and_biocide_resistance|Drug_and_biocide_RND_efflux_regulator|ADEN,51.0,0.0,20.0
MEG_2496|Drugs|Trimethoprim|Dihydrofolate_reductase|DFRA,40.0,0.0,9.0
MEG_6582|Drugs|Sulfonamides|Sulfonamide-resistant_dihydropteroate_synthases|SULI,81.0,27.0,27.0
MEG_7047|Drugs|Tetracyclines|Tetracycline_resistance_MFS_efflux_pumps|TETB,0.0,649.0,0.0
MEG_7129|Drugs|Tetracyclines|Tetracycline_resistance_ribosomal_protection_proteins|TETM,0.0,631.0,545.0
MEG_1281|Drugs|betalactams|Class_C_betalactamases|BLAEC,744.0,467.0,473.0
MEG_6813|Drugs|betalactams|Class_A_betalactamases|TEM,0.0,30.0,0.0
MEG_6017|Drugs|Fluoroquinolones|Quinolone_resistance_protein_Qnr|QNRS,28.0,0.0,0.0
MEG_6726|Drugs|betalactams|Class_A_betalactamases|TEM,0.0,73.0,0.0
MEG_370|Drugs|Fosfomycin|Fosfomycin_MFS_efflux_pump|ABAQ,191.0,0.0,175.0
MEG_6030|Drugs|Fluoroquinolones|Quinolone_resistance_protein_Qnr|QNRS,27.0,0.0,0.0
MEG_6167|Drugs|Nucleosides|Streptothricin_acetyltransferase|SAT,73.0,0.0,37.0
MEG_7363|Drugs|Glycopeptides|VanC-type_resistance_protein|VANC,108.0,0.0,0.0
MEG_6836|Drugs|betalactams|Class_A_betalactamases|TEM,0.0,31.0,0.0
MEG_5348|Drugs|Fluoroquinolones|Fluoroquinolone-resistant_DNA_topoisomerases|PARC|RequiresSNPConfirmation,2.0,0.0,2.0
MEG_1058|Drugs|Aminoglycosides|Aminoglycoside_O-phosphotransferases|APH3-DPRIME,31.0,397.0,0.0
MEG_7105|Drugs|Tetracyclines|Tetracycline_resistance_ribosomal_protection_proteins|TETM,0.0,0.0,79.0
MEG_6742|Drugs|betalactams|Class_A_betalactamases|TEM,0.0,52.0,0.0
MEG_7026|Drugs|Tetracyclines|Tetracycline_resistance_MFS_efflux_pumps|TETA,65.0,34.0,0.0
MEG_1247|Drugs|betalactams|Class_A_betalactamases|BLAA,165.0,0.0,143.0
MEG_3460|Multi-compound|Drug_and_biocide_resistance|Drug_and_biocide_MFS_efflux_pumps|KMRA,923.0,1679.0,780.0
MEG_2448|Metals|Multi-metal_resistance|Multi-metal_RND_efflux_pumps|CUSC,6513.0,6859.0,5631.0
MEG_7121|Drugs|Tetracyclines|Tetracycline_resistance_ribosomal_protection_proteins|TETM,79.0,58.0,89.0
MEG_8461|Drugs|betalactams|Penicillin_binding_protein|PBP5|RequiresSNPConfirmation,143.0,0.0,0.0
MEG_1652|Biocides|Biguanide_resistance|Biguanide_cation_efflux|CEPAB,668.0,1156.0,604.0
MEG_2092|Metals|Multi-metal_resistance|Multi-metal_resistance_protein|CORD,1663.0,1628.0,1536.0
MEG_4002|Metals|Multi-metal_resistance|Multi-metal_ABC_efflux_pumps|MODA,6485.0,6780.0,6018.0
MEG_6875|Drugs|betalactams|Class_A_betalactamases|TEM,1241.0,4456.0,642.0
MEG_7813|Multi-compound|Biocide_and_metal_resistance|Biocide_and_metal_resistance_protein|YCHH,2412.0,2477.0,2184.0
MEG_2730|Multi-compound|Drug_and_biocide_resistance|Drug_and_biocide_MFS_efflux_pumps|EMRD,4517.0,4585.0,3773.0
MEG_729|Drugs|betalactams|Penicillin_binding_protein|AMPH,8058.0,8360.0,7403.0
MEG_4331|Multi-compound|Drug_and_biocide_resistance|Drug_and_biocide_RND_efflux_pumps|OQXA,82.0,161.0,45.0
MEG_6740|Drugs|betalactams|Class_A_betalactamases|TEM,0.0,50.0,0.0
MEG_3448|Drugs|Aminoglycosides|Aminoglycoside_efflux_pumps|KDPE,6062.0,6632.0,5833.0
MEG_85|Drugs|Aminoglycosides|Aminoglycoside_N-acetyltransferases|AAC6-PRIME,7.0,0.0,0.0
MEG_6831|Drugs|betalactams|Class_A_betalactamases|TEM,0.0,72.0,0.0
MEG_6873|Drugs|betalactams|Class_A_betalactamases|TEM,0.0,125.0,0.0
MEG_6543|Biocides|Peroxide_resistance|peroxide_resistance_protein|SODA,547.0,515.0,462.0
MEG_7041|Drugs|Tetracyclines|Tetracycline_resistance_MFS_efflux_pumps|TETB,0.0,909.0,0.0
MEG_2525|Drugs|Trimethoprim|Dihydrofolate_reductase|DFRA,0.0,7.0,0.0
MEG_2704|Multi-compound|Drug_and_biocide_resistance|Drug_and_biocide_MFS_efflux_pumps|EFMA,136.0,0.0,69.0
MEG_3868|Metals|Mercury_resistance|Mercury_resistance_protein|MERE,72.0,9.0,15.0
MEG_4179|Drugs|Metronidazole|nim_nitroimidazole_reductase|NIMA,0.0,0.0,17.0
MEG_402|Multi-compound|Drug_and_biocide_resistance|Drug_and_biocide_RND_efflux_pumps|ACRB,0.0,0.0,76.0
MEG_5350|Drugs|Fluoroquinolones|Fluoroquinolone-resistant_DNA_topoisomerases|PARC|RequiresSNPConfirmation,0.0,0.0,0.0
MEG_1095|Drugs|Aminoglycosides|Aminoglycoside_O-phosphotransferases|APH6,83.0,967.0,77.0
MEG_6932|Drugs|betalactams|Class_A_betalactamases|TEM,0.0,191.0,0.0
MEG_2868|Multi-compound|Drug_and_biocide_resistance|Drug_and_biocide_MFS_efflux_regulator|EVGS,1049.0,837.0,980.0
MEG_7868|Metals|Zinc_resistance|Zinc_resistance_regulator|ZUR,1480.0,1515.0,1228.0
MEG_3832|Multi-compound|Drug_and_biocide_resistance|Drug_and_biocide_MATE_efflux_pumps|MEPA,27.0,0.0,0.0
MEG_5409|Drugs|betalactams|Penicillin_binding_protein|PBP4B,8927.0,9592.0,8284.0
MEG_7146|Drugs|Tetracyclines|Tetracycline_resistance_ribosomal_protection_proteins|TETM,0.0,62.0,109.0
MEG_6782|Drugs|betalactams|Class_A_betalactamases|TEM,0.0,29.0,0.0
MEG_6510|Metals|Multi-metal_resistance|Multi-metal_RND_efflux_regulator|SILS,272.0,0.0,420.0
MEG_6121|Drugs|Rifampin|Rifampin-resistant_beta-subunit_of_RNA_polymerase_RpoB|RPOB|RequiresSNPConfirmation,0.0,0.0,0.0
MEG_1153|Metals|Multi-metal_resistance|Multi-metal_resistance_protein|ARSBM,3307.0,2993.0,2980.0
MEG_401|Multi-compound|Drug_and_biocide_resistance|Drug_and_biocide_RND_efflux_pumps|ACRB,22450.0,23123.0,20153.0
MEG_7144|Drugs|Tetracyclines|Tetracycline_resistance_ribosomal_protection_proteins|TETM,0.0,0.0,102.0
MEG_7831|Multi-compound|Biocide_and_metal_resistance|Biocide_and_metal_resistance_protein|YGIW,3316.0,3728.0,3163.0
MEG_4333|Multi-compound|Drug_and_biocide_resistance|Drug_and_biocide_RND_efflux_pumps|OQXA,53.0,82.0,93.0
MEG_6895|Drugs|betalactams|Class_A_betalactamases|TEM,0.0,106.0,0.0
MEG_6093|Drugs|Rifampin|Rifampin-resistant_beta-subunit_of_RNA_polymerase_RpoB|RPOB|RequiresSNPConfirmation,879.0,0.0,662.0
MEG_139|Drugs|Aminoglycosides|Aminoglycoside_N-acetyltransferases|AAC6-PRIME,0.0,8.0,0.0
MEG_6097|Drugs|Rifampin|Rifampin-resistant_beta-subunit_of_RNA_polymerase_RpoB|RPOB|RequiresSNPConfirmation,0.0,0.0,0.0
MEG_44|Drugs|Aminoglycosides|Aminoglycoside_N-acetyltransferases|AAC3,257.0,0.0,116.0
MEG_1283|Drugs|betalactams|Class_C_betalactamases|BLAEC,625.0,417.0,404.0
MEG_1087|Drugs|Aminoglycosides|Aminoglycoside_O-phosphotransferases|APH6,73.0,690.0,52.0
MEG_2|Drugs|Aminoglycosides|Aminoglycoside-resistant_16S_ribosomal_subunit_protein|A16S|RequiresSNPConfirmation,2.0,2.0,0.0
MEG_3857|Metals|Mercury_resistance|Mercury_resistance_protein|MERC,116.0,33.0,51.0
MEG_1055|Drugs|Aminoglycosides|Aminoglycoside_O-phosphotransferases|APH3-DPRIME,42.0,513.0,25.0
MEG_6950|Drugs|betalactams|Class_A_betalactamases|TEM,0.0,97.0,0.0
MEG_3620|Drugs|MLS|Lincosamide_nucleotidyltransferases|LNUG,0.0,3243.0,0.0
MEG_4329|Multi-compound|Drug_and_biocide_resistance|Drug_and_biocide_RND_efflux_pumps|OQXA,65.0,92.0,30.0
MEG_3200|Drugs|Fluoroquinolones|Fluoroquinolone-resistant_DNA_topoisomerases|GYRA|RequiresSNPConfirmation,0.0,0.0,0.0
MEG_3144|Drugs|Fosfomycin|Fosfomycin_target_mutation|GLPT|RequiresSNPConfirmation,738.0,652.0,252.0
MEG_6867|Drugs|betalactams|Class_A_betalactamases|TEM,1170.0,3581.0,539.0
MEG_691|Multi-compound|Drug_and_biocide_resistance|Drug_and_biocide_RND_efflux_pumps|ADEI,0.0,0.0,28.0
MEG_1003|Drugs|Aminoglycosides|Aminoglycoside_O-nucleotidyltransferases|ANT9,16.0,20.0,43.0
MEG_7103|Drugs|Tetracyclines|Tetracycline_resistance_ribosomal_protection_proteins|TETM,0.0,0.0,79.0
MEG_2086|Metals|Multi-metal_resistance|Multi-metal_resistance_protein|CORA,1447.0,1381.0,1297.0
MEG_2722|Multi-compound|Drug_and_biocide_resistance|Drug_and_biocide_MFS_efflux_pumps|EMRA,6024.0,6122.0,5325.0
MEG_8659|Drugs|Multi-drug_resistance|Multi-drug_RND_efflux_regulator|RAMR|RequiresSNPConfirmation,125.0,201.0,77.0
MEG_3763|Multi-compound|Drug_and_biocide_resistance|Drug_and_biocide_RND_efflux_pumps|MDTN,9005.0,9074.0,7982.0
MEG_6751|Drugs|betalactams|Class_A_betalactamases|TEM,0.0,20.0,0.0
MEG_364|Drugs|Aminoglycosides|Aminoglycoside_N-acetyltransferases|AAC6-PRIME,0.0,0.0,58.0
MEG_949|Drugs|Aminoglycosides|Aminoglycoside_O-nucleotidyltransferases|ANT3-DPRIME,171.0,125.0,0.0
MEG_1171|Metals|Arsenic_resistance|Arsenic_resistance_regulator|ARSR,0.0,0.0,104.0
MEG_8711|Drugs|betalactams|Class_A_betalactamases|TEM,0.0,25.0,0.0
MEG_3643|Drugs|MLS|MLS_resistance_ABC_efflux_pumps|LSA,0.0,0.0,78.0
MEG_41|Drugs|Aminoglycosides|Aminoglycoside_N-acetyltransferases|AAC3,144.0,0.0,53.0
MEG_3836|Multi-compound|Drug_and_biocide_resistance|Drug_and_biocide_MATE_efflux_regulator|MEPR,45.0,0.0,0.0
MEG_2435|Drugs|betalactams|Class_A_betalactamases|CTX,4068.0,18704.0,11622.0
MEG_1284|Drugs|betalactams|Class_C_betalactamases|BLAEC,170.0,155.0,0.0
MEG_7265|Biocides|Multi-biocide_resistance|Multi-biocide_RND_efflux_pump|TOLC,165.0,204.0,167.0
MEG_6140|Biocides|Multi-biocide_resistance|Multi-biocide_resistance_regulator|RPOS,832.0,824.0,780.0
MEG_5374|Drugs|Aminocoumarins|Aminocoumarin-resistant_DNA_topoisomerases|PARE|RequiresSNPConfirmation,0.0,0.0,0.0
MEG_1085|Drugs|Aminoglycosides|Aminoglycoside_O-phosphotransferases|APH6,112.0,1161.0,78.0
MEG_6014|Drugs|Fluoroquinolones|Quinolone_resistance_protein_Qnr|QNRD,0.0,138.0,91.0
MEG_1143|Metals|Multi-metal_resistance|Multi-metal_resistance_protein|ARSA,5192.0,493.0,2164.0
MEG_7864|Metals|Multi-metal_resistance|Multi-metal_resistance_regulator|ZRAS,8001.0,8552.0,7165.0
MEG_3516|Multi-compound|Drug_and_biocide_resistance|Drug_and_biocide_SMR_efflux_pumps|KPNO,3927.0,4227.0,2922.0
MEG_7042|Drugs|Tetracyclines|Tetracycline_resistance_MFS_efflux_pumps|TETB,0.0,1275.0,0.0
MEG_890|Drugs|Aminoglycosides|Aminoglycoside_O-nucleotidyltransferases|ANT3-DPRIME,47.0,0.0,0.0
MEG_2455|Metals|Copper_resistance|Copper_resistance_protein|CUTC,2029.0,2156.0,1793.0
MEG_1161|Metals|Multi-metal_resistance|Multi-metal_resistance_protein|ARSCM,1299.0,1396.0,1225.0
MEG_4164|Metals|Sodium_resistance|Sodium_resistance_protein|NHAB,6143.0,6751.0,5705.0
MEG_6890|Drugs|betalactams|Class_A_betalactamases|TEM,0.0,189.0,0.0
MEG_5400|Drugs|betalactams|Penicillin_binding_protein|PBP2,13924.0,15154.0,12787.0
MEG_1246|Drugs|betalactams|Class_A_betalactamases|BLAA,112.0,0.0,132.0
MEG_885|Drugs|Aminoglycosides|Aminoglycoside_O-nucleotidyltransferases|ANT3-DPRIME,0.0,0.0,8.0
MEG_1592|Drugs|Phenicol|Chloramphenicol_acetyltransferases|CATA,108.0,0.0,52.0
MEG_8710|Drugs|betalactams|Class_A_betalactamases|TEM,0.0,47.0,0.0
MEG_7068|Drugs|Tetracyclines|Tetracycline_resistance_MFS_efflux_pumps|TETD,31.0,0.0,0.0
MEG_7843|Drugs|Lipopeptides|Daptomycin-resistant_mutant|YYBT|RequiresSNPConfirmation,0.0,0.0,0.0
MEG_7115|Drugs|Tetracyclines|Tetracycline_resistance_ribosomal_protection_proteins|TETM,0.0,0.0,70.0
MEG_400|Multi-compound|Drug_and_biocide_resistance|Drug_and_biocide_RND_efflux_pumps|ACRA,779.0,1477.0,553.0
MEG_2707|Multi-compound|Drug_and_biocide_resistance|Drug_and_biocide_ABC_efflux_pumps|EFRB,0.0,375.0,669.0
MEG_4071|Drugs|MLS|MLS_resistance_ABC_efflux_pumps|MSRC,123.0,0.0,56.0
MEG_3183|Drugs|Fluoroquinolones|Fluoroquinolone-resistant_DNA_topoisomerases|GYRA|RequiresSNPConfirmation,0.0,0.0,0.0
MEG_3514|Multi-compound|Drug_and_biocide_resistance|Drug_and_biocide_SMR_efflux_pumps|KPNE,159.0,329.0,135.0
MEG_7238|Drugs|Tetracyclines|Tetracycline_inactivation_enzymes|TETX,24.0,0.0,0.0
MEG_3287|Biocides|Peroxide_resistance|Peroxide_resistance_stress_protein|IBPA,3663.0,3465.0,3000.0
MEG_988|Drugs|Aminoglycosides|Aminoglycoside_O-nucleotidyltransferases|ANT6,0.0,23.0,46.0
MEG_2606|Drugs|betalactams|Class_C_betalactamases|DHA,0.0,0.0,26.0
MEG_6752|Drugs|betalactams|Class_A_betalactamases|TEM,0.0,25.0,0.0
MEG_3081|Multi-compound|Drug_and_biocide_resistance|Drug_and_biocide_RND_efflux_regulator|GADW,3879.0,5930.0,5171.0
MEG_996|Drugs|Aminoglycosides|Aminoglycoside_O-nucleotidyltransferases|ANT6,0.0,0.0,28.0
MEG_5392|Drugs|Aminocoumarins|Aminocoumarin-resistant_DNA_topoisomerases|PARE|RequiresSNPConfirmation,693.0,376.0,324.0
MEG_4348|Multi-compound|Drug_and_biocide_resistance|Drug_and_biocide_RND_efflux_pumps|OQXB,65.0,0.0,0.0
MEG_4057|Drugs|Lipopeptides|Daptomycin-resistant_mutant|MPRFD|RequiresSNPConfirmation,0.0,0.0,0.0
MEG_6653|Metals|Copper_resistance|Copper_resistance_protein|TCRY,0.0,75.0,0.0
MEG_7178|Drugs|Tetracyclines|Tetracycline_resistance_ribosomal_protection_proteins|TETQ,115.0,105.0,60.0
MEG_1585|Drugs|Phenicol|Chloramphenicol_acetyltransferases|CATA,1088.0,202.0,1467.0
MEG_3079|Biocides|Acid_resistance|Acid_resistance_protein|GADC,9047.0,9356.0,8083.0
MEG_7052|Drugs|Tetracyclines|Tetracycline_resistance_MFS_efflux_pumps|TETB,0.0,1087.0,16.0
MEG_1275|Drugs|betalactams|Class_C_betalactamases|BLAEC,360.0,281.0,259.0
MEG_2603|Drugs|betalactams|Class_C_betalactamases|DHA,0.0,0.0,17.0
MEG_2101|Drugs|betalactams|Class_B_betalactamases|CPHA,0.0,28.0,0.0
MEG_7857|Metals|Zinc_resistance|Zinc_resistance_protein|ZNUB,586.0,565.0,478.0
MEG_3606|Drugs|MLS|Lincosamide_nucleotidyltransferases|LNUA,60.0,25.0,63.0
MEG_2443|Metals|Copper_resistance|Copper_resistance_regulator|CUER,3307.0,3671.0,3143.0
MEG_2122|Multi-compound|Drug_and_biocide_resistance|Drug_and_biocide_RND_efflux_regulator|CPXAR,3260.0,2461.0,2926.0
MEG_414|Multi-compound|Drug_and_biocide_resistance|Drug_and_biocide_RND_efflux_regulator|ACRR|RequiresSNPConfirmation,3.0,13.0,4.0
MEG_1211|Multi-compound|Drug_and_biocide_resistance|Drug_and_biocide_MFS_efflux_pumps|BCR,1306.0,1378.0,1096.0
MEG_6630|Drugs|Sulfonamides|Sulfonamide-resistant_dihydropteroate_synthases|SULII,88.0,48.0,26.0
MEG_8145|Drugs|Fluoroquinolones|Fluoroquinolone-resistant_DNA_topoisomerases|GYRA|RequiresSNPConfirmation,551.0,272.0,241.0
MEG_1084|Drugs|Aminoglycosides|Aminoglycoside_O-phosphotransferases|APH6,98.0,1206.0,63.0
MEG_3449|Biocides|Multi-biocide_resistance|Multi-biocide_RND_efflux_pump|KEXD,656.0,644.0,417.0
MEG_1279|Drugs|betalactams|Class_C_betalactamases|BLAEC,1452.0,668.0,670.0
MEG_7374|Drugs|Glycopeptides|VanC-type_resistance_protein|VANC,495.0,54.0,260.0
MEG_5333|Drugs|Fluoroquinolones|Fluoroquinolone-resistant_DNA_topoisomerases|PARC|RequiresSNPConfirmation,3.0,1.0,1.0
MEG_6499|Metals|Multi-metal_resistance|Multi-metal_RND_efflux_pumps|SILA,2358.0,1766.0,2832.0
MEG_2867|Biocides|Acid_resistance|Acid_resistance_regulator|EVGA,4327.0,4546.0,4084.0
MEG_6815|Drugs|betalactams|Class_A_betalactamases|TEM,0.0,49.0,0.0
MEG_4223|Drugs|Oxazolidinone|Oxazolidinone-resistant_23S_rRNA_mutation|O23S|RequiresSNPConfirmation,0.0,1.0,0.0
MEG_2618|Drugs|Trimethoprim|Dihydrofolate_reductase|DHFR|RequiresSNPConfirmation,53.0,0.0,24.0
MEG_3897|Metals|Mercury_resistance|Mercury_resistance_protein|MERT,182.0,28.0,76.0
MEG_1044|Drugs|Aminoglycosides|Aminoglycoside_O-phosphotransferases|APH3-DPRIME,280.0,0.0,144.0
MEG_3238|Drugs|Fluoroquinolones|Fluoroquinolone-resistant_DNA_topoisomerases|GYRB|RequiresSNPConfirmation,0.0,0.0,0.0
MEG_2959|Drugs|Sulfonamides|Sulfonamide-resistant_dihydropteroate_synthases|FOLP|RequiresSNPConfirmation,0.0,0.0,0.0
MEG_7834|Multi-compound|Biocide_and_metal_resistance|Biocide_and_metal_resistance_protein|YHCN,746.0,684.0,610.0
MEG_2829|Drugs|MLS|23S_rRNA_methyltransferases|ERMF,25.0,44.0,27.0
MEG_7329|Drugs|Fosfomycin|Fosfomycin_target_mutation|UHPT|RequiresSNPConfirmation,1.0,0.0,0.0
MEG_2393|Drugs|betalactams|Class_A_betalactamases|CTX,0.0,22.0,0.0
MEG_3862|Metals|Mercury_resistance|Mercury_resistance_regulator|MERD,22.0,0.0,0.0
MEG_7856|Metals|Zinc_resistance|Zinc_resistance_protein|ZNUA,4667.0,4864.0,4093.0
MEG_2080|Metals|Copper_resistance|Copper_resistance_regulator|COPY,13.0,0.0,0.0
MEG_1145|Metals|Arsenic_resistance|Arsenic_resistance_protein|ARSB,0.0,0.0,1370.0
MEG_4094|Drugs|Fosfomycin|Fosfomycin_target_mutation|MURA|RequiresSNPConfirmation,0.0,0.0,0.0
MEG_6795|Drugs|betalactams|Class_A_betalactamases|TEM,0.0,67.0,0.0
MEG_7065|Drugs|Tetracyclines|Tetracycline_resistance_MFS_efflux_pumps|TETC,0.0,26.0,0.0
MEG_1486|Metals|Multi-metal_resistance|Multi-metal_resistance_protein|CADD,55.0,0.0,0.0
MEG_2729|Multi-compound|Drug_and_biocide_resistance|Drug_and_biocide_MFS_efflux_pumps|EMRD,5876.0,5901.0,4787.0
MEG_6959|Metals|Tellurium_resistance|Tellurium_resistance_protein|TERE,0.0,80.0,0.0
MEG_7854|Metals|Zinc_resistance|Zinc_resistance_regulator|ZNTR,3106.0,3350.0,2943.0
MEG_3747|Multi-compound|Drug_and_biocide_and_metal_resistance|Drug_and_biocide_and_metal_RND_efflux_pumps|MDTB,21503.0,22768.0,19140.0
MEG_8378|Drugs|betalactams|Class_D_betalactamases|OXA,0.0,26.0,23.0
MEG_2955|Drugs|Sulfonamides|Sulfonamide-resistant_dihydropteroate_synthases|FOLP|RequiresSNPConfirmation,2.0,0.0,5.0
MEG_2440|Metals|Copper_resistance|Copper_resistance_protein|CUEO,11794.0,12265.0,10418.0
MEG_3830|Drugs|MLS|MLS_resistance_MFS_efflux_pumps|MEFE,123.0,72.0,115.0
MEG_2725|Multi-compound|Drug_and_biocide_resistance|Drug_and_biocide_MFS_efflux_pumps|EMRB,5282.0,5710.0,4598.0
MEG_3228|Drugs|Fluoroquinolones|Fluoroquinolone-resistant_DNA_topoisomerases|GYRA|RequiresSNPConfirmation,0.0,0.0,0.0
MEG_4335|Multi-compound|Drug_and_biocide_resistance|Drug_and_biocide_RND_efflux_pumps|OQXA,0.0,105.0,87.0
MEG_6094|Drugs|Rifampin|Rifampin-resistant_beta-subunit_of_RNA_polymerase_RpoB|RPOB|RequiresSNPConfirmation,3.0,1.0,2.0
MEG_3946|Metals|Multi-metal_resistance|Multi-metal_resistance_regulator|MGTA,0.0,0.0,577.0
MEG_3861|Metals|Mercury_resistance|Mercury_resistance_regulator|MERD,37.0,0.0,10.0
MEG_2450|Metals|Multi-metal_resistance|Multi-metal_RND_efflux_pumps|CUSC,3077.0,3039.0,2657.0
MEG_8144|Drugs|Fluoroquinolones|Fluoroquinolone-resistant_DNA_topoisomerases|GYRA|RequiresSNPConfirmation,448.0,673.0,300.0
MEG_3290|Biocides|Acetate_resistance|Acetate_resistance_protein|ICLR,2786.0,2875.0,2271.0
MEG_2453|Metals|Multi-metal_resistance|Multi-metal_RND_efflux_regulator|CUSS,9987.0,10584.0,9089.0
MEG_1190|Drugs|Bacitracin|Undecaprenyl_pyrophosphate_phosphatase|BACA,4348.0,5719.0,5004.0
MEG_7143|Drugs|Tetracyclines|Tetracycline_resistance_ribosomal_protection_proteins|TETM,0.0,225.0,186.0
MEG_5932|Drugs|Fluoroquinolones|Quinolone_resistance_protein_Qnr|QNRB,0.0,14.0,0.0
MEG_1701|Metals|Sodium_resistance|Sodium_resistance_protein|CHAA,7565.0,8193.0,6923.0
MEG_2089|Metals|Multi-metal_resistance|Multi-metal_resistance_protein|CORC,977.0,1109.0,906.0
MEG_7866|Multi-compound|Biocide_and_metal_resistance|Biocide_and_metal_resistance_protein|ZUPT,2088.0,2133.0,1862.0
MEG_137|Drugs|Aminoglycosides|Aminoglycoside_N-acetyltransferases|AAC6-PRIME,8.0,107.0,0.0
MEG_1164|Metals|Multi-metal_resistance|Multi-metal_resistance_protein|ARSCM,1929.0,1838.0,1897.0
MEG_6866|Drugs|betalactams|Class_A_betalactamases|TEM,0.0,76.0,0.0
MEG_1584|Drugs|Phenicol|Chloramphenicol_acetyltransferases|CATA,293.0,0.0,119.0
MEG_975|Drugs|Aminoglycosides|Aminoglycoside_O-nucleotidyltransferases|ANT3-DPRIME,0.0,19.0,0.0
MEG_1772|Drugs|Phenicol|Phenicol_resistance_MFS_efflux_pumps|CMLA,0.0,18.0,0.0
MEG_1648|Drugs|betalactams|Class_A_betalactamases|CEPA,31.0,9.0,0.0
MEG_3512|Multi-compound|Drug_and_biocide_resistance|Drug_and_biocide_MFS_efflux_pumps|KPN,714.0,1336.0,619.0
MEG_7812|Metals|Iron_resistance|Iron_resistance_protein|YBTQ,3771.0,2516.0,10295.0
MEG_3227|Drugs|Fluoroquinolones|Fluoroquinolone-resistant_DNA_topoisomerases|GYRA|RequiresSNPConfirmation,0.0,0.0,0.0
MEG_4010|Metals|Multi-metal_resistance|Multi-metal_ABC_efflux_pumps|MODC,4622.0,4947.0,4197.0
MEG_2494|Drugs|Trimethoprim|Dihydrofolate_reductase|DFRA,28.0,0.0,0.0
MEG_5816|Metals|Arsenic_resistance|Arsenic_resistance_protein|PSTS,5690.0,5564.0,4952.0
MEG_6577|Biocides|Multi-biocide_resistance|Multi-biocide_SMR_efflux_pump|SUGE,2223.0,2270.0,2087.0
MEG_7126|Drugs|Tetracyclines|Tetracycline_resistance_ribosomal_protection_proteins|TETM,37.0,88.0,127.0
MEG_369|Drugs|Fosfomycin|Fosfomycin_MFS_efflux_pump|ABAF,32.0,0.0,0.0
MEG_7130|Drugs|Tetracyclines|Tetracycline_resistance_ribosomal_protection_proteins|TETM,0.0,367.0,290.0
MEG_6145|Drugs|Aminoglycosides|Aminoglycoside-resistant_16S_ribosomal_subunit_protein|RRSA|RequiresSNPConfirmation,0.0,0.0,0.0
MEG_2689|Metals|Multi-metal_resistance|Multi-metal_resistance_protein|DSBB,2642.0,2852.0,2551.0
MEG_2833|Drugs|MLS|23S_rRNA_methyltransferases|ERMF,46.0,55.0,30.0
MEG_6626|Drugs|Sulfonamides|Sulfonamide-resistant_dihydropteroate_synthases|SULII,95.0,26.0,28.0
MEG_2452|Metals|Multi-metal_resistance|Multi-metal_RND_efflux_regulator|CUSR,5742.0,6033.0,5036.0
MEG_6701|Drugs|betalactams|Class_A_betalactamases|TEM,0.0,80.0,0.0
MEG_399|Multi-compound|Drug_and_biocide_resistance|Drug_and_biocide_RND_efflux_pumps|ACRA,8903.0,9015.0,7836.0
MEG_9|Drugs|Aminoglycosides|Aminoglycoside-resistant_16S_ribosomal_subunit_protein|A16S|RequiresSNPConfirmation,1.0,0.0,1.0
MEG_83|Drugs|Aminoglycosides|Aminoglycoside_N-acetyltransferases|AAC6-PRIME,6.0,0.0,0.0
MEG_6728|Drugs|betalactams|Class_A_betalactamases|TEM,13.0,0.0,0.0
MEG_8151|Drugs|Fluoroquinolones|Fluoroquinolone-resistant_DNA_topoisomerases|GYRB|RequiresSNPConfirmation,2232.0,3407.0,2182.0
MEG_6934|Drugs|betalactams|Class_A_betalactamases|TEM,0.0,329.0,0.0
MEG_2783|Drugs|MLS|23S_rRNA_methyltransferases|ERMA,0.0,13.0,0.0
MEG_5420|Metals|Copper_resistance|Copper_resistance_protein|PCOC,314.0,220.0,384.0
MEG_7307|Drugs|Elfamycins|EF-Tu_inhibition|TUFAB|RequiresSNPConfirmation,437.0,237.0,520.0
MEG_1580|Drugs|Phenicol|Chloramphenicol_acetyltransferases|CATA,156.0,0.0,69.0
MEG_6628|Drugs|Sulfonamides|Sulfonamide-resistant_dihydropteroate_synthases|SULII,98.0,35.0,25.0
MEG_4327|Multi-compound|Drug_and_biocide_resistance|Drug_and_biocide_RND_efflux_pumps|OQXA,53.0,87.0,43.0
MEG_6929|Drugs|betalactams|Class_A_betalactamases|TEM,0.0,80.0,0.0
MEG_3746|Multi-compound|Drug_and_biocide_and_metal_resistance|Drug_and_biocide_and_metal_RND_efflux_pumps|MDTA,9123.0,9501.0,8163.0
MEG_6045|Drugs|Multi-drug_resistance|Multi-drug_RND_efflux_regulator|RAMR|RequiresSNPConfirmation,2.0,3.0,1.0
MEG_6050|Metals|Multi-metal_resistance|Multi-metal_resistance_regulator|RCNR,1978.0,2026.0,1750.0
MEG_969|Drugs|Aminoglycosides|Aminoglycoside_O-nucleotidyltransferases|ANT3-DPRIME,0.0,42.0,0.0
MEG_6652|Metals|Copper_resistance|Copper_resistance_protein|TCRB,1066.0,0.0,3421.0
MEG_6905|Drugs|betalactams|Class_A_betalactamases|TEM,0.0,63.0,0.0
MEG_12|Drugs|Aminoglycosides|Aminoglycoside-resistant_16S_ribosomal_subunit_protein|A16S|RequiresSNPConfirmation,0.0,0.0,0.0
MEG_5813|Metals|Arsenic_resistance|Arsenic_resistance_protein|PSTA,9031.0,8857.0,7422.0
MEG_405|Multi-compound|Drug_and_biocide_and_metal_resistance|Drug_and_biocide_and_metal_RND_efflux_pumps|ACRD,4246.0,4688.0,3909.0
MEG_795|Drugs|Aminoglycosides|Aminoglycoside_O-nucleotidyltransferases|ANT3-DPRIME,22.0,0.0,0.0
MEG_1176|Metals|Multi-metal_resistance|Multi-metal_resistance_protein|ARSRM,1063.0,117.0,767.0
MEG_6897|Drugs|betalactams|Class_A_betalactamases|TEM,0.0,53.0,0.0
MEG_3627|Drugs|Lipopeptides|Colistin-resistant_mutant|LPXC|RequiresSNPConfirmation,1.0,0.0,2.0
MEG_757|Drugs|Aminoglycosides|Aminoglycoside_O-nucleotidyltransferases|ANT2-DPRIME,17.0,0.0,0.0
MEG_8709|Drugs|betalactams|Class_A_betalactamases|TEM,0.0,53.0,0.0
MEG_7032|Drugs|Tetracyclines|Tetracycline_resistance_MFS_efflux_pumps|TETA,105.0,84.0,31.0
MEG_5395|Drugs|Fluoroquinolones|Fluoroquinolone-resistant_DNA_topoisomerases|PAREF|RequiresSNPConfirmation,0.0,0.0,0.0
MEG_4008|Metals|Multi-metal_resistance|Multi-metal_ABC_efflux_pumps|MODC,1535.0,1479.0,1310.0
MEG_4033|Drugs|MLS|Macrolide_phosphotransferases|MPHB,3818.0,4023.0,3496.0
MEG_689|Multi-compound|Drug_and_biocide_resistance|Drug_and_biocide_RND_efflux_pumps|ADEI,29.0,0.0,0.0
MEG_3648|Drugs|Multi-drug_resistance|Multi-drug_ABC_efflux_pumps|LSAE,0.0,0.0,27.0
MEG_7128|Drugs|Tetracyclines|Tetracycline_resistance_ribosomal_protection_proteins|TETM,0.0,327.0,310.0
MEG_3254|Biocides|Acid_resistance|Acid_resistance_protein|HDEB,603.0,902.0,729.0
MEG_7240|Drugs|Tetracyclines|Tetracycline_inactivation_enzymes|TETX,20.0,20.0,0.0
MEG_6734|Drugs|betalactams|Class_A_betalactamases|TEM,0.0,53.0,0.0
MEG_5321|Biocides|Multi-biocide_resistance|Multi-biocide_resistance_regulator|OXYRKP,5723.0,6314.0,4818.0
MEG_6634|Drugs|Sulfonamides|Sulfonamide-resistant_dihydropteroate_synthases|SULII,102.0,38.0,41.0
MEG_2636|Drugs|Trimethoprim|Dihydrofolate_reductase|DHFR|RequiresSNPConfirmation,0.0,8.0,0.0
MEG_3947|Metals|Multi-metal_resistance|Multi-metal_resistance_regulator|MGTA,8716.0,9008.0,7841.0
MEG_8708|Drugs|betalactams|Class_A_betalactamases|TEM,0.0,49.0,0.0
MEG_4120|Metals|Nickel_resistance|Nickel_MFS_efflux_pumps|NCRAN,149.0,541.0,200.0
MEG_7976|Drugs|Lipopeptides|Colistin_phosphoethanolamine_transferase|ARNT,1086.0,1914.0,992.0
MEG_6481|Drugs|betalactams|Class_A_betalactamases|SHV,0.0,7.0,0.0
MEG_2449|Metals|Multi-metal_resistance|Multi-metal_RND_efflux_pumps|CUSC,972.0,705.0,1011.0
MEG_2987|Drugs|Fosfomycin|Fosfomycin_thiol_transferases|FOSA,56.0,52.0,79.0
MEG_3189|Drugs|Fluoroquinolones|Fluoroquinolone-resistant_DNA_topoisomerases|GYRA|RequiresSNPConfirmation,0.0,0.0,0.0
MEG_381|Biocides|Multi-biocide_resistance|Multi-biocide_RND_efflux_pump|ABUO,252.0,0.0,175.0
MEG_2870|Multi-compound|Drug_and_biocide_resistance|Drug_and_biocide_MFS_efflux_regulator|EVGS,20213.0,22042.0,18951.0
MEG_45|Drugs|Aminoglycosides|Aminoglycoside_N-acetyltransferases|AAC3,0.0,26.0,0.0
MEG_6951|Drugs|betalactams|Class_A_betalactamases|TEM,0.0,89.0,0.0
MEG_2848|Drugs|MLS|23S_rRNA_methyltransferases|ERMT,51.0,1447.0,1276.0
MEG_2482|Drugs|Trimethoprim|Dihydrofolate_reductase|DFRA,28.0,0.0,0.0
MEG_7820|Biocides|Acid_resistance|Acid_resistance_protein|YDEP,14116.0,15401.0,12919.0
MEG_3753|Multi-compound|Drug_and_biocide_resistance|Drug_and_biocide_MFS_efflux_pumps|MDTG,5223.0,5830.0,4775.0
MEG_6909|Drugs|betalactams|Class_A_betalactamases|TEM,285.0,1859.0,0.0
MEG_6763|Drugs|betalactams|Class_A_betalactamases|TEM,0.0,36.0,0.0
MEG_1280|Drugs|betalactams|Class_C_betalactamases|BLAEC,697.0,432.0,434.0
MEG_2679|Metals|Multi-metal_resistance|Multi-metal_resistance_protein|DSBA,196.0,222.0,159.0
MEG_2674|Metals|Multi-metal_resistance|Multi-metal_resistance_protein|DSBA,184.0,219.0,189.0
MEG_2720|Biocides|Multi-biocide_resistance|Multi-biocide_MATE_efflux_pump|EMMDR,267.0,0.0,315.0
MEG_7040|Drugs|Tetracyclines|Tetracycline_resistance_MFS_efflux_pumps|TETB,0.0,798.0,0.0
MEG_2497|Drugs|Trimethoprim|Dihydrofolate_reductase|DFRA,38.0,0.0,0.0
MEG_2454|Metals|Copper_resistance|Copper_resistance_protein|CUTA,2808.0,2847.0,2456.0
MEG_6163|Drugs|Nucleosides|Streptothricin_acetyltransferase|SAT,46.0,0.0,17.0
MEG_7865|Multi-compound|Biocide_and_metal_resistance|Biocide_and_metal_resistance_protein|ZUPT,3445.0,3552.0,3020.0
MEG_2609|Drugs|betalactams|Class_C_betalactamases|DHA,40.0,0.0,0.0
MEG_7039|Drugs|Tetracyclines|Tetracycline_resistance_MFS_efflux_pumps|TETB,0.0,475.0,0.0
MEG_3992|Drugs|MLS|Macrolide-resistant_23S_rRNA_mutation|MLS23S|RequiresSNPConfirmation,7.0,5.0,12.0
MEG_2430|Drugs|betalactams|Class_A_betalactamases|CTX,2581.0,13714.0,5653.0
MEG_1589|Drugs|Phenicol|Chloramphenicol_acetyltransferases|CATA,35.0,0.0,0.0
MEG_2423|Drugs|betalactams|Class_A_betalactamases|CTX,23.0,0.0,0.0
MEG_7124|Drugs|Tetracyclines|Tetracycline_resistance_ribosomal_protection_proteins|TETM,0.0,0.0,108.0
MEG_6686|Drugs|betalactams|Class_A_betalactamases|TEM,26.0,0.0,11.0
MEG_3662|Multi-compound|Drug_and_biocide_resistance|Drug_and_biocide_RND_efflux_regulator|MARA,1815.0,1843.0,1734.0
MEG_7362|Drugs|Glycopeptides|VanC-type_resistance_protein|VANC,199.0,0.0,57.0
MEG_3143|Drugs|Fosfomycin|Fosfomycin_target_mutation|GLPT|RequiresSNPConfirmation,2.0,0.0,0.0
MEG_6958|Metals|Tellurium_resistance|Tellurium_resistance_protein|TERD,0.0,9.0,13.0
MEG_8704|Drugs|betalactams|Class_A_betalactamases|TEM,0.0,16.0,0.0
MEG_6169|Drugs|Nucleosides|Streptothricin_acetyltransferase|SAT,0.0,0.0,12.0
MEG_7194|Drugs|Tetracyclines|Tetracycline_transcriptional_repressor|TETR|RequiresSNPConfirmation,0.0,0.0,457.0
MEG_6941|Drugs|betalactams|Class_A_betalactamases|TEM,0.0,85.0,0.0
MEG_7101|Drugs|Tetracyclines|Tetracycline_resistance_MFS_efflux_pumps|TETL,0.0,806.0,658.0
MEG_4286|Drugs|Multi-drug_resistance|MDR_mutant_porin_proteins|OMPF|RequiresSNPConfirmation,253.0,415.0,199.0
MEG_3866|Metals|Mercury_resistance|Mercury_resistance_protein|MERE,0.0,63.0,0.0
MEG_6798|Drugs|betalactams|Class_A_betalactamases|TEM,0.0,45.0,0.0
MEG_7045|Drugs|Tetracyclines|Tetracycline_resistance_MFS_efflux_pumps|TETB,0.0,1047.0,0.0
MEG_1490|Drugs|Cationic_antimicrobial_peptides|Cationic_peptide-resistant_16S_ribosomal_subunit_protein|CAP16S|RequiresSNPConfirmation,0.0,1.0,1.0
MEG_3754|Multi-compound|Drug_and_biocide_resistance|Drug_and_biocide_MFS_efflux_pumps|MDTG,2565.0,2500.0,2146.0
MEG_2605|Drugs|betalactams|Class_C_betalactamases|DHA,0.0,19.0,0.0
MEG_6501|Metals|Multi-metal_resistance|Multi-metal_RND_efflux_pumps|SILC,617.0,415.0,735.0
MEG_7855|Metals|Zinc_resistance|Zinc_resistance_protein|ZNUA,2407.0,2399.0,1943.0
MEG_2732|Multi-compound|Drug_and_biocide_resistance|Drug_and_biocide_MFS_efflux_pumps|EMRK,5080.0,5157.0,4383.0
MEG_2499|Drugs|Trimethoprim|Dihydrofolate_reductase|DFRA,33.0,0.0,14.0
MEG_3756|Multi-compound|Drug_and_biocide_resistance|Drug_and_biocide_SMR_efflux_pumps|MDTI,2470.0,2489.0,2098.0
MEG_2993|Drugs|Fosfomycin|Fosfomycin_thiol_transferases|FOSA,50.0,143.0,68.0
MEG_7110|Drugs|Tetracyclines|Tetracycline_resistance_ribosomal_protection_proteins|TETM,0.0,178.0,116.0
MEG_7145|Drugs|Tetracyclines|Tetracycline_resistance_ribosomal_protection_proteins|TETM,46.0,0.0,142.0
MEG_2995|Drugs|Fosfomycin|Fosfomycin_thiol_transferases|FOSA,42.0,146.0,15.0
MEG_2946|Drugs|Sulfonamides|Sulfonamide-resistant_dihydropteroate_synthases|FOLP|RequiresSNPConfirmation,1431.0,268.0,1863.0
MEG_2702|Biocides|Acid_resistance|Acid_resistance_protein|EEFX,172.0,323.0,136.0
MEG_6627|Drugs|Sulfonamides|Sulfonamide-resistant_dihydropteroate_synthases|SULII,111.0,39.0,32.0
MEG_2592|Drugs|betalactams|Class_C_betalactamases|DHA,23.0,0.0,0.0
MEG_7019|Drugs|Tetracyclines|Tetracycline_resistance_MFS_efflux_pumps|TETA,80.0,0.0,0.0
MEG_8712|Drugs|betalactams|Class_A_betalactamases|TEM,0.0,68.0,0.0
MEG_3883|Metals|Mercury_resistance|Mercury_resistance_regulator|MERR,130.0,18.0,60.0
MEG_6896|Drugs|betalactams|Class_A_betalactamases|TEM,0.0,91.0,0.0
MEG_3873|Metals|Mercury_resistance|Mercury_resistance_protein|MERP,26.0,0.0,13.0
MEG_3663|Multi-compound|Drug_and_biocide_resistance|Drug_and_biocide_RND_efflux_regulator|MARR,3236.0,3382.0,3038.0
MEG_706|Multi-compound|Drug_and_biocide_resistance|Drug_and_biocide_RND_efflux_pumps|ADET2,115.0,0.0,104.0
MEG_7025|Drugs|Tetracyclines|Tetracycline_resistance_MFS_efflux_pumps|TETA,233.0,122.0,58.0
MEG_4061|Drugs|Multi-drug_resistance|Multi-drug_ABC_efflux_pumps|MSBA,11747.0,12195.0,10332.0
MEG_2721|Multi-compound|Drug_and_biocide_resistance|Drug_and_biocide_MFS_efflux_pumps|EMRA,2948.0,2849.0,2631.0
MEG_4203|Biocides|Paraquat_resistance|Paraquat_resistance_protein|NMPC,856.0,0.0,688.0
MEG_4337|Multi-compound|Drug_and_biocide_resistance|Drug_and_biocide_RND_efflux_pumps|OQXB,51.0,0.0,0.0
MEG_1019|Drugs|Aminoglycosides|Aminoglycoside_O-phosphotransferases|APH3-DPRIME,196.0,2590.0,198.0
MEG_3590|Drugs|Lipopeptides|Daptomycin-resistant_mutant|LIAFSR|RequiresSNPConfirmation,0.0,0.0,0.0
MEG_4289|Drugs|betalactams|Mutant_porin_proteins|OMPFB|RequiresSNPConfirmation,0.0,0.0,0.0
MEG_704|Multi-compound|Drug_and_biocide_resistance|Drug_and_biocide_RND_efflux_regulator|ADES,157.0,0.0,208.0
MEG_730|Drugs|betalactams|Penicillin_binding_protein|AMPH,770.0,1386.0,649.0
MEG_6698|Drugs|betalactams|Class_A_betalactamases|TEM,0.0,47.0,0.0
MEG_7070|Drugs|Tetracyclines|Tetracycline_resistance_MFS_efflux_pumps|TETD,14.0,5007.0,19.0
MEG_2676|Metals|Multi-metal_resistance|Multi-metal_resistance_protein|DSBA,203.0,200.0,152.0
MEG_1166|Metals|Multi-metal_resistance|Multi-metal_resistance_protein|ARSDM,1404.0,139.0,691.0
MEG_4103|Multi-compound|Drug_and_biocide_resistance|Drug_and_biocide_SMR_efflux_pumps|MVRC,1095.0,1926.0,1830.0
MEG_6762|Drugs|betalactams|Class_A_betalactamases|TEM,0.0,66.0,0.0
MEG_7581|Drugs|Glycopeptides|VanC-type_resistance_protein|VANXYC,95.0,0.0,0.0
MEG_3943|Drugs|Multi-drug_resistance|MDR_regulator|MGRA,9.0,0.0,0.0
MEG_2938|Drugs|Sulfonamides|Sulfonamide-resistant_dihydropteroate_synthases|FOLP|RequiresSNPConfirmation,0.0,0.0,0.0
MEG_4160|Metals|Chromium_resistance|Chromium_resistance_protein|NFSA,5281.0,5307.0,4854.0
MEG_5|Drugs|Aminoglycosides|Aminoglycoside-resistant_16S_ribosomal_subunit_protein|A16S|RequiresSNPConfirmation,3.0,1.0,2.0
MEG_6505|Metals|Multi-metal_resistance|Multi-metal_RND_efflux_pumps|SILF,63.0,46.0,78.0
MEG_4357|Multi-compound|Drug_and_biocide_resistance|Drug_and_biocide_RND_efflux_pumps|OQXB,0.0,76.0,0.0
MEG_7832|Metals|Multi-metal_resistance|Multi-metal_resistance_protein|YGJH,6579.0,6781.0,5810.0
MEG_4351|Multi-compound|Drug_and_biocide_resistance|Drug_and_biocide_RND_efflux_pumps|OQXB,115.0,147.0,0.0
MEG_3253|Biocides|Acid_resistance|Acid_resistance_protein|HDEA,1850.0,3065.0,2537.0
MEG_6727|Drugs|betalactams|Class_A_betalactamases|TEM,0.0,51.0,0.0
MEG_7015|Drugs|Tetracyclines|Tetracycline_resistance_MFS_efflux_pumps|TETA,82.0,61.0,34.0
MEG_6713|Drugs|betalactams|Class_A_betalactamases|TEM,0.0,43.0,0.0
MEG_1687|Drugs|betalactams|Class_A_betalactamases|CFX,0.0,14.0,0.0
MEG_1096|Drugs|Aminoglycosides|Aminoglycoside_O-phosphotransferases|APH6,109.0,1064.0,70.0
MEG_8287|Drugs|betalactams|Mutant_porin_proteins|OMP36|RequiresSNPConfirmation,609.0,0.0,682.0
MEG_6654|Metals|Copper_resistance|Copper_resistance_protein|TCRZ,0.0,2.0,248.0
MEG_6493|Drugs|betalactams|Class_A_betalactamases|SHV,28.0,0.0,0.0
MEG_3599|Multi-compound|Drug_and_biocide_resistance|Drug_and_biocide_MFS_efflux_pumps|LMRS,36.0,0.0,0.0
MEG_1488|Metals|Multi-metal_resistance|Multi-metal_resistance_regulator|CADX,467.0,157.0,1063.0
MEG_1173|Metals|Arsenic_resistance|Arsenic_resistance_regulator|ARSR,3112.0,2929.0,2524.0
MEG_5896|Drugs|Fluoroquinolones|Quinolone_resistance_protein_Qnr|QNRB,46.0,153.0,10.0
MEG_4285|Drugs|betalactams|Mutant_porin_proteins|OMPD,1744.0,407.0,2226.0
MEG_6575|Biocides|Multi-biocide_resistance|Multi-biocide_SMR_efflux_pump|SUGE,1777.0,1812.0,1477.0
MEG_791|Drugs|Aminoglycosides|Aminoglycoside_O-nucleotidyltransferases|ANT3-DPRIME,12.0,0.0,0.0
MEG_6118|Drugs|Rifampin|Rifampin-resistant_beta-subunit_of_RNA_polymerase_RpoB|RPOB|RequiresSNPConfirmation,0.0,0.0,3.0
MEG_7062|Drugs|Tetracyclines|Tetracycline_resistance_MFS_efflux_pumps|TETC,0.0,24.0,0.0
MEG_7319|Drugs|Elfamycins|EF-Tu_inhibition|TUFAB|RequiresSNPConfirmation,17.0,3.0,3.0
MEG_6636|Drugs|Sulfonamides|Sulfonamide-resistant_dihydropteroate_synthases|SULII,90.0,36.0,41.0
MEG_2686|Metals|Multi-metal_resistance|Multi-metal_resistance_protein|DSBA,220.0,194.0,202.0
MEG_7849|Metals|Multi-metal_resistance|Multi-metal_resistance_protein|ZINT,4363.0,4726.0,4011.0
MEG_6829|Drugs|betalactams|Class_A_betalactamases|TEM,0.0,56.0,0.0
MEG_3255|Biocides|Acid_resistance|Acid_resistance_protein|HDEB,1254.0,2069.0,1674.0
MEG_2640|Drugs|Trimethoprim|Dihydrofolate_reductase|DHFR|RequiresSNPConfirmation,32.0,0.0,18.0
MEG_1078|Drugs|Aminoglycosides|Aminoglycoside_O-phosphotransferases|APH3-PRIME,158.0,0.0,87.0
MEG_848|Drugs|Aminoglycosides|Aminoglycoside_O-nucleotidyltransferases|ANT3-DPRIME,13.0,0.0,0.0
MEG_1730|Drugs|Lipopeptides|Daptomycin-resistant_mutant|CLS|RequiresSNPConfirmation,0.0,0.0,0.0
MEG_4280|Drugs|betalactams|Mutant_porin_proteins|OMP36|RequiresSNPConfirmation,0.0,0.0,4.0
MEG_4345|Multi-compound|Drug_and_biocide_resistance|Drug_and_biocide_RND_efflux_pumps|OQXB,0.0,0.0,72.0
MEG_7069|Drugs|Tetracyclines|Tetracycline_resistance_MFS_efflux_pumps|TETD,0.0,0.0,16.0
MEG_3178|Drugs|Fluoroquinolones|Fluoroquinolone-resistant_DNA_topoisomerases|GYRA|RequiresSNPConfirmation,38.0,18.0,8.0
MEG_6509|Metals|Multi-metal_resistance|Multi-metal_RND_efflux_regulator|SILS,733.0,527.0,851.0
MEG_8456|Drugs|betalactams|Penicillin_binding_protein|PBP2|RequiresSNPConfirmation,82.0,0.0,0.0
MEG_698|Multi-compound|Drug_and_biocide_resistance|Drug_and_biocide_RND_efflux_pumps|ADEK,54.0,0.0,0.0
MEG_64|Drugs|Aminoglycosides|Aminoglycoside_N-acetyltransferases|AAC3,0.0,34.0,8.0
MEG_5334|Drugs|Fluoroquinolones|Fluoroquinolone-resistant_DNA_topoisomerases|PARC|RequiresSNPConfirmation,0.0,0.0,0.0
MEG_4169|Metals|Nickel_resistance|Nickel_ABC_efflux_pumps|NIKB,2465.0,2594.0,2075.0
MEG_2602|Drugs|betalactams|Class_C_betalactamases|DHA,0.0,0.0,43.0
MEG_899|Drugs|Aminoglycosides|Aminoglycoside_O-nucleotidyltransferases|ANT3-DPRIME,62.0,0.0,75.0
MEG_7061|Drugs|Tetracyclines|Tetracycline_resistance_MFS_efflux_pumps|TETC,30.0,0.0,0.0
MEG_3745|Multi-compound|Drug_and_biocide_and_metal_resistance|Drug_and_biocide_and_metal_RND_efflux_pumps|MDTA,0.0,0.0,139.0
MEG_3752|Multi-compound|Drug_and_biocide_resistance|Drug_and_biocide_RND_efflux_pumps|MDTF,13781.0,22471.0,18992.0
MEG_6759|Drugs|betalactams|Class_A_betalactamases|TEM,0.0,58.0,0.0
MEG_7097|Drugs|Tetracyclines|Tetracycline_resistance_MFS_efflux_pumps|TETL,0.0,897.0,787.0
MEG_372|Multi-compound|Drug_and_biocide_resistance|Drug_and_biocide_MATE_efflux_pumps|ABEM,73.0,0.0,63.0
MEG_1054|Drugs|Aminoglycosides|Aminoglycoside_O-phosphotransferases|APH3-DPRIME,109.0,838.0,49.0
MEG_2898|Multi-compound|Biocide_and_metal_resistance|Biocide_and_metal_ABC_efflux_pumps|FETA,4771.0,4941.0,4239.0
MEG_5343|Drugs|Fluoroquinolones|Fluoroquinolone-resistant_DNA_topoisomerases|PARC|RequiresSNPConfirmation,0.0,0.0,0.0
MEG_6629|Drugs|Sulfonamides|Sulfonamide-resistant_dihydropteroate_synthases|SULII,120.0,37.0,47.0
MEG_6939|Drugs|betalactams|Class_A_betalactamases|TEM,41.0,0.0,0.0
MEG_3078|Biocides|Acid_resistance|Acid_resistance_protein|GADB,7402.0,9506.0,7029.0
MEG_6796|Drugs|betalactams|Class_A_betalactamases|TEM,0.0,47.0,0.0
MEG_6844|Drugs|betalactams|Class_A_betalactamases|TEM,0.0,29.0,0.0
MEG_7095|Drugs|Tetracyclines|Tetracycline_resistance_MFS_efflux_pumps|TETL,0.0,1067.0,872.0
MEG_2991|Drugs|Fosfomycin|Fosfomycin_thiol_transferases|FOSA,47.0,124.0,22.0
MEG_47|Drugs|Aminoglycosides|Aminoglycoside_N-acetyltransferases|AAC3,18.0,0.0,0.0
MEG_1690|Drugs|betalactams|Class_A_betalactamases|CFX,20.0,0.0,18.0
MEG_2693|Drugs|Multi-drug_resistance|Multi-drug_ABC_efflux_pumps|EATAV|RequiresSNPConfirmation,0.0,0.0,0.0
MEG_3738|Multi-compound|Drug_and_biocide_resistance|Drug_and_biocide_MFS_efflux_pumps|MDFA,2828.0,2969.0,2552.0
MEG_4171|Metals|Nickel_resistance|Nickel_ABC_efflux_pumps|NIKD,5140.0,5212.0,4410.0
MEG_4355|Multi-compound|Drug_and_biocide_resistance|Drug_and_biocide_RND_efflux_pumps|OQXB,59.0,257.0,92.0
MEG_6551|Multi-compound|Drug_and_biocide_and_metal_resistance|Drug_and_biocide_and_metal_resistance_regulator|SOXS,3234.0,3196.0,2682.0
MEG_6|Drugs|Aminoglycosides|Aminoglycoside-resistant_16S_ribosomal_subunit_protein|A16S|RequiresSNPConfirmation,0.0,0.0,0.0
MEG_3870|Metals|Mercury_resistance|Mercury_resistance_protein|MERF,17.0,0.0,0.0
MEG_6618|Drugs|Sulfonamides|Sulfonamide-resistant_dihydropteroate_synthases|SULII,72.0,25.0,65.0
MEG_2896|Metals|Multi-metal_resistance|Multi-metal_ABC_efflux_pumps|FECE,1207.0,3733.0,1561.0
MEG_6889|Drugs|betalactams|Class_A_betalactamases|TEM,0.0,335.0,0.0
MEG_5977|Drugs|Fluoroquinolones|Quinolone_resistance_protein_Qnr|QNRB,142.0,583.0,22.0
MEG_7818|Biocides|Peroxide_resistance|peroxide_resistance_protein|YDEI,2712.0,2901.0,2456.0
MEG_2637|Drugs|Trimethoprim|Dihydrofolate_reductase|DHFR|RequiresSNPConfirmation,30.0,0.0,13.0
MEG_2873|Biocides|Phenolic_compound_resistance|Triclosan-resistant_mutation|FABG|RequiresSNPConfirmation,0.0,0.0,0.0
MEG_1591|Drugs|Phenicol|Chloramphenicol_acetyltransferases|CATA,0.0,0.0,48.0
MEG_3889|Metals|Mercury_resistance|Mercury_resistance_regulator|MERR2,16.0,0.0,15.0
MEG_7148|Drugs|Tetracyclines|Tetracycline_resistance_ribosomal_protection_proteins|TETM,0.0,0.0,45.0
MEG_1091|Drugs|Aminoglycosides|Aminoglycoside_O-phosphotransferases|APH6,112.0,1210.0,54.0
MEG_769|Drugs|Aminoglycosides|Aminoglycoside_O-nucleotidyltransferases|ANT3-DPRIME,14.0,23.0,0.0
MEG_1691|Drugs|betalactams|Class_A_betalactamases|CFX,0.0,18.0,0.0
MEG_683|Multi-compound|Drug_and_biocide_resistance|Drug_and_biocide_RND_efflux_pumps|ADEF,39.0,0.0,0.0
MEG_3076|Biocides|Acid_resistance|Acid_resistance_protein|GADA,8717.0,11399.0,10641.0
MEG_8678|Drugs|Aminoglycosides|Aminoglycoside-resistant_16S_ribosomal_subunit_protein|RPSL|RequiresSNPConfirmation,3914.0,3867.0,3530.0
MEG_733|Multi-compound|Drug_and_biocide_resistance|Drug_and_biocide_MFS_efflux_pumps|AMVA,184.0,0.0,159.0
MEG_3865|Metals|Mercury_resistance|Mercury_resistance_regulator|MERD,28.0,7.0,0.0
MEG_1209|Multi-compound|Drug_and_biocide_resistance|Drug_and_biocide_MFS_efflux_pumps|BCR,2719.0,2953.0,2516.0
MEG_705|Multi-compound|Drug_and_biocide_resistance|Drug_and_biocide_RND_efflux_pumps|ADET1,137.0,0.0,117.0
MEG_6578|Biocides|Multi-biocide_resistance|Multi-biocide_SMR_efflux_pump|SUGE,78.0,99.0,66.0
MEG_701|Multi-compound|Drug_and_biocide_resistance|Drug_and_biocide_RND_efflux_regulator|ADEN,63.0,0.0,45.0
MEG_2043|Metals|Multi-metal_resistance|Multi-metal_resistance_protein|COPBM,109.0,88.0,0.0
MEG_2899|Multi-compound|Biocide_and_metal_resistance|Biocide_and_metal_ABC_efflux_pumps|FETB,3428.0,3466.0,3101.0
MEG_2610|Drugs|betalactams|Class_C_betalactamases|DHA,18.0,19.0,0.0
MEG_3736|Multi-compound|Drug_and_biocide_resistance|Drug_and_biocide_MFS_efflux_pumps|MDFA,2080.0,2050.0,1733.0
MEG_6791|Drugs|betalactams|Class_A_betalactamases|TEM,24.0,0.0,22.0
MEG_3757|Multi-compound|Drug_and_biocide_resistance|Drug_and_biocide_SMR_efflux_pumps|MDTJ,2931.0,3145.0,2504.0
MEG_2909|Metals|Multi-metal_resistance|Multi-metal_resistance_protein|FIEF,7365.0,7283.0,6237.0
MEG_3588|Drugs|Lipopeptides|Daptomycin-resistant_mutant|LIAFSR|RequiresSNPConfirmation,0.0,0.0,0.0
MEG_7858|Metals|Zinc_resistance|Zinc_resistance_protein|ZNUB,4940.0,5030.0,4354.0
MEG_7302|Drugs|Elfamycins|EF-Tu_inhibition|TUFAB|RequiresSNPConfirmation,6.0,9.0,4.0
MEG_3737|Multi-compound|Drug_and_biocide_resistance|Drug_and_biocide_MFS_efflux_pumps|MDFA,3766.0,3925.0,3296.0
MEG_2121|Multi-compound|Drug_and_biocide_resistance|Drug_and_biocide_RND_efflux_regulator|CPXAR,10181.0,9703.0,9022.0
MEG_799|Drugs|Aminoglycosides|Aminoglycoside_O-nucleotidyltransferases|ANT3-DPRIME,0.0,15.0,0.0
MEG_6428|Drugs|betalactams|Class_A_betalactamases|SHV,44.0,139.0,55.0
MEG_2900|Multi-compound|Biocide_and_metal_resistance|Biocide_and_metal_ABC_efflux_pumps|FETB,2768.0,2894.0,2359.0
MEG_6683|Drugs|betalactams|Class_A_betalactamases|TEM,0.0,41.0,0.0
MEG_5772|Biocides|Peroxide_resistance|peroxide_resistance_regulator|PERR,13.0,0.0,0.0
MEG_6082|Multi-compound|Drug_and_biocide_and_metal_resistance|Drug_and_biocide_and_metal_RND_efflux_pumps|ROBA,6533.0,6883.0,5596.0
MEG_7038|Drugs|Tetracyclines|Tetracycline_resistance_MFS_efflux_pumps|TETB,0.0,780.0,0.0
MEG_2972|Drugs|Sulfonamides|Sulfonamide-resistant_dihydropteroate_synthases|FOLP|RequiresSNPConfirmation,1.0,1.0,1.0
MEG_6427|Drugs|betalactams|Class_A_betalactamases|SHV,0.0,41.0,0.0
MEG_2498|Drugs|Trimethoprim|Dihydrofolate_reductase|DFRA,39.0,0.0,20.0
MEG_6846|Drugs|betalactams|Class_A_betalactamases|TEM,40.0,0.0,17.0
MEG_350|Drugs|Aminoglycosides|Aminoglycoside_N-acetyltransferases|AAC6-PRIME,0.0,4.0,0.0
MEG_728|Drugs|betalactams|Class_C_betalactamases|AMPC,1073.0,3111.0,2480.0
MEG_4328|Multi-compound|Drug_and_biocide_resistance|Drug_and_biocide_RND_efflux_pumps|OQXA,45.0,92.0,0.0
MEG_8013|Drugs|Phenicol|Chloramphenicol_acetyltransferases|CATA,164.0,0.0,70.0
MEG_7181|Drugs|Tetracyclines|Tetracycline_resistance_ribosomal_protection_proteins|TETQ,122.0,125.0,112.0
MEG_6807|Drugs|betalactams|Class_A_betalactamases|TEM,0.0,68.0,0.0
MEG_798|Drugs|Aminoglycosides|Aminoglycoside_O-nucleotidyltransferases|ANT3-DPRIME,0.0,336.0,0.0
MEG_2456|Metals|Copper_resistance|Copper_resistance_protein|CUTC,3442.0,3797.0,3031.0
MEG_8674|Drugs|Rifampin|Rifampin-resistant_beta-subunit_of_RNA_polymerase_RpoB|RPOB,0.0,0.0,683.0
MEG_1578|Drugs|Phenicol|Chloramphenicol_acetyltransferases|CATA,139.0,0.0,76.0
MEG_3083|Multi-compound|Drug_and_biocide_resistance|Drug_and_biocide_RND_efflux_regulator|GADX,4370.0,6466.0,5882.0
MEG_7321|Drugs|Elfamycins|EF-Tu_inhibition|TUFAB|RequiresSNPConfirmation,18.0,4.0,12.0
MEG_6887|Drugs|betalactams|Class_A_betalactamases|TEM,0.0,144.0,0.0
MEG_2090|Metals|Multi-metal_resistance|Multi-metal_resistance_protein|CORC,2269.0,2583.0,2100.0
MEG_3751|Multi-compound|Drug_and_biocide_resistance|Drug_and_biocide_RND_efflux_pumps|MDTE,5490.0,9195.0,7722.0
MEG_5382|Drugs|Aminocoumarins|Aminocoumarin-resistant_DNA_topoisomerases|PARE|RequiresSNPConfirmation,0.0,0.0,0.0
MEG_1053|Drugs|Aminoglycosides|Aminoglycoside_O-phosphotransferases|APH3-DPRIME,128.0,1229.0,71.0
MEG_3999|Metals|Multi-metal_resistance|Multi-metal_resistance_protein|MNTP,3995.0,3691.0,3074.0
MEG_7312|Drugs|Elfamycins|EF-Tu_inhibition|TUFAB|RequiresSNPConfirmation,388.0,67.0,485.0
MEG_6914|Drugs|betalactams|Class_A_betalactamases|TEM,287.0,0.0,130.0
MEG_8680|Drugs|Aminoglycosides|Aminoglycoside-resistant_16S_ribosomal_subunit_protein|RRS|RequiresSNPConfirmation,13523.0,16235.0,14476.0
MEG_4332|Multi-compound|Drug_and_biocide_resistance|Drug_and_biocide_RND_efflux_pumps|OQXA,0.0,69.0,48.0
MEG_854|Drugs|Aminoglycosides|Aminoglycoside_O-nucleotidyltransferases|ANT3-DPRIME,20.0,0.0,0.0
MEG_2017|Metals|Copper_resistance|Copper_resistance_regulator|COMR,4215.0,4366.0,3973.0
MEG_986|Drugs|Aminoglycosides|Aminoglycoside_O-nucleotidyltransferases|ANT6,0.0,0.0,23.0
MEG_3591|Drugs|Lipopeptides|Daptomycin-resistant_mutant|LIAFSR|RequiresSNPConfirmation,0.0,0.0,0.0
MEG_3001|Drugs|Fosfomycin|Fosfomycin_thiol_transferases|FOSA,36.0,48.0,54.0
MEG_7096|Drugs|Tetracyclines|Tetracycline_resistance_MFS_efflux_pumps|TETL,0.0,535.0,505.0
MEG_7125|Drugs|Tetracyclines|Tetracycline_resistance_ribosomal_protection_proteins|TETM,0.0,0.0,177.0
MEG_2894|Metals|Multi-metal_resistance|Multi-metal_ABC_efflux_pumps|FECD,391.0,1573.0,584.0
MEG_2701|Biocides|Acid_resistance|Acid_resistance_protein|EEFA,951.0,1447.0,714.0
MEG_7370|Drugs|Glycopeptides|VanC-type_resistance_protein|VANC,108.0,0.0,114.0
MEG_408|Multi-compound|Drug_and_biocide_resistance|Drug_and_biocide_RND_efflux_pumps|ACRE,8783.0,9019.0,7683.0
MEG_1181|Biocides|Acid_resistance|Acid_resistance_protein|ASR,1925.0,2108.0,1625.0
MEG_5373|Drugs|Aminocoumarins|Aminocoumarin-resistant_DNA_topoisomerases|PARE|RequiresSNPConfirmation,0.0,708.0,1293.0
MEG_7117|Drugs|Tetracyclines|Tetracycline_resistance_ribosomal_protection_proteins|TETM,0.0,322.0,277.0
MEG_7837|Biocides|Multi-biocide_resistance|Multi-biocide_resistance_protein|YJCG,12797.0,13358.0,11095.0
MEG_5341|Drugs|Fluoroquinolones|Fluoroquinolone-resistant_DNA_topoisomerases|PARC|RequiresSNPConfirmation,0.0,0.0,0.0
MEG_5782|Multi-compound|Drug_and_biocide_resistance|Drug_and_biocide_ABC_efflux_regulator|PHOB|RequiresSNPConfirmation,370.0,548.0,365.0
MEG_1193|Multi-compound|Drug_and_biocide_and_metal_resistance|Drug_and_biocide_and_metal_RND_efflux_regulator|BAES,6381.0,6732.0,5385.0
MEG_2739|Drugs|Cationic_antimicrobial_peptides|Lipid_A_modification|EPTA,12262.0,12052.0,10543.0
MEG_2893|Metals|Multi-metal_resistance|Multi-metal_ABC_efflux_pumps|FECD,1266.0,4717.0,1501.0
MEG_4364|Multi-compound|Drug_and_biocide_resistance|Drug_and_biocide_RND_efflux_pumps|OQXB,0.0,122.0,79.0
MEG_2688|Metals|Multi-metal_resistance|Multi-metal_resistance_protein|DSBA,1928.0,1859.0,1611.0
MEG_951|Drugs|Aminoglycosides|Aminoglycoside_O-nucleotidyltransferases|ANT3-DPRIME,53.0,15.0,23.0
MEG_6910|Drugs|betalactams|Class_A_betalactamases|TEM,0.0,231.0,0.0
MEG_3661|Multi-compound|Drug_and_biocide_resistance|Drug_and_biocide_RND_efflux_regulator|MARA,999.0,1032.0,917.0
MEG_2690|Metals|Multi-metal_resistance|Multi-metal_resistance_protein|DSBB,1468.0,1690.0,1486.0
MEG_6878|Drugs|betalactams|Class_A_betalactamases|TEM,0.0,255.0,0.0
MEG_6900|Drugs|betalactams|Class_A_betalactamases|TEM,0.0,427.0,24.0
MEG_3934|Multi-compound|Drug_and_biocide_resistance|Drug_and_biocide_RND_efflux_regulator|MEXT,135.0,0.0,140.0
MEG_3141|Multi-compound|Biocide_and_metal_resistance|Biocide_and_metal_resistance_protein|GLPF,4230.0,4380.0,3635.0
MEG_961|Drugs|Aminoglycosides|Aminoglycoside_O-nucleotidyltransferases|ANT3-DPRIME,23.0,20.0,0.0
MEG_3447|Multi-compound|Drug_and_biocide_resistance|Drug_and_biocide_MFS_efflux_pumps|KDEA,685.0,1173.0,552.0
MEG_2801|Drugs|MLS|23S_rRNA_methyltransferases|ERMB,0.0,0.0,26.0
MEG_7869|Drugs|Aminoglycosides|Aminoglycoside_N-acetyltransferases|AAC3,161.0,0.0,60.0
MEG_3077|Biocides|Acid_resistance|Acid_resistance_protein|GADA,182.0,121.0,83.0
MEG_2120|Multi-compound|Drug_and_biocide_resistance|Drug_and_biocide_RND_efflux_regulator|CPXAR,1102.0,1695.0,886.0
MEG_8290|Drugs|betalactams|Mutant_porin_proteins|OMPK36|RequiresSNPConfirmation,2147.0,2379.0,2191.0
MEG_373|Multi-compound|Drug_and_biocide_resistance|Drug_and_biocide_MATE_efflux_pumps|ABEM,106.0,0.0,95.0
MEG_4326|Multi-compound|Drug_and_biocide_resistance|Drug_and_biocide_RND_efflux_pumps|OQXA,119.0,148.0,63.0
MEG_2091|Metals|Multi-metal_resistance|Multi-metal_resistance_protein|CORC,2485.0,2844.0,2331.0
MEG_6123|Drugs|Rifampin|Rifampin-resistant_beta-subunit_of_RNA_polymerase_RpoB|RPOB|RequiresSNPConfirmation,2.0,3.0,0.0
MEG_3175|Drugs|Lipopeptides|Daptomycin-resistant_mutant|GSHF|RequiresSNPConfirmation,0.0,0.0,0.0
MEG_8077|Multi-compound|Drug_and_biocide_resistance|Drug_and_biocide_ABC_efflux_pumps|EFRA,0.0,270.0,785.0
MEG_3201|Drugs|Fluoroquinolones|Fluoroquinolone-resistant_DNA_topoisomerases|GYRA|RequiresSNPConfirmation,0.0,0.0,0.0
MEG_4006|Metals|Multi-metal_resistance|Multi-metal_ABC_efflux_pumps|MODB,2583.0,2498.0,2234.0
MEG_3842|Metals|Mercury_resistance|Mercury_resistance_protein|MERA,397.0,131.0,0.0
MEG_1097|Drugs|Aminoglycosides|Aminoglycoside_O-phosphotransferases|APH6,62.0,1007.0,62.0
MEG_3762|Multi-compound|Drug_and_biocide_resistance|Drug_and_biocide_MFS_efflux_pumps|MDTM,3615.0,3519.0,3189.0
MEG_6615|Drugs|Sulfonamides|Sulfonamide-resistant_dihydropteroate_synthases|SULI,35.0,0.0,0.0
MEG_6687|Drugs|betalactams|Class_A_betalactamases|TEM,31.0,0.0,0.0
MEG_6738|Drugs|betalactams|Class_A_betalactamases|TEM,12.0,0.0,0.0
MEG_6019|Drugs|Fluoroquinolones|Quinolone_resistance_protein_Qnr|QNRS,22.0,0.0,0.0
MEG_7135|Drugs|Tetracyclines|Tetracycline_resistance_ribosomal_protection_proteins|TETM,0.0,0.0,74.0
MEG_4167|Metals|Nickel_resistance|Nickel_ABC_efflux_pumps|NIKA,12105.0,12266.0,10436.0
MEG_3587|Drugs|Lipopeptides|Daptomycin-resistant_mutant|LIAFSR|RequiresSNPConfirmation,0.0,0.0,0.0
MEG_5346|Drugs|Fluoroquinolones|Fluoroquinolone-resistant_DNA_topoisomerases|PARC|RequiresSNPConfirmation,0.0,0.0,0.0
MEG_8070|Drugs|Trimethoprim|Dihydrofolate_reductase|DFRB|RequiresSNPConfirmation,18.0,0.0,0.0
MEG_6468|Drugs|betalactams|Class_A_betalactamases|SHV,0.0,16.0,0.0
MEG_3244|Drugs|Aminocoumarins|Aminocoumarin-resistant_DNA_topoisomerases|GYRBA|RequiresSNPConfirmation,8.0,4.0,1.0
MEG_6671|Drugs|betalactams|Class_A_betalactamases|TEM,0.0,51.0,0.0
MEG_2577|Drugs|Trimethoprim|Dihydrofolate_reductase|DFRE,0.0,68.0,211.0
