gene_accession,cipmet20_S2,cipmet20_S1,cipmet20_S3
MEG_5883|Drugs|Fluoroquinolones|Quinolone_resistance_protein_Qnr|QNRB,2813.0,915.0,2531.0
MEG_1693|Drugs|betalactams|Class_A_betalactamases|CFX,11.0,0.0,0.0
MEG_7240|Drugs|Tetracyclines|Tetracycline_inactivation_enzymes|TETX,0.0,0.0,20.0
MEG_7015|Drugs|Tetracyclines|Tetracycline_resistance_MFS_efflux_pumps|TETA,214.0,156.0,271.0
MEG_3756|Multi-compound|Drug_and_biocide_resistance|Drug_and_biocide_SMR_efflux_pumps|MDTI,2380.0,1078.0,2079.0
MEG_6890|Drugs|betalactams|Class_A_betalactamases|TEM,18.0,39.0,0.0
MEG_1478|Drugs|Glycopeptides|Bleomycin_resistance_protein|BRP,8.0,0.0,0.0
MEG_410|Multi-compound|Drug_and_biocide_resistance|Drug_and_biocide_RND_efflux_pumps|ACRF,10496.0,4853.0,8340.0
MEG_3068|Drugs|Fusidic_acid|Ribosomal_zinc-binding_protein|FUSC,0.0,1687.0,48.0
MEG_6909|Drugs|betalactams|Class_A_betalactamases|TEM,138.0,275.0,0.0
MEG_6359|Drugs|betalactams|Class_A_betalactamases|SHV,0.0,0.0,12.0
MEG_2835|Drugs|MLS|23S_rRNA_methyltransferases|ERMG,0.0,20.0,0.0
MEG_2680|Metals|Multi-metal_resistance|Multi-metal_resistance_protein|DSBA,193.0,101.0,170.0
MEG_7329|Drugs|Fosfomycin|Fosfomycin_target_mutation|UHPT|RequiresSNPConfirmation,3.0,127.0,39.0
MEG_7864|Metals|Multi-metal_resistance|Multi-metal_resistance_regulator|ZRAS,8730.0,4002.0,6988.0
MEG_6113|Drugs|Rifampin|Rifampin-resistant_beta-subunit_of_RNA_polymerase_RpoB|RPOB|RequiresSNPConfirmation,1604.0,432.0,0.0
MEG_6106|Drugs|Rifampin|Rifampin-resistant_beta-subunit_of_RNA_polymerase_RpoB|RPOB|RequiresSNPConfirmation,117.0,41.0,4.0
MEG_2690|Metals|Multi-metal_resistance|Multi-metal_resistance_protein|DSBB,1447.0,721.0,1296.0
MEG_7321|Drugs|Elfamycins|EF-Tu_inhibition|TUFAB|RequiresSNPConfirmation,17.0,170.0,66.0
MEG_6925|Drugs|betalactams|Class_A_betalactamases|TEM,20.0,49.0,0.0
MEG_6875|Drugs|betalactams|Class_A_betalactamases|TEM,0.0,422.0,0.0
MEG_5343|Drugs|Fluoroquinolones|Fluoroquinolone-resistant_DNA_topoisomerases|PARC|RequiresSNPConfirmation,0.0,0.0,0.0
MEG_3588|Drugs|Lipopeptides|Daptomycin-resistant_mutant|LIAFSR|RequiresSNPConfirmation,1.0,0.0,0.0
MEG_7199|Drugs|Tetracyclines|Tetracycline_resistance_ribosomal_protection_proteins|TETS,116.0,0.0,0.0
MEG_1229|Multi-compound|Drug_and_biocide_resistance|Drug_and_biocide_MATE_efflux_pumps|BEXA,139.0,105.0,183.0
MEG_4286|Drugs|Multi-drug_resistance|MDR_mutant_porin_proteins|OMPF|RequiresSNPConfirmation,158.0,68.0,389.0
MEG_7024|Drugs|Tetracyclines|Tetracycline_resistance_MFS_efflux_pumps|TETA,457.0,436.0,626.0
MEG_3758|Multi-compound|Drug_and_biocide_resistance|Drug_and_biocide_MATE_efflux_pumps|MDTK,3686.0,1788.0,3325.0
MEG_5930|Drugs|Fluoroquinolones|Quinolone_resistance_protein_Qnr|QNRB,7878.0,2803.0,7134.0
MEG_4005|Metals|Multi-metal_resistance|Multi-metal_ABC_efflux_pumps|MODB,1176.0,601.0,976.0
MEG_2795|Drugs|MLS|23S_rRNA_methyltransferases|ERMB,0.0,10.0,0.0
MEG_7018|Drugs|Tetracyclines|Tetracycline_resistance_MFS_efflux_pumps|TETA,113.0,103.0,162.0
MEG_6270|Drugs|betalactams|Class_A_betalactamases|SHV,0.0,0.0,13.0
MEG_2493|Drugs|Trimethoprim|Dihydrofolate_reductase|DFRA,18.0,0.0,0.0
MEG_1004|Drugs|Aminoglycosides|Aminoglycoside_O-nucleotidyltransferases|ANT9,167.0,0.0,0.0
MEG_2930|Drugs|Phenicol|Phenicol_resistance_MFS_efflux_pumps|FLOR,0.0,22.0,0.0
MEG_1652|Biocides|Biguanide_resistance|Biguanide_cation_efflux|CEPAB,591.0,171.0,1129.0
MEG_7319|Drugs|Elfamycins|EF-Tu_inhibition|TUFAB|RequiresSNPConfirmation,11.0,193.0,81.0
MEG_2452|Metals|Multi-metal_resistance|Multi-metal_RND_efflux_regulator|CUSR,5711.0,2584.0,4814.0
MEG_1692|Drugs|betalactams|Class_A_betalactamases|CFX,0.0,0.0,8.0
MEG_3590|Drugs|Lipopeptides|Daptomycin-resistant_mutant|LIAFSR|RequiresSNPConfirmation,0.0,0.0,0.0
MEG_1280|Drugs|betalactams|Class_C_betalactamases|BLAEC,169.0,95.0,125.0
MEG_4359|Multi-compound|Drug_and_biocide_resistance|Drug_and_biocide_RND_efflux_pumps|OQXB,0.0,0.0,76.0
MEG_2831|Drugs|MLS|23S_rRNA_methyltransferases|ERMF,19.0,0.0,8.0
MEG_5896|Drugs|Fluoroquinolones|Quinolone_resistance_protein_Qnr|QNRB,2329.0,827.0,2076.0
MEG_7318|Drugs|Elfamycins|EF-Tu_inhibition|TUFAB|RequiresSNPConfirmation,36.0,91.0,0.0
MEG_4358|Multi-compound|Drug_and_biocide_resistance|Drug_and_biocide_RND_efflux_pumps|OQXB,0.0,0.0,96.0
MEG_5373|Drugs|Aminocoumarins|Aminocoumarin-resistant_DNA_topoisomerases|PARE|RequiresSNPConfirmation,1490.0,1304.0,443.0
MEG_5387|Drugs|Aminocoumarins|Aminocoumarin-resistant_DNA_topoisomerases|PARE|RequiresSNPConfirmation,0.0,0.0,0.0
MEG_8634|Drugs|Lipopeptides|Colistin-resistant_mutant|PMRAR|RequiresSNPConfirmation,4986.0,2494.0,4078.0
MEG_6163|Drugs|Nucleosides|Streptothricin_acetyltransferase|SAT,19.0,11.0,0.0
MEG_4002|Metals|Multi-metal_resistance|Multi-metal_ABC_efflux_pumps|MODA,6274.0,3007.0,5121.0
MEG_2158|Drugs|betalactams|Class_A_betalactamases|CTX,0.0,0.0,14.0
MEG_6595|Drugs|Sulfonamides|Sulfonamide-resistant_dihydropteroate_synthases|SULI,0.0,0.0,19.0
MEG_2619|Drugs|Trimethoprim|Dihydrofolate_reductase|DHFR|RequiresSNPConfirmation,25.0,181.0,16.0
MEG_3642|Drugs|MLS|MLS_resistance_ABC_efflux_pumps|LSA,261.0,0.0,41.0
MEG_7060|Drugs|Tetracyclines|Tetracycline_resistance_MFS_efflux_pumps|TETC,0.0,83.0,0.0
MEG_8290|Drugs|betalactams|Mutant_porin_proteins|OMPK36|RequiresSNPConfirmation,1930.0,0.0,1665.0
MEG_8289|Drugs|Multi-drug_resistance|MDR_mutant_porin_proteins|OMPK|RequiresSNPConfirmation,479.0,117.0,749.0
MEG_3887|Metals|Mercury_resistance|Mercury_resistance_regulator|MERR2,69.0,78.0,0.0
MEG_7303|Drugs|Elfamycins|EF-Tu_inhibition|TUFAB|RequiresSNPConfirmation,1920.0,2733.0,1652.0
MEG_6900|Drugs|betalactams|Class_A_betalactamases|TEM,35.0,86.0,0.0
MEG_4179|Drugs|Metronidazole|nim_nitroimidazole_reductase|NIMA,0.0,33.0,0.0
MEG_6111|Drugs|Rifampin|Rifampin-resistant_beta-subunit_of_RNA_polymerase_RpoB|RPOB|RequiresSNPConfirmation,0.0,0.0,0.0
MEG_4128|Metals|Nickel_resistance|Nickel_MFS_efflux_regulator|NCRYN,90.0,41.0,22.0
MEG_8461|Drugs|betalactams|Penicillin_binding_protein|PBP5|RequiresSNPConfirmation,112.0,80.0,231.0
MEG_8700|Multi-compount|Biocide_and_metal_resistance|Biocide_and_metal_ABC_efflux_pumps|SITABCD,2680.0,1768.0,4032.0
MEG_2385|Drugs|betalactams|Class_A_betalactamases|CTX,0.0,0.0,8.0
MEG_2430|Drugs|betalactams|Class_A_betalactamases|CTX,9886.0,4139.0,7048.0
MEG_2675|Metals|Multi-metal_resistance|Multi-metal_resistance_protein|DSBA,205.0,74.0,158.0
MEG_2518|Drugs|Trimethoprim|Dihydrofolate_reductase|DFRA,27.0,102.0,0.0
MEG_847|Drugs|Aminoglycosides|Aminoglycoside_O-nucleotidyltransferases|ANT3-DPRIME,0.0,0.0,10.0
MEG_32|Drugs|Aminoglycosides|Aminoglycoside_N-acetyltransferases|AAC3,16.0,0.0,0.0
MEG_4057|Drugs|Lipopeptides|Daptomycin-resistant_mutant|MPRFD|RequiresSNPConfirmation,0.0,6.0,2.0
MEG_7854|Metals|Zinc_resistance|Zinc_resistance_regulator|ZNTR,2939.0,1424.0,2350.0
MEG_5390|Drugs|Aminocoumarins|Aminocoumarin-resistant_DNA_topoisomerases|PARE|RequiresSNPConfirmation,0.0,0.0,0.0
MEG_6586|Drugs|Sulfonamides|Sulfonamide-resistant_dihydropteroate_synthases|SULI,0.0,0.0,54.0
MEG_4344|Multi-compound|Drug_and_biocide_resistance|Drug_and_biocide_RND_efflux_pumps|OQXB,88.0,0.0,0.0
MEG_6610|Drugs|Sulfonamides|Sulfonamide-resistant_dihydropteroate_synthases|SULI,0.0,0.0,31.0
MEG_2431|Drugs|betalactams|Class_A_betalactamases|CTX,0.0,0.0,109.0
MEG_3619|Drugs|MLS|Lincosamide_nucleotidyltransferases|LNUF,0.0,0.0,11.0
MEG_769|Drugs|Aminoglycosides|Aminoglycoside_O-nucleotidyltransferases|ANT3-DPRIME,0.0,0.0,26.0
MEG_1455|Drugs|betalactams|Class_A_betalactamases|BLAZ,0.0,29.0,0.0
MEG_1144|Metals|Multi-metal_resistance|Multi-metal_resistance_protein|ARSA,0.0,145.0,0.0
MEG_6082|Multi-compound|Drug_and_biocide_and_metal_resistance|Drug_and_biocide_and_metal_RND_efflux_pumps|ROBA,6099.0,2811.0,4899.0
MEG_6613|Drugs|Sulfonamides|Sulfonamide-resistant_dihydropteroate_synthases|SULI,20.0,0.0,69.0
MEG_4006|Metals|Multi-metal_resistance|Multi-metal_ABC_efflux_pumps|MODB,2434.0,1119.0,2000.0
MEG_3817|Drugs|MLS|MLS_resistance_MFS_efflux_pumps|MEFA,27.0,35.0,0.0
MEG_7974|Drugs|betalactams|Class_C_betalactamase_regulator|AMPCR|RequiresSNPConfirmation,1168.0,590.0,949.0
MEG_6026|Drugs|Fluoroquinolones|Quinolone_resistance_protein_Qnr|QNRS,43.0,29.0,69.0
MEG_1150|Metals|Multi-metal_resistance|Multi-metal_resistance_protein|ARSBM,0.0,846.0,0.0
MEG_866|Drugs|Aminoglycosides|Aminoglycoside_O-nucleotidyltransferases|ANT3-DPRIME,0.0,0.0,15.0
MEG_2693|Drugs|Multi-drug_resistance|Multi-drug_ABC_efflux_pumps|EATAV|RequiresSNPConfirmation,0.0,0.0,0.0
MEG_2423|Drugs|betalactams|Class_A_betalactamases|CTX,30.0,0.0,120.0
MEG_1590|Drugs|Phenicol|Chloramphenicol_acetyltransferases|CATA,0.0,30.0,0.0
MEG_3200|Drugs|Fluoroquinolones|Fluoroquinolone-resistant_DNA_topoisomerases|GYRA|RequiresSNPConfirmation,0.0,0.0,0.0
MEG_7016|Drugs|Tetracyclines|Tetracycline_resistance_MFS_efflux_pumps|TETA,227.0,346.0,268.0
MEG_7017|Drugs|Tetracyclines|Tetracycline_resistance_MFS_efflux_pumps|TETA,105.0,198.0,120.0
MEG_2730|Multi-compound|Drug_and_biocide_resistance|Drug_and_biocide_MFS_efflux_pumps|EMRD,4047.0,1971.0,3508.0
MEG_4352|Multi-compound|Drug_and_biocide_resistance|Drug_and_biocide_RND_efflux_pumps|OQXB,0.0,0.0,151.0
MEG_6506|Metals|Multi-metal_resistance|Multi-metal_RND_efflux_pumps|SILP,335.0,181.0,196.0
MEG_1119|Drugs|Multi-drug_resistance|MDR_regulator|ARLS,72.0,1708.0,907.0
MEG_1117|Drugs|Multi-drug_resistance|MDR_regulator|ARLR,0.0,0.0,180.0
MEG_2677|Metals|Multi-metal_resistance|Multi-metal_resistance_protein|DSBA,180.0,77.0,155.0
MEG_5366|Drugs|Aminocoumarins|Aminocoumarin-resistant_DNA_topoisomerases|PARE|RequiresSNPConfirmation,0.0,0.0,0.0
MEG_2734|Multi-compound|Drug_and_biocide_resistance|Drug_and_biocide_MFS_efflux_regulator|EMRR,4178.0,1928.0,3365.0
MEG_2092|Metals|Multi-metal_resistance|Multi-metal_resistance_protein|CORD,1549.0,723.0,1137.0
MEG_3140|Multi-compound|Biocide_and_metal_resistance|Biocide_and_metal_resistance_protein|GLPF,834.0,348.0,933.0
MEG_5902|Drugs|Fluoroquinolones|Quinolone_resistance_protein_Qnr|QNRB,79.0,0.0,213.0
MEG_3244|Drugs|Aminocoumarins|Aminocoumarin-resistant_DNA_topoisomerases|GYRBA|RequiresSNPConfirmation,2.0,1.0,3.0
MEG_4343|Multi-compound|Drug_and_biocide_resistance|Drug_and_biocide_RND_efflux_pumps|OQXB,144.0,0.0,181.0
MEG_6587|Drugs|Sulfonamides|Sulfonamide-resistant_dihydropteroate_synthases|SULI,20.0,0.0,58.0
MEG_8680|Drugs|Aminoglycosides|Aminoglycoside-resistant_16S_ribosomal_subunit_protein|RRS|RequiresSNPConfirmation,7012.0,17829.0,8127.0
MEG_2451|Metals|Multi-metal_resistance|Multi-metal_RND_efflux_pumps|CUSF,2510.0,1249.0,2096.0
MEG_1279|Drugs|betalactams|Class_C_betalactamases|BLAEC,777.0,118.0,377.0
MEG_3288|Biocides|Peroxide_resistance|Peroxide_resistance_stress_protein|IBPB,1354.0,611.0,1081.0
MEG_6543|Biocides|Peroxide_resistance|peroxide_resistance_protein|SODA,475.0,226.0,372.0
MEG_6029|Drugs|Fluoroquinolones|Quinolone_resistance_protein_Qnr|QNRS,48.0,19.0,59.0
MEG_7061|Drugs|Tetracyclines|Tetracycline_resistance_MFS_efflux_pumps|TETC,0.0,49.0,0.0
MEG_925|Drugs|Aminoglycosides|Aminoglycoside_O-nucleotidyltransferases|ANT3-DPRIME,0.0,192.0,0.0
MEG_929|Drugs|Aminoglycosides|Aminoglycoside_O-nucleotidyltransferases|ANT3-DPRIME,0.0,0.0,20.0
MEG_3201|Drugs|Fluoroquinolones|Fluoroquinolone-resistant_DNA_topoisomerases|GYRA|RequiresSNPConfirmation,0.0,0.0,0.0
MEG_414|Multi-compound|Drug_and_biocide_resistance|Drug_and_biocide_RND_efflux_regulator|ACRR|RequiresSNPConfirmation,2.0,2.0,14.0
MEG_2118|Multi-compound|Drug_and_biocide_resistance|Drug_and_biocide_RND_efflux_regulator|CPXAR,1153.0,714.0,1079.0
MEG_4210|Multi-compound|Drug_and_biocide_resistance|Drug_and_biocide_MFS_efflux_pumps|NORB,140.0,4656.0,2205.0
MEG_2993|Drugs|Fosfomycin|Fosfomycin_thiol_transferases|FOSA,71.0,12.0,132.0
MEG_6889|Drugs|betalactams|Class_A_betalactamases|TEM,0.0,51.0,0.0
MEG_2828|Drugs|MLS|23S_rRNA_methyltransferases|ERMF,0.0,6.0,0.0
MEG_1195|Multi-compound|Drug_and_biocide_and_metal_resistance|Drug_and_biocide_and_metal_RND_efflux_regulator|BAES,4358.0,1949.0,3654.0
MEG_7851|Metals|Zinc_resistance|Zinc_resistance_protein|ZITB,5824.0,2880.0,5228.0
MEG_7833|Multi-compound|Biocide_and_metal_resistance|Biocide_and_metal_resistance_protein|YHCN,2004.0,992.0,1686.0
MEG_7117|Drugs|Tetracyclines|Tetracycline_resistance_ribosomal_protection_proteins|TETM,0.0,0.0,96.0
MEG_8659|Drugs|Multi-drug_resistance|Multi-drug_RND_efflux_regulator|RAMR|RequiresSNPConfirmation,129.0,23.0,236.0
MEG_2674|Metals|Multi-metal_resistance|Multi-metal_resistance_protein|DSBA,169.0,85.0,157.0
MEG_1275|Drugs|betalactams|Class_C_betalactamases|BLAEC,185.0,347.0,209.0
MEG_3831|Drugs|Lipopeptides|Lysocin-resistant_mutant|MENA|RequiresSNPConfirmation,0.0,0.0,0.0
MEG_6621|Drugs|Sulfonamides|Sulfonamide-resistant_dihydropteroate_synthases|SULII,110.0,203.0,139.0
MEG_4029|Drugs|MLS|Macrolide_phosphotransferases|MPHA,247.0,105.0,648.0
MEG_3187|Drugs|Fluoroquinolones|Fluoroquinolone-resistant_DNA_topoisomerases|GYRA|RequiresSNPConfirmation,68.0,141.0,13.0
MEG_6589|Drugs|Sulfonamides|Sulfonamide-resistant_dihydropteroate_synthases|SULI,0.0,0.0,35.0
MEG_2804|Drugs|MLS|23S_rRNA_methyltransferases|ERMB,9.0,22.0,0.0
MEG_1584|Drugs|Phenicol|Chloramphenicol_acetyltransferases|CATA,44.0,16.0,0.0
MEG_5420|Metals|Copper_resistance|Copper_resistance_protein|PCOC,236.0,180.0,127.0
MEG_4072|Drugs|MLS|MLS_resistance_ABC_efflux_pumps|MSRC,93.0,0.0,0.0
MEG_4329|Multi-compound|Drug_and_biocide_resistance|Drug_and_biocide_RND_efflux_pumps|OQXA,46.0,0.0,74.0
MEG_7884|Multi-compound|Drug_and_biocide_resistance|Drug_and_biocide_RND_efflux_regulator|ACRR|RequiresSNPConfirmation,94.0,27.0,170.0
MEG_4364|Multi-compound|Drug_and_biocide_resistance|Drug_and_biocide_RND_efflux_pumps|OQXB,0.0,0.0,161.0
MEG_4177|Metals|Nickel_resistance|Nickel_ABC_efflux_regulator|NIKR,3058.0,1483.0,2652.0
MEG_3514|Multi-compound|Drug_and_biocide_resistance|Drug_and_biocide_SMR_efflux_pumps|KPNE,167.0,43.0,323.0
MEG_2636|Drugs|Trimethoprim|Dihydrofolate_reductase|DHFR|RequiresSNPConfirmation,0.0,18.0,0.0
MEG_7129|Drugs|Tetracyclines|Tetracycline_resistance_ribosomal_protection_proteins|TETM,0.0,0.0,207.0
MEG_1107|Biocides|Multi-biocide_resistance|Multi-biocide_resistance_regulator|ARIR,2107.0,989.0,1768.0
MEG_137|Drugs|Aminoglycosides|Aminoglycoside_N-acetyltransferases|AAC6-PRIME,9.0,0.0,27.0
MEG_7861|Metals|Zinc_resistance|Zinc_resistance_regulator|ZRAR,1428.0,0.0,0.0
MEG_2083|Metals|Copper_resistance|Copper_resistance_regulator|COPZ,15.0,12.0,45.0
MEG_1156|Metals|Arsenic_resistance|Arsenic_resistance_protein|ARSC,15.0,536.0,131.0
MEG_8712|Drugs|betalactams|Class_A_betalactamases|TEM,0.0,0.0,8.0
MEG_2310|Drugs|betalactams|Class_A_betalactamases|CTX,0.0,0.0,10.0
MEG_6608|Drugs|Sulfonamides|Sulfonamide-resistant_dihydropteroate_synthases|SULI,0.0,0.0,38.0
MEG_2535|Drugs|Trimethoprim|Dihydrofolate_reductase|DFRA,0.0,8.0,0.0
MEG_2714|Biocides|Quaternary_Ammonium_Compounds_(QACs)_resistance|QAC_efflux_pump|EMEA,670.0,312.0,88.0
MEG_6931|Drugs|betalactams|Class_A_betalactamases|TEM,0.0,47.0,0.0
MEG_2738|Drugs|MLS|23S_rRNA_methyltransferases|EMTA,188.0,0.0,0.0
MEG_2899|Multi-compound|Biocide_and_metal_resistance|Biocide_and_metal_ABC_efflux_pumps|FETB,3206.0,1498.0,2743.0
MEG_7118|Drugs|Tetracyclines|Tetracycline_resistance_ribosomal_protection_proteins|TETM,0.0,211.0,64.0
MEG_7309|Drugs|Elfamycins|EF-Tu_inhibition|TUFAB|RequiresSNPConfirmation,0.0,91.0,63.0
MEG_874|Drugs|Aminoglycosides|Aminoglycoside_O-nucleotidyltransferases|ANT3-DPRIME,0.0,0.0,38.0
MEG_959|Drugs|Aminoglycosides|Aminoglycoside_O-nucleotidyltransferases|ANT3-DPRIME,0.0,0.0,10.0
MEG_5782|Multi-compound|Drug_and_biocide_resistance|Drug_and_biocide_ABC_efflux_regulator|PHOB|RequiresSNPConfirmation,399.0,150.0,600.0
MEG_3081|Multi-compound|Drug_and_biocide_resistance|Drug_and_biocide_RND_efflux_regulator|GADW,1997.0,1223.0,1149.0
MEG_2529|Drugs|Trimethoprim|Dihydrofolate_reductase|DFRA,32.0,0.0,0.0
MEG_399|Multi-compound|Drug_and_biocide_resistance|Drug_and_biocide_RND_efflux_pumps|ACRA,8364.0,4039.0,6785.0
MEG_8232|Drugs|Multi-drug_resistance|Multi-drug_ABC_efflux_pumps|LPTD,1166.0,326.0,2171.0
MEG_6028|Drugs|Fluoroquinolones|Quinolone_resistance_protein_Qnr|QNRS,81.0,13.0,105.0
MEG_2702|Biocides|Acid_resistance|Acid_resistance_protein|EEFX,142.0,40.0,246.0
MEG_6612|Drugs|Sulfonamides|Sulfonamide-resistant_dihydropteroate_synthases|SULI,0.0,0.0,58.0
MEG_3755|Multi-compound|Drug_and_biocide_resistance|Drug_and_biocide_MFS_efflux_pumps|MDTH,7874.0,3587.0,6524.0
MEG_974|Drugs|Aminoglycosides|Aminoglycoside_O-nucleotidyltransferases|ANT3-DPRIME,0.0,0.0,14.0
MEG_1278|Drugs|betalactams|Class_C_betalactamases|BLAEC,598.0,206.0,721.0
MEG_1148|Metals|Multi-metal_resistance|Multi-metal_resistance_protein|ARSBM,2843.0,1187.0,2443.0
MEG_7180|Drugs|Tetracyclines|Tetracycline_resistance_ribosomal_protection_proteins|TETQ,42.0,39.0,39.0
MEG_6505|Metals|Multi-metal_resistance|Multi-metal_RND_efflux_pumps|SILF,65.0,38.0,26.0
MEG_3245|Drugs|Aminocoumarins|Aminocoumarin-resistant_DNA_topoisomerases|GYRBA|RequiresSNPConfirmation,0.0,1.0,0.0
MEG_2085|Metals|Multi-metal_resistance|Multi-metal_resistance_protein|CORA,3056.0,1495.0,2551.0
MEG_4353|Multi-compound|Drug_and_biocide_resistance|Drug_and_biocide_RND_efflux_pumps|OQXB,0.0,0.0,114.0
MEG_3083|Multi-compound|Drug_and_biocide_resistance|Drug_and_biocide_RND_efflux_regulator|GADX,2426.0,1750.0,1546.0
MEG_4000|Metals|Multi-metal_resistance|Multi-metal_resistance_protein|MNTR,3672.0,1734.0,3063.0
MEG_2527|Drugs|Trimethoprim|Dihydrofolate_reductase|DFRA,25.0,8.0,37.0
MEG_5379|Drugs|Aminocoumarins|Aminocoumarin-resistant_DNA_topoisomerases|PARE|RequiresSNPConfirmation,0.0,0.0,0.0
MEG_6932|Drugs|betalactams|Class_A_betalactamases|TEM,0.0,36.0,0.0
MEG_7526|Drugs|Glycopeptides|VanC-type_resistance_protein|VANTC,293.0,402.0,225.0
MEG_8145|Drugs|Fluoroquinolones|Fluoroquinolone-resistant_DNA_topoisomerases|GYRA|RequiresSNPConfirmation,192.0,199.0,578.0
MEG_730|Drugs|betalactams|Penicillin_binding_protein|AMPH,696.0,214.0,1243.0
MEG_2721|Multi-compound|Drug_and_biocide_resistance|Drug_and_biocide_MFS_efflux_pumps|EMRA,2609.0,1376.0,2199.0
MEG_6588|Drugs|Sulfonamides|Sulfonamide-resistant_dihydropteroate_synthases|SULI,0.0,0.0,39.0
MEG_3271|Drugs|Multi-drug_resistance|Multi-drug_RND_efflux_pumps|HNS,3252.0,1418.0,3068.0
MEG_3834|Multi-compound|Drug_and_biocide_resistance|Drug_and_biocide_MATE_efflux_pumps|MEPA,39.0,1650.0,793.0
MEG_7121|Drugs|Tetracyclines|Tetracycline_resistance_ribosomal_protection_proteins|TETM,351.0,36.0,37.0
MEG_2673|Metals|Multi-metal_resistance|Multi-metal_resistance_protein|DSBA,172.0,113.0,163.0
MEG_963|Drugs|Aminoglycosides|Aminoglycoside_O-nucleotidyltransferases|ANT3-DPRIME,34.0,0.0,63.0
MEG_5344|Drugs|Fluoroquinolones|Fluoroquinolone-resistant_DNA_topoisomerases|PARC|RequiresSNPConfirmation,0.0,0.0,0.0
MEG_2787|Drugs|MLS|23S_rRNA_methyltransferases|ERMA,0.0,0.0,1224.0
MEG_4254|Drugs|betalactams|Class_A_betalactamases|OKP,43.0,0.0,0.0
MEG_3896|Metals|Mercury_resistance|Mercury_resistance_protein|MERT,199.0,580.0,30.0
MEG_952|Drugs|Aminoglycosides|Aminoglycoside_O-nucleotidyltransferases|ANT3-DPRIME,0.0,0.0,127.0
MEG_2551|Drugs|Trimethoprim|Dihydrofolate_reductase|DFRA,30.0,0.0,117.0
MEG_2867|Biocides|Acid_resistance|Acid_resistance_regulator|EVGA,4022.0,1897.0,3562.0
MEG_3236|Drugs|Fluoroquinolones|Fluoroquinolone-resistant_DNA_topoisomerases|GYRA|RequiresSNPConfirmation,0.0,0.0,0.0
MEG_1698|Drugs|betalactams|Class_A_betalactamases|CFX,0.0,21.0,0.0
MEG_1283|Drugs|betalactams|Class_C_betalactamases|BLAEC,185.0,82.0,130.0
MEG_6910|Drugs|betalactams|Class_A_betalactamases|TEM,0.0,31.0,0.0
MEG_4325|Multi-compound|Drug_and_biocide_resistance|Drug_and_biocide_RND_efflux_pumps|OQXA,67.0,0.0,116.0
MEG_2897|Metals|Multi-metal_resistance|Multi-metal_ABC_efflux_pumps|FECE,1727.0,1223.0,1325.0
MEG_3144|Drugs|Fosfomycin|Fosfomycin_target_mutation|GLPT|RequiresSNPConfirmation,365.0,146.0,308.0
MEG_2487|Drugs|Trimethoprim|Dihydrofolate_reductase|DFRA,22.0,6.0,80.0
MEG_2614|Drugs|Phenicol|Phenicol_resistance_MFS_efflux_pumps|DHAP,134.0,4280.0,1489.0
MEG_1568|Drugs|Phenicol|Chloramphenicol_acetyltransferases|CATA,0.0,9.0,0.0
MEG_1096|Drugs|Aminoglycosides|Aminoglycoside_O-phosphotransferases|APH6,197.0,259.0,252.0
MEG_3745|Multi-compound|Drug_and_biocide_and_metal_resistance|Drug_and_biocide_and_metal_RND_efflux_pumps|MDTA,51.0,0.0,0.0
MEG_6627|Drugs|Sulfonamides|Sulfonamide-resistant_dihydropteroate_synthases|SULII,104.0,230.0,171.0
MEG_2911|Drugs|Phenicol|Phenicol_resistance_MFS_efflux_pumps|FLOR,0.0,18.0,0.0
MEG_891|Drugs|Aminoglycosides|Aminoglycoside_O-nucleotidyltransferases|ANT3-DPRIME,7.0,0.0,25.0
MEG_7108|Drugs|Tetracyclines|Tetracycline_resistance_ribosomal_protection_proteins|TETM,164.0,0.0,0.0
MEG_7374|Drugs|Glycopeptides|VanC-type_resistance_protein|VANC,240.0,185.0,118.0
MEG_965|Drugs|Aminoglycosides|Aminoglycoside_O-nucleotidyltransferases|ANT3-DPRIME,0.0,0.0,28.0
MEG_1190|Drugs|Bacitracin|Undecaprenyl_pyrophosphate_phosphatase|BACA,4417.0,2284.0,3699.0
MEG_6959|Metals|Tellurium_resistance|Tellurium_resistance_protein|TERE,192.0,0.0,61.0
MEG_211|Drugs|Aminoglycosides|Aminoglycoside_N-acetyltransferases|AAC6-PRIME,34.0,0.0,0.0
MEG_6540|Biocides|Peroxide_resistance|peroxide_resistance_protein|SODA,2987.0,1610.0,2483.0
MEG_3448|Drugs|Aminoglycosides|Aminoglycoside_efflux_pumps|KDPE,6036.0,2869.0,5060.0
MEG_3296|Drugs|Mupirocin|Mupirocin-resistant_isoleucyl-tRNA_synthetase|ILES|RequiresSNPConfirmation,0.0,1.0,0.0
MEG_1328|Drugs|betalactams|Class_A_betalactamases|BLAZ,0.0,0.0,20.0
MEG_3082|Multi-compound|Drug_and_biocide_resistance|Drug_and_biocide_RND_efflux_regulator|GADW,194.0,293.0,357.0
MEG_3761|Multi-compound|Drug_and_biocide_resistance|Drug_and_biocide_MFS_efflux_pumps|MDTM,5256.0,2277.0,4184.0
MEG_2732|Multi-compound|Drug_and_biocide_resistance|Drug_and_biocide_MFS_efflux_pumps|EMRK,4590.0,2283.0,3834.0
MEG_4355|Multi-compound|Drug_and_biocide_resistance|Drug_and_biocide_RND_efflux_pumps|OQXB,275.0,0.0,934.0
MEG_3759|Multi-compound|Drug_and_biocide_resistance|Drug_and_biocide_MATE_efflux_pumps|MDTK,4812.0,2193.0,4364.0
MEG_3897|Metals|Mercury_resistance|Mercury_resistance_protein|MERT,135.0,230.0,28.0
MEG_4328|Multi-compound|Drug_and_biocide_resistance|Drug_and_biocide_RND_efflux_pumps|OQXA,0.0,0.0,46.0
MEG_3736|Multi-compound|Drug_and_biocide_resistance|Drug_and_biocide_MFS_efflux_pumps|MDFA,1905.0,861.0,1541.0
MEG_2509|Drugs|Trimethoprim|Dihydrofolate_reductase|DFRA,0.0,13.0,0.0
MEG_1182|Biocides|Acid_resistance|Acid_resistance_protein|ASR,709.0,312.0,577.0
MEG_3295|Drugs|Mupirocin|Mupirocin-resistant_isoleucyl-tRNA_synthetase|ILES,299.0,0.0,0.0
MEG_3080|Biocides|Acid_resistance|Acid_resistance_regulator|GADE,3873.0,1784.0,2962.0
MEG_1085|Drugs|Aminoglycosides|Aminoglycoside_O-phosphotransferases|APH6,198.0,307.0,246.0
MEG_968|Drugs|Aminoglycosides|Aminoglycoside_O-nucleotidyltransferases|ANT3-DPRIME,34.0,25.0,20.0
MEG_6635|Drugs|Sulfonamides|Sulfonamide-resistant_dihydropteroate_synthases|SULII,17.0,0.0,44.0
MEG_983|Drugs|Aminoglycosides|Aminoglycoside_O-nucleotidyltransferases|ANT4-PRIME,14.0,0.0,0.0
MEG_2630|Drugs|Trimethoprim|Dihydrofolate_reductase|DHFR|RequiresSNPConfirmation,65.0,430.0,23.0
MEG_4008|Metals|Multi-metal_resistance|Multi-metal_ABC_efflux_pumps|MODC,1342.0,702.0,1090.0
MEG_3229|Drugs|Fluoroquinolones|Fluoroquinolone-resistant_DNA_topoisomerases|GYRA|RequiresSNPConfirmation,0.0,0.0,0.0
MEG_915|Drugs|Aminoglycosides|Aminoglycoside_O-nucleotidyltransferases|ANT3-DPRIME,107.0,19.0,171.0
MEG_4162|Metals|Sodium_resistance|Sodium_resistance_protein|NHAA,7945.0,3800.0,6334.0
MEG_1097|Drugs|Aminoglycosides|Aminoglycoside_O-phosphotransferases|APH6,169.0,658.0,276.0
MEG_6593|Drugs|Sulfonamides|Sulfonamide-resistant_dihydropteroate_synthases|SULI,9.0,0.0,29.0
MEG_3868|Metals|Mercury_resistance|Mercury_resistance_protein|MERE,8.0,53.0,8.0
MEG_2485|Drugs|Trimethoprim|Dihydrofolate_reductase|DFRA,0.0,0.0,52.0
MEG_8445|Drugs|Fluoroquinolones|Fluoroquinolone-resistant_DNA_topoisomerases|PARC|RequiresSNPConfirmation,4248.0,1952.0,3169.0
MEG_1061|Drugs|Aminoglycosides|Aminoglycoside_O-phosphotransferases|APH3-PRIME,127.0,0.0,177.0
MEG_5831|Multi-compound|Drug_and_biocide_resistance|Drug_and_biocide_SMR_efflux_pumps|QACEDELTA1,27.0,0.0,82.0
MEG_7104|Drugs|Tetracyclines|Tetracycline_resistance_ribosomal_protection_proteins|TETM,368.0,38.0,0.0
MEG_971|Drugs|Aminoglycosides|Aminoglycoside_O-nucleotidyltransferases|ANT3-DPRIME,10.0,0.0,53.0
MEG_6502|Metals|Multi-metal_resistance|Multi-metal_RND_efflux_pumps|SILC,0.0,173.0,95.0
MEG_5813|Metals|Arsenic_resistance|Arsenic_resistance_protein|PSTA,7468.0,3922.0,6454.0
MEG_2454|Metals|Copper_resistance|Copper_resistance_protein|CUTA,2664.0,1300.0,2163.0
MEG_1365|Drugs|betalactams|Class_A_betalactamases|BLAZ,0.0,0.0,107.0
MEG_2681|Metals|Multi-metal_resistance|Multi-metal_resistance_protein|DSBA,209.0,112.0,141.0
MEG_3222|Drugs|Fluoroquinolones|Fluoroquinolone-resistant_DNA_topoisomerases|GYRA|RequiresSNPConfirmation,0.0,0.0,0.0
MEG_949|Drugs|Aminoglycosides|Aminoglycoside_O-nucleotidyltransferases|ANT3-DPRIME,206.0,0.0,345.0
MEG_7123|Drugs|Tetracyclines|Tetracycline_resistance_ribosomal_protection_proteins|TETM,0.0,0.0,50.0
MEG_6299|Drugs|betalactams|Class_A_betalactamases|SHV,0.0,0.0,20.0
MEG_2598|Drugs|betalactams|Class_C_betalactamases|DHA,25.0,0.0,107.0
MEG_7307|Drugs|Elfamycins|EF-Tu_inhibition|TUFAB|RequiresSNPConfirmation,237.0,491.0,416.0
MEG_6058|Drugs|MLS|23S_rRNA_methyltransferases|RLMH,63.0,1789.0,704.0
MEG_2807|Drugs|MLS|23S_rRNA_methyltransferases|ERMB,0.0,12.0,0.0
MEG_2440|Metals|Copper_resistance|Copper_resistance_protein|CUEO,10593.0,5438.0,8802.0
MEG_6594|Drugs|Sulfonamides|Sulfonamide-resistant_dihydropteroate_synthases|SULI,16.0,0.0,36.0
MEG_4330|Multi-compound|Drug_and_biocide_resistance|Drug_and_biocide_RND_efflux_pumps|OQXA,45.0,0.0,57.0
MEG_3609|Drugs|MLS|Lincosamide_nucleotidyltransferases|LNUB,59.0,0.0,0.0
MEG_5830|Multi-compound|Drug_and_biocide_resistance|Drug_and_biocide_SMR_efflux_pumps|QACEDELTA1,43.0,11.0,137.0
MEG_8080|Drugs|Lipopeptides|Colistin_phosphoethanolamine_transferase|EPTB,4051.0,1729.0,4218.0
MEG_2640|Drugs|Trimethoprim|Dihydrofolate_reductase|DHFR|RequiresSNPConfirmation,39.0,0.0,64.0
MEG_3643|Drugs|MLS|MLS_resistance_ABC_efflux_pumps|LSA,154.0,0.0,0.0
MEG_2457|Metals|Copper_resistance|Copper_resistance_protein|CUTE,10359.0,5139.0,9050.0
MEG_3077|Biocides|Acid_resistance|Acid_resistance_protein|GADA,129.0,128.0,162.0
MEG_6629|Drugs|Sulfonamides|Sulfonamide-resistant_dihydropteroate_synthases|SULII,121.0,198.0,147.0
MEG_1153|Metals|Multi-metal_resistance|Multi-metal_resistance_protein|ARSBM,2729.0,1222.0,2639.0
MEG_3992|Drugs|MLS|Macrolide-resistant_23S_rRNA_mutation|MLS23S|RequiresSNPConfirmation,2.0,9.0,5.0
MEG_5786|Multi-compound|Drug_and_biocide_resistance|Drug_and_biocide_SMR_efflux_regulator|PHOR,2708.0,1137.0,2718.0
MEG_6609|Drugs|Sulfonamides|Sulfonamide-resistant_dihydropteroate_synthases|SULI,15.0,0.0,37.0
MEG_6654|Metals|Copper_resistance|Copper_resistance_protein|TCRZ,12.0,118.0,0.0
MEG_1368|Drugs|betalactams|Class_A_betalactamases|BLAZ,0.0,0.0,83.0
MEG_6140|Biocides|Multi-biocide_resistance|Multi-biocide_resistance_regulator|RPOS,737.0,370.0,511.0
MEG_6510|Metals|Multi-metal_resistance|Multi-metal_RND_efflux_regulator|SILS,0.0,162.0,0.0
MEG_7267|Biocides|Multi-biocide_resistance|Multi-biocide_RND_efflux_pump|TOLC,2769.0,1326.0,2199.0
MEG_2895|Metals|Multi-metal_resistance|Multi-metal_ABC_efflux_pumps|FECD,1242.0,856.0,977.0
MEG_4120|Metals|Nickel_resistance|Nickel_MFS_efflux_pumps|NCRAN,230.0,226.0,62.0
MEG_795|Drugs|Aminoglycosides|Aminoglycoside_O-nucleotidyltransferases|ANT3-DPRIME,21.0,0.0,0.0
MEG_4332|Multi-compound|Drug_and_biocide_resistance|Drug_and_biocide_RND_efflux_pumps|OQXA,61.0,0.0,120.0
MEG_1209|Multi-compound|Drug_and_biocide_resistance|Drug_and_biocide_MFS_efflux_pumps|BCR,2585.0,1132.0,2143.0
MEG_7130|Drugs|Tetracyclines|Tetracycline_resistance_ribosomal_protection_proteins|TETM,0.0,0.0,101.0
MEG_6020|Drugs|Fluoroquinolones|Quinolone_resistance_protein_Qnr|QNRS,79.0,32.0,110.0
MEG_2453|Metals|Multi-metal_resistance|Multi-metal_RND_efflux_regulator|CUSS,10120.0,4613.0,8242.0
MEG_173|Drugs|Aminoglycosides|Aminoglycoside_N-acetyltransferases|AAC6-PRIME,0.0,7.0,20.0
MEG_6118|Drugs|Rifampin|Rifampin-resistant_beta-subunit_of_RNA_polymerase_RpoB|RPOB|RequiresSNPConfirmation,1.0,0.0,1.0
MEG_3863|Metals|Mercury_resistance|Mercury_resistance_regulator|MERD,0.0,44.0,0.0
MEG_7032|Drugs|Tetracyclines|Tetracycline_resistance_MFS_efflux_pumps|TETA,285.0,260.0,313.0
MEG_3835|Drugs|Multi-drug_resistance|Multi-drug_MATE_efflux_pump|MEPB,70.0,1844.0,764.0
MEG_2496|Drugs|Trimethoprim|Dihydrofolate_reductase|DFRA,50.0,0.0,43.0
MEG_3142|Multi-compound|Biocide_and_metal_resistance|Biocide_and_metal_resistance_protein|GLPF,2068.0,997.0,1668.0
MEG_1282|Drugs|betalactams|Class_C_betalactamases|BLAEC,205.0,88.0,117.0
MEG_7333|Drugs|Glycopeptides|VanA-type_resistance_protein|VAN|RequiresSNPConfirmation,16.0,15.0,6.0
MEG_961|Drugs|Aminoglycosides|Aminoglycoside_O-nucleotidyltransferases|ANT3-DPRIME,25.0,0.0,23.0
MEG_4170|Metals|Nickel_resistance|Nickel_ABC_efflux_pumps|NIKC,7054.0,3330.0,5825.0
MEG_2672|Metals|Multi-metal_resistance|Multi-metal_resistance_protein|DSBA,174.0,86.0,165.0
MEG_6984|Drugs|Tetracyclines|Tetracycline_resistance_MFS_efflux_pumps|TET38,0.0,657.0,519.0
MEG_6580|Drugs|Sulfonamides|Sulfonamide-resistant_dihydropteroate_synthases|SULI,20.0,0.0,47.0
MEG_2196|Drugs|betalactams|Class_A_betalactamases|CTX,0.0,0.0,9.0
MEG_2043|Metals|Multi-metal_resistance|Multi-metal_resistance_protein|COPBM,84.0,95.0,318.0
MEG_2913|Drugs|Phenicol|Phenicol_resistance_MFS_efflux_pumps|FLOR,0.0,19.0,0.0
MEG_3067|Drugs|Fusidic_acid|Ribosomal_zinc-binding_protein|FUSB,27.0,0.0,0.0
MEG_6956|Metals|Tellurium_resistance|Tellurium_resistance_protein|TERB,12.0,0.0,8.0
MEG_7020|Drugs|Tetracyclines|Tetracycline_resistance_MFS_efflux_pumps|TETA,127.0,84.0,0.0
MEG_7862|Metals|Zinc_resistance|Zinc_resistance_regulator|ZRAR,9994.0,4905.0,8082.0
MEG_2724|Multi-compound|Drug_and_biocide_resistance|Drug_and_biocide_MFS_efflux_pumps|EMRB,2679.0,1327.0,2343.0
MEG_5363|Drugs|Fluoroquinolones|Fluoroquinolone-resistant_DNA_topoisomerases|PARC|RequiresSNPConfirmation,3.0,15.0,0.0
MEG_6577|Biocides|Multi-biocide_resistance|Multi-biocide_SMR_efflux_pump|SUGE,1972.0,964.0,1595.0
MEG_7583|Drugs|Glycopeptides|VanC-type_resistance_protein|VANXYC,1324.0,640.0,105.0
MEG_890|Drugs|Aminoglycosides|Aminoglycoside_O-nucleotidyltransferases|ANT3-DPRIME,32.0,0.0,0.0
MEG_875|Drugs|Aminoglycosides|Aminoglycoside_O-nucleotidyltransferases|ANT3-DPRIME,0.0,0.0,40.0
MEG_4123|Metals|Nickel_resistance|Nickel_MFS_efflux_regulator|NCRBN,46.0,31.0,12.0
MEG_4010|Metals|Multi-metal_resistance|Multi-metal_ABC_efflux_pumps|MODC,4463.0,2109.0,3733.0
MEG_9|Drugs|Aminoglycosides|Aminoglycoside-resistant_16S_ribosomal_subunit_protein|A16S|RequiresSNPConfirmation,0.0,0.0,0.0
MEG_2587|Drugs|betalactams|Class_C_betalactamases|DHA,29.0,0.0,123.0
MEG_7095|Drugs|Tetracyclines|Tetracycline_resistance_MFS_efflux_pumps|TETL,0.0,133.0,392.0
MEG_381|Biocides|Multi-biocide_resistance|Multi-biocide_RND_efflux_pump|ABUO,0.0,34.0,0.0
MEG_2995|Drugs|Fosfomycin|Fosfomycin_thiol_transferases|FOSA,29.0,15.0,58.0
MEG_4094|Drugs|Fosfomycin|Fosfomycin_target_mutation|MURA|RequiresSNPConfirmation,0.0,0.0,2.0
MEG_2597|Drugs|betalactams|Class_C_betalactamases|DHA,36.0,0.0,123.0
MEG_2955|Drugs|Sulfonamides|Sulfonamide-resistant_dihydropteroate_synthases|FOLP|RequiresSNPConfirmation,1.0,1.0,3.0
MEG_6509|Metals|Multi-metal_resistance|Multi-metal_RND_efflux_regulator|SILS,819.0,425.0,409.0
MEG_7181|Drugs|Tetracyclines|Tetracycline_resistance_ribosomal_protection_proteins|TETQ,80.0,75.0,69.0
MEG_1060|Drugs|Aminoglycosides|Aminoglycoside_O-phosphotransferases|APH3-PRIME,77.0,2748.0,1254.0
MEG_6806|Drugs|betalactams|Class_A_betalactamases|TEM,0.0,30.0,0.0
MEG_7867|Metals|Zinc_resistance|Zinc_resistance_regulator|ZUR,2940.0,1412.0,2493.0
MEG_86|Drugs|Aminoglycosides|Aminoglycoside_N-acetyltransferases|AAC6-PRIME,0.0,0.0,9.0
MEG_2686|Metals|Multi-metal_resistance|Multi-metal_resistance_protein|DSBA,153.0,71.0,172.0
MEG_6500|Metals|Multi-metal_resistance|Multi-metal_RND_efflux_pumps|SILB,812.0,522.0,315.0
MEG_8142|Drugs|Fluoroquinolones|Fluoroquinolone-resistant_DNA_topoisomerases|GRLA|RequiresSNPConfirmation,43.0,2119.0,552.0
MEG_1490|Drugs|Cationic_antimicrobial_peptides|Cationic_peptide-resistant_16S_ribosomal_subunit_protein|CAP16S|RequiresSNPConfirmation,0.0,0.0,0.0
MEG_6499|Metals|Multi-metal_resistance|Multi-metal_RND_efflux_pumps|SILA,2267.0,1167.0,1334.0
MEG_2449|Metals|Multi-metal_resistance|Multi-metal_RND_efflux_pumps|CUSC,2925.0,1287.0,2873.0
MEG_2482|Drugs|Trimethoprim|Dihydrofolate_reductase|DFRA,26.0,0.0,0.0
MEG_7330|Drugs|Fosfomycin|Fosfomycin_target_mutation|UHPT|RequiresSNPConfirmation,11.0,40.0,8.0
MEG_6162|Drugs|Nucleosides|Streptothricin_acetyltransferase|SAT,27.0,0.0,0.0
MEG_5851|Multi-compound|Drug_and_biocide_resistance|Drug_and_biocide_SMR_efflux_pumps|QACL,0.0,6.0,0.0
MEG_1143|Metals|Multi-metal_resistance|Multi-metal_resistance_protein|ARSA,609.0,2318.0,1476.0
MEG_2959|Drugs|Sulfonamides|Sulfonamide-resistant_dihydropteroate_synthases|FOLP|RequiresSNPConfirmation,0.0,0.0,1.0
MEG_3749|Multi-compound|Drug_and_biocide_and_metal_resistance|Drug_and_biocide_and_metal_RND_efflux_pumps|MDTC,20777.0,9733.0,18196.0
MEG_5882|Drugs|Fluoroquinolones|Quinolone_resistance_protein_Qnr|QNRB,1440.0,475.0,1343.0
MEG_7147|Drugs|Tetracyclines|Tetracycline_resistance_ribosomal_protection_proteins|TETM,122.0,0.0,0.0
MEG_7201|Drugs|Tetracyclines|Tetracycline_resistance_ribosomal_protection_proteins|TETS,88.0,0.0,0.0
MEG_7182|Drugs|Tetracyclines|Tetracycline_resistance_ribosomal_protection_proteins|TETQ,95.0,0.0,92.0
MEG_5829|Multi-compound|Drug_and_biocide_resistance|Drug_and_biocide_SMR_efflux_pumps|QACEDELTA1,52.0,15.0,196.0
MEG_5977|Drugs|Fluoroquinolones|Quinolone_resistance_protein_Qnr|QNRB,8054.0,2829.0,6960.0
MEG_6147|Drugs|Aminoglycosides|Aminoglycoside-resistant_16S_ribosomal_subunit_protein|RRSH|RequiresSNPConfirmation,0.0,1.0,2.0
MEG_4061|Drugs|Multi-drug_resistance|Multi-drug_ABC_efflux_pumps|MSBA,11206.0,5316.0,9509.0
MEG_2894|Metals|Multi-metal_resistance|Multi-metal_ABC_efflux_pumps|FECD,1225.0,732.0,1124.0
MEG_2991|Drugs|Fosfomycin|Fosfomycin_thiol_transferases|FOSA,43.0,0.0,39.0
MEG_6023|Drugs|Fluoroquinolones|Quinolone_resistance_protein_Qnr|QNRS,288.0,14.0,588.0
MEG_2087|Metals|Multi-metal_resistance|Multi-metal_resistance_protein|CORA,5332.0,2687.0,4337.0
MEG_2553|Drugs|Trimethoprim|Dihydrofolate_reductase|DFRA,0.0,714.0,0.0
MEG_2869|Multi-compound|Drug_and_biocide_resistance|Drug_and_biocide_MFS_efflux_regulator|EVGS,816.0,802.0,849.0
MEG_7363|Drugs|Glycopeptides|VanC-type_resistance_protein|VANC,80.0,44.0,0.0
MEG_2495|Drugs|Trimethoprim|Dihydrofolate_reductase|DFRA,29.0,6.0,40.0
MEG_5787|Metals|Multi-metal_resistance|Multi-metal_resistance_protein|PITA,14264.0,6950.0,11668.0
MEG_7328|Drugs|Cationic_antimicrobial_peptides|Lipid_A_modification|UGD,5917.0,2430.0,5558.0
MEG_7198|Drugs|Tetracyclines|Tetracycline_resistance_ribosomal_protection_proteins|TETS,73.0,0.0,0.0
MEG_8273|Multi-compound|Drug_and_biocide_resistance|Drug_and_biocide_MFS_efflux_pumps|NORC,153.0,4975.0,2045.0
MEG_401|Multi-compound|Drug_and_biocide_resistance|Drug_and_biocide_RND_efflux_pumps|ACRB,21285.0,9906.0,18113.0
MEG_1189|Drugs|Bacitracin|Undecaprenyl_pyrophosphate_phosphatase|BACA,2300.0,1003.0,2043.0
MEG_2435|Drugs|betalactams|Class_A_betalactamases|CTX,7474.0,3682.0,6296.0
MEG_3832|Multi-compound|Drug_and_biocide_resistance|Drug_and_biocide_MATE_efflux_pumps|MEPA,81.0,2126.0,880.0
MEG_2694|Drugs|Multi-drug_resistance|Multi-drug_ABC_efflux_pumps|EATAV|RequiresSNPConfirmation,2.0,7.0,9.0
MEG_6582|Drugs|Sulfonamides|Sulfonamide-resistant_dihydropteroate_synthases|SULI,136.0,120.0,90.0
MEG_7185|Drugs|Tetracyclines|Tetracycline_transcriptional_repressor|TETR|RequiresSNPConfirmation,1459.0,1274.0,2004.0
MEG_6030|Drugs|Fluoroquinolones|Quinolone_resistance_protein_Qnr|QNRS,56.0,13.0,108.0
MEG_3076|Biocides|Acid_resistance|Acid_resistance_protein|GADA,10420.0,5094.0,8450.0
MEG_4028|Drugs|MLS|Macrolide_phosphotransferases|MPHA,77.0,30.0,199.0
MEG_6628|Drugs|Sulfonamides|Sulfonamide-resistant_dihydropteroate_synthases|SULII,107.0,184.0,142.0
MEG_1363|Drugs|betalactams|Class_A_betalactamases|BLAZ,10.0,0.0,74.0
MEG_51|Drugs|Aminoglycosides|Aminoglycoside_N-acetyltransferases|AAC3,8.0,0.0,0.0
MEG_6167|Drugs|Nucleosides|Streptothricin_acetyltransferase|SAT,34.0,28.0,0.0
MEG_3242|Drugs|Fluoroquinolones|Fluoroquinolone-resistant_DNA_topoisomerases|GYRB|RequiresSNPConfirmation,0.0,0.0,0.0
MEG_988|Drugs|Aminoglycosides|Aminoglycoside_O-nucleotidyltransferases|ANT6,41.0,0.0,0.0
MEG_3873|Metals|Mercury_resistance|Mercury_resistance_protein|MERP,20.0,74.0,6.0
MEG_1302|Drugs|betalactams|Penicillin_binding_protein_regulator|BLAR,0.0,0.0,493.0
MEG_1019|Drugs|Aminoglycosides|Aminoglycoside_O-phosphotransferases|APH3-DPRIME,469.0,1089.0,680.0
MEG_3830|Drugs|MLS|MLS_resistance_MFS_efflux_pumps|MEFE,88.0,60.0,60.0
MEG_5321|Biocides|Multi-biocide_resistance|Multi-biocide_resistance_regulator|OXYRKP,4906.0,2279.0,4544.0
MEG_7026|Drugs|Tetracyclines|Tetracycline_resistance_MFS_efflux_pumps|TETA,142.0,128.0,234.0
MEG_7502|Drugs|Glycopeptides|VanC-type_regulator|VANSC,605.0,276.0,57.0
MEG_3175|Drugs|Lipopeptides|Daptomycin-resistant_mutant|GSHF|RequiresSNPConfirmation,0.0,0.0,0.0
MEG_5374|Drugs|Aminocoumarins|Aminocoumarin-resistant_DNA_topoisomerases|PARE|RequiresSNPConfirmation,0.0,0.0,0.0
MEG_1179|Drugs|Multi-drug_resistance|Multi-drug_RND_efflux_regulator|ASMA,979.0,496.0,1935.0
MEG_2701|Biocides|Acid_resistance|Acid_resistance_protein|EEFA,855.0,200.0,1560.0
MEG_6141|Biocides|Multi-biocide_resistance|Multi-biocide_resistance_regulator|RPOS,7519.0,3524.0,6979.0
MEG_2091|Metals|Multi-metal_resistance|Multi-metal_resistance_protein|CORC,2460.0,1097.0,2094.0
MEG_5964|Drugs|Fluoroquinolones|Quinolone_resistance_protein_Qnr|QNRB,0.0,0.0,98.0
MEG_6583|Drugs|Sulfonamides|Sulfonamide-resistant_dihydropteroate_synthases|SULI,14.0,0.0,35.0
MEG_729|Drugs|betalactams|Penicillin_binding_protein|AMPH,7512.0,3605.0,6390.0
MEG_3762|Multi-compound|Drug_and_biocide_resistance|Drug_and_biocide_MFS_efflux_pumps|MDTM,3352.0,1492.0,2652.0
MEG_7858|Metals|Zinc_resistance|Zinc_resistance_protein|ZNUB,4606.0,2169.0,3970.0
MEG_2833|Drugs|MLS|23S_rRNA_methyltransferases|ERMF,0.0,24.0,19.0
MEG_7103|Drugs|Tetracyclines|Tetracycline_resistance_ribosomal_protection_proteins|TETM,248.0,0.0,0.0
MEG_3143|Drugs|Fosfomycin|Fosfomycin_target_mutation|GLPT|RequiresSNPConfirmation,6.0,170.0,87.0
MEG_6982|Drugs|Tetracyclines|Tetracycline_resistance_MFS_efflux_pumps|TET38,0.0,956.0,709.0
MEG_5978|Drugs|Fluoroquinolones|Quinolone_resistance_protein_Qnr|QNRB,101.0,0.0,0.0
MEG_5355|Drugs|Fluoroquinolones|Fluoroquinolone-resistant_DNA_topoisomerases|PARC|RequiresSNPConfirmation,0.0,0.0,0.0
MEG_5384|Drugs|Aminocoumarins|Aminocoumarin-resistant_DNA_topoisomerases|PARE|RequiresSNPConfirmation,0.0,0.0,0.0
MEG_6957|Metals|Tellurium_resistance|Tellurium_resistance_protein|TERC,212.0,0.0,33.0
MEG_3747|Multi-compound|Drug_and_biocide_and_metal_resistance|Drug_and_biocide_and_metal_RND_efflux_pumps|MDTB,20478.0,9752.0,17957.0
MEG_6128|Drugs|Rifampin|Rifampin-resistant_beta-subunit_of_RNA_polymerase_RpoB|RPOB|RequiresSNPConfirmation,0.0,0.0,1.0
MEG_7837|Biocides|Multi-biocide_resistance|Multi-biocide_resistance_protein|YJCG,11696.0,5643.0,9958.0
MEG_7126|Drugs|Tetracyclines|Tetracycline_resistance_ribosomal_protection_proteins|TETM,260.0,0.0,33.0
MEG_1566|Drugs|Phenicol|Chloramphenicol_acetyltransferases|CATA,0.0,108.0,8.0
MEG_6094|Drugs|Rifampin|Rifampin-resistant_beta-subunit_of_RNA_polymerase_RpoB|RPOB|RequiresSNPConfirmation,1.0,1.0,2.0
MEG_138|Drugs|Aminoglycosides|Aminoglycoside_N-acetyltransferases|AAC6-PRIME,0.0,0.0,8.0
MEG_4126|Metals|Nickel_resistance|Nickel_MFS_efflux_pumps|NCRCN,197.0,110.0,55.0
MEG_6581|Drugs|Sulfonamides|Sulfonamide-resistant_dihydropteroate_synthases|SULI,0.0,0.0,21.0
MEG_6634|Drugs|Sulfonamides|Sulfonamide-resistant_dihydropteroate_synthases|SULII,138.0,204.0,134.0
MEG_1367|Drugs|betalactams|Class_A_betalactamases|BLAZ,0.0,0.0,75.0
MEG_171|Drugs|Aminoglycosides|Aminoglycoside_N-acetyltransferases|AAC6-PRIME,0.0,0.0,31.0
MEG_8143|Drugs|Fluoroquinolones|Fluoroquinolone-resistant_DNA_topoisomerases|GRLB|RequiresSNPConfirmation,0.0,1650.0,385.0
MEG_4103|Multi-compound|Drug_and_biocide_resistance|Drug_and_biocide_SMR_efflux_pumps|MVRC,2130.0,800.0,1999.0
MEG_8249|Drugs|MLS|Macrolide-resistant_23S_rRNA_mutation|MLS23S|RequiresSNPConfirmation,86404.0,39803.0,74919.0
MEG_7105|Drugs|Tetracyclines|Tetracycline_resistance_ribosomal_protection_proteins|TETM,324.0,0.0,0.0
MEG_2456|Metals|Copper_resistance|Copper_resistance_protein|CUTC,3071.0,1505.0,2859.0
MEG_3291|Biocides|Acetate_resistance|Acetate_resistance_protein|ICLR,3737.0,1883.0,3146.0
MEG_7070|Drugs|Tetracyclines|Tetracycline_resistance_MFS_efflux_pumps|TETD,6.0,47.0,0.0
MEG_7200|Drugs|Tetracyclines|Tetracycline_resistance_ribosomal_protection_proteins|TETS,103.0,0.0,0.0
MEG_8678|Drugs|Aminoglycosides|Aminoglycoside-resistant_16S_ribosomal_subunit_protein|RPSL|RequiresSNPConfirmation,3614.0,1569.0,2881.0
MEG_2954|Drugs|Sulfonamides|Sulfonamide-resistant_dihydropteroate_synthases|FOLP|RequiresSNPConfirmation,0.0,0.0,31.0
MEG_2972|Drugs|Sulfonamides|Sulfonamide-resistant_dihydropteroate_synthases|FOLP|RequiresSNPConfirmation,4.0,0.0,1.0
MEG_2090|Metals|Multi-metal_resistance|Multi-metal_resistance_protein|CORC,2042.0,1019.0,1784.0
MEG_6098|Drugs|Rifampin|Rifampin-resistant_beta-subunit_of_RNA_polymerase_RpoB|RPOB|RequiresSNPConfirmation,0.0,0.0,0.0
MEG_2455|Metals|Copper_resistance|Copper_resistance_protein|CUTC,1946.0,961.0,1525.0
MEG_1173|Metals|Arsenic_resistance|Arsenic_resistance_regulator|ARSR,2748.0,1181.0,2120.0
MEG_1371|Drugs|betalactams|Class_A_betalactamases|BLAZ,0.0,0.0,63.0
MEG_2671|Metals|Multi-metal_resistance|Multi-metal_resistance_protein|DSBA,185.0,70.0,162.0
MEG_7264|Biocides|Multi-biocide_resistance|Multi-biocide_RND_efflux_pump|TOLC,3205.0,1573.0,2609.0
MEG_1058|Drugs|Aminoglycosides|Aminoglycoside_O-phosphotransferases|APH3-DPRIME,82.0,194.0,95.0
MEG_3255|Biocides|Acid_resistance|Acid_resistance_protein|HDEB,1747.0,877.0,1527.0
MEG_395|Drugs|betalactams|Class_A_betalactamases|ACI,2484.0,0.0,0.0
MEG_8144|Drugs|Fluoroquinolones|Fluoroquinolone-resistant_DNA_topoisomerases|GYRA|RequiresSNPConfirmation,316.0,104.0,577.0
MEG_3754|Multi-compound|Drug_and_biocide_resistance|Drug_and_biocide_MFS_efflux_pumps|MDTG,2256.0,1145.0,2016.0
MEG_7841|Multi-compound|Biocide_and_metal_resistance|Biocide_and_metal_resistance_protein|YODB,1770.0,971.0,1479.0
MEG_6737|Drugs|betalactams|Class_A_betalactamases|TEM,0.0,14.0,0.0
MEG_7131|Drugs|Tetracyclines|Tetracycline_resistance_ribosomal_protection_proteins|TETM,128.0,0.0,0.0
MEG_7116|Drugs|Tetracyclines|Tetracycline_resistance_ribosomal_protection_proteins|TETM,703.0,0.0,73.0
MEG_3833|Multi-compound|Drug_and_biocide_resistance|Drug_and_biocide_MATE_efflux_pumps|MEPA,27.0,1033.0,522.0
MEG_6928|Drugs|betalactams|Class_A_betalactamases|TEM,16.0,44.0,0.0
MEG_6013|Drugs|Fluoroquinolones|Quinolone_resistance_protein_Qnr|QNRD,0.0,0.0,51.0
MEG_3178|Drugs|Fluoroquinolones|Fluoroquinolone-resistant_DNA_topoisomerases|GYRA|RequiresSNPConfirmation,68.0,59.0,96.0
MEG_805|Drugs|Aminoglycosides|Aminoglycoside_O-nucleotidyltransferases|ANT3-DPRIME,27.0,0.0,55.0
MEG_2502|Drugs|Trimethoprim|Dihydrofolate_reductase|DFRA,38.0,11.0,36.0
MEG_3208|Drugs|Fluoroquinolones|Fluoroquinolone-resistant_DNA_topoisomerases|GYRA|RequiresSNPConfirmation,53.0,2.0,0.0
MEG_4172|Metals|Nickel_resistance|Nickel_ABC_efflux_pumps|NIKD,1706.0,0.0,1422.0
MEG_5354|Drugs|Fluoroquinolones|Fluoroquinolone-resistant_DNA_topoisomerases|PARC|RequiresSNPConfirmation,0.0,0.0,0.0
MEG_1369|Drugs|betalactams|Class_A_betalactamases|BLAZ,0.0,0.0,94.0
MEG_2025|Metals|Copper_resistance|Copper_resistance_protein|COPA,99.0,0.0,157.0
MEG_8288|Drugs|betalactams|Mutant_porin_proteins|OMPA,6215.0,3001.0,5705.0
MEG_1732|Drugs|Lipopeptides|Daptomycin-resistant_mutant|CLS|RequiresSNPConfirmation,0.0,0.0,0.0
MEG_1174|Metals|Multi-metal_resistance|Multi-metal_resistance_protein|ARSRM,0.0,396.0,0.0
MEG_6550|Biocides|Multi-biocide_resistance|Multi-biocide_resistance_regulator|SOXRB,1204.0,627.0,832.0
MEG_2523|Drugs|Trimethoprim|Dihydrofolate_reductase|DFRA,0.0,0.0,48.0
MEG_7868|Metals|Zinc_resistance|Zinc_resistance_regulator|ZUR,1407.0,616.0,1148.0
MEG_5856|Multi-compound|Drug_and_biocide_resistance|Drug_and_biocide_MFS_efflux_regulator|QACR,18.0,0.0,0.0
MEG_1025|Drugs|Aminoglycosides|Aminoglycoside_O-phosphotransferases|APH3-DPRIME,105.0,0.0,184.0
MEG_8645|Multi-compound|Drug_and_biocide_resistance|Drug_and_biocide_SMR_efflux_pumps|QACC,0.0,2406.0,0.0
MEG_3513|Multi-compound|Drug_and_biocide_resistance|Drug_and_biocide_MFS_efflux_pumps|KPN,3513.0,1746.0,3084.0
MEG_2691|Metals|Multi-metal_resistance|Multi-metal_resistance_protein|DSBC,1937.0,936.0,1589.0
MEG_2789|Drugs|MLS|23S_rRNA_methyltransferases|ERMB,0.0,16.0,0.0
MEG_3587|Drugs|Lipopeptides|Daptomycin-resistant_mutant|LIAFSR|RequiresSNPConfirmation,0.0,0.0,0.0
MEG_6827|Drugs|betalactams|Class_A_betalactamases|TEM,0.0,20.0,0.0
MEG_2618|Drugs|Trimethoprim|Dihydrofolate_reductase|DHFR|RequiresSNPConfirmation,53.0,16.0,45.0
MEG_3661|Multi-compound|Drug_and_biocide_resistance|Drug_and_biocide_RND_efflux_regulator|MARA,881.0,432.0,718.0
MEG_1486|Metals|Multi-metal_resistance|Multi-metal_resistance_protein|CADD,202.0,974.0,1503.0
MEG_6598|Drugs|Sulfonamides|Sulfonamide-resistant_dihydropteroate_synthases|SULI,14.0,0.0,31.0
MEG_64|Drugs|Aminoglycosides|Aminoglycoside_N-acetyltransferases|AAC3,157.0,29.0,482.0
MEG_2081|Metals|Copper_resistance|Copper_resistance_regulator|COPZ,38.0,966.0,416.0
MEG_6575|Biocides|Multi-biocide_resistance|Multi-biocide_SMR_efflux_pump|SUGE,1659.0,827.0,1343.0
MEG_6961|Metals|Tellurium_resistance|Tellurium_resistance_protein|TERZ,298.0,0.0,0.0
MEG_5418|Metals|Copper_resistance|Copper_resistance_protein|PCOB,521.0,344.0,275.0
MEG_3648|Drugs|Multi-drug_resistance|Multi-drug_ABC_efflux_pumps|LSAE,154.0,0.0,0.0
MEG_5424|Metals|Copper_resistance|Copper_resistance_regulator|PCOR,415.0,304.0,181.0
MEG_5394|Drugs|Fluoroquinolones|Fluoroquinolone-resistant_DNA_topoisomerases|PAREF|RequiresSNPConfirmation,43.0,39.0,34.0
MEG_4173|Metals|Nickel_resistance|Nickel_ABC_efflux_pumps|NIKE,5017.0,2382.0,4025.0
MEG_6638|Drugs|Sulfonamides|Sulfonamide-resistant_dihydropteroate_synthases|SULII,145.0,185.0,127.0
MEG_2260|Drugs|betalactams|Class_A_betalactamases|CTX,0.0,0.0,11.0
MEG_7143|Drugs|Tetracyclines|Tetracycline_resistance_ribosomal_protection_proteins|TETM,0.0,0.0,64.0
MEG_407|Multi-compound|Drug_and_biocide_and_metal_resistance|Drug_and_biocide_and_metal_RND_efflux_pumps|ACRD,9179.0,4362.0,7597.0
MEG_1456|Drugs|betalactams|Class_A_betalactamases|BLAZ,0.0,11.0,0.0
MEG_704|Multi-compound|Drug_and_biocide_resistance|Drug_and_biocide_RND_efflux_regulator|ADES,36.0,0.0,18.0
MEG_6656|Multi-compound|Biocide_and_metal_resistance|Biocide_and_metal_resistance_protein|TEHB,3883.0,1601.0,3349.0
MEG_998|Drugs|Aminoglycosides|Aminoglycoside_O-nucleotidyltransferases|ANT6,40.0,16.0,0.0
MEG_21|Drugs|Aminoglycosides|Aminoglycoside_N-acetyltransferases|AAC3,81.0,0.0,282.0
MEG_6632|Drugs|Sulfonamides|Sulfonamide-resistant_dihydropteroate_synthases|SULII,122.0,208.0,192.0
MEG_2893|Metals|Multi-metal_resistance|Multi-metal_ABC_efflux_pumps|FECD,3250.0,1931.0,3135.0
MEG_7370|Drugs|Glycopeptides|VanC-type_resistance_protein|VANC,49.0,51.0,43.0
MEG_6542|Biocides|Peroxide_resistance|peroxide_resistance_protein|SODA,1827.0,831.0,1593.0
MEG_6617|Drugs|Sulfonamides|Sulfonamide-resistant_dihydropteroate_synthases|SULII,148.0,304.0,221.0
MEG_2450|Metals|Multi-metal_resistance|Multi-metal_RND_efflux_pumps|CUSC,2495.0,1150.0,1957.0
MEG_2874|Biocides|Phenolic_compound_resistance|Phenolic_resistance_protein|FABI,0.0,814.0,427.0
MEG_6604|Drugs|Sulfonamides|Sulfonamide-resistant_dihydropteroate_synthases|SULI,0.0,0.0,53.0
MEG_7818|Biocides|Peroxide_resistance|peroxide_resistance_protein|YDEI,2537.0,1109.0,2216.0
MEG_2443|Metals|Copper_resistance|Copper_resistance_regulator|CUER,3311.0,1433.0,2672.0
MEG_2942|Drugs|Sulfonamides|Sulfonamide-resistant_dihydropteroate_synthases|FOLP|RequiresSNPConfirmation,461.0,203.0,22.0
MEG_2739|Drugs|Cationic_antimicrobial_peptides|Lipid_A_modification|EPTA,10937.0,5180.0,8842.0
MEG_5814|Metals|Arsenic_resistance|Arsenic_resistance_protein|PSTB,6255.0,3043.0,5393.0
MEG_884|Drugs|Aminoglycosides|Aminoglycoside_O-nucleotidyltransferases|ANT3-DPRIME,48.0,0.0,54.0
MEG_2120|Multi-compound|Drug_and_biocide_resistance|Drug_and_biocide_RND_efflux_regulator|CPXAR,628.0,402.0,534.0
MEG_7834|Multi-compound|Biocide_and_metal_resistance|Biocide_and_metal_resistance_protein|YHCN,691.0,342.0,587.0
MEG_2704|Multi-compound|Drug_and_biocide_resistance|Drug_and_biocide_MFS_efflux_pumps|EFMA,0.0,69.0,122.0
MEG_2132|Multi-compound|Drug_and_biocide_resistance|Drug_and_biocide_RND_efflux_regulator|CRP,4974.0,2449.0,4299.0
MEG_1646|Drugs|betalactams|Class_A_betalactamases|CEPA,19.0,0.0,0.0
MEG_3842|Metals|Mercury_resistance|Mercury_resistance_protein|MERA,482.0,1728.0,103.0
MEG_789|Drugs|Aminoglycosides|Aminoglycoside_O-nucleotidyltransferases|ANT3-DPRIME,0.0,0.0,21.0
MEG_8278|Drugs|betalactams|Class_A_betalactamases|OKP,0.0,0.0,18.0
MEG_2528|Drugs|Trimethoprim|Dihydrofolate_reductase|DFRA,64.0,0.0,70.0
MEG_2192|Drugs|betalactams|Class_A_betalactamases|CTX,0.0,0.0,7.0
MEG_7019|Drugs|Tetracyclines|Tetracycline_resistance_MFS_efflux_pumps|TETA,152.0,151.0,241.0
MEG_2|Drugs|Aminoglycosides|Aminoglycoside-resistant_16S_ribosomal_subunit_protein|A16S|RequiresSNPConfirmation,1.0,0.0,0.0
MEG_6545|Biocides|Peroxide_resistance|peroxide_resistance_protein|SODB,3735.0,1645.0,3411.0
MEG_7836|Multi-compound|Biocide_and_metal_resistance|Biocide_and_metal_resistance_protein|YJAA,2412.0,807.0,2186.0
MEG_863|Drugs|Aminoglycosides|Aminoglycoside_O-nucleotidyltransferases|ANT3-DPRIME,0.0,0.0,13.0
MEG_6615|Drugs|Sulfonamides|Sulfonamide-resistant_dihydropteroate_synthases|SULI,299.0,73.0,969.0
MEG_2682|Metals|Multi-metal_resistance|Multi-metal_resistance_protein|DSBA,184.0,71.0,154.0
MEG_1454|Drugs|betalactams|Class_A_betalactamases|BLAZ,0.0,338.0,0.0
MEG_2119|Multi-compound|Drug_and_biocide_resistance|Drug_and_biocide_RND_efflux_regulator|CPXAR,1909.0,926.0,1720.0
MEG_5409|Drugs|betalactams|Penicillin_binding_protein|PBP4B,8894.0,3936.0,7465.0
MEG_7820|Biocides|Acid_resistance|Acid_resistance_protein|YDEP,13704.0,6253.0,11702.0
MEG_7317|Drugs|Elfamycins|EF-Tu_inhibition|TUFAB|RequiresSNPConfirmation,339.0,175.0,341.0
MEG_83|Drugs|Aminoglycosides|Aminoglycoside_N-acetyltransferases|AAC6-PRIME,0.0,0.0,12.0
MEG_3512|Multi-compound|Drug_and_biocide_resistance|Drug_and_biocide_MFS_efflux_pumps|KPN,712.0,137.0,1273.0
MEG_4289|Drugs|betalactams|Mutant_porin_proteins|OMPFB|RequiresSNPConfirmation,0.0,0.0,0.0
MEG_2950|Drugs|Sulfonamides|Sulfonamide-resistant_dihydropteroate_synthases|FOLP|RequiresSNPConfirmation,0.0,152.0,61.0
MEG_6195|Drugs|betalactams|Class_A_betalactamases|SHV,0.0,0.0,15.0
MEG_8100|Drugs|Fusidic_acid|Fusidic_acid-resistant_mutation|FUSA|RequiresSNPConfirmation,1354.0,7345.0,2874.0
MEG_2683|Metals|Multi-metal_resistance|Multi-metal_resistance_protein|DSBA,202.0,69.0,138.0
MEG_684|Multi-compound|Drug_and_biocide_resistance|Drug_and_biocide_RND_efflux_pumps|ADEG,0.0,79.0,0.0
MEG_4351|Multi-compound|Drug_and_biocide_resistance|Drug_and_biocide_RND_efflux_pumps|OQXB,0.0,0.0,150.0
MEG_2945|Drugs|Sulfonamides|Sulfonamide-resistant_dihydropteroate_synthases|FOLP|RequiresSNPConfirmation,20.0,812.0,393.0
MEG_3752|Multi-compound|Drug_and_biocide_resistance|Drug_and_biocide_RND_efflux_pumps|MDTF,18552.0,9332.0,14682.0
MEG_3943|Drugs|Multi-drug_resistance|MDR_regulator|MGRA,49.0,1954.0,865.0
MEG_967|Drugs|Aminoglycosides|Aminoglycoside_O-nucleotidyltransferases|ANT3-DPRIME,10.0,0.0,22.0
MEG_840|Drugs|Aminoglycosides|Aminoglycoside_O-nucleotidyltransferases|ANT3-DPRIME,0.0,0.0,14.0
MEG_6955|Metals|Tellurium_resistance|Tellurium_resistance_protein|TERB,27.0,0.0,0.0
MEG_6507|Metals|Multi-metal_resistance|Multi-metal_RND_efflux_pumps|SILP,1484.0,861.0,625.0
MEG_7857|Metals|Zinc_resistance|Zinc_resistance_protein|ZNUB,562.0,265.0,431.0
MEG_1091|Drugs|Aminoglycosides|Aminoglycoside_O-phosphotransferases|APH6,223.0,304.0,287.0
MEG_7146|Drugs|Tetracyclines|Tetracycline_resistance_ribosomal_protection_proteins|TETM,149.0,26.0,0.0
MEG_2846|Drugs|MLS|23S_rRNA_methyltransferases|ERMT,0.0,0.0,171.0
MEG_6614|Drugs|Sulfonamides|Sulfonamide-resistant_dihydropteroate_synthases|SULI,0.0,0.0,53.0
MEG_6049|Metals|Multi-metal_resistance|Multi-metal_resistance_protein|RCNB,2279.0,1081.0,1847.0
MEG_3141|Multi-compound|Biocide_and_metal_resistance|Biocide_and_metal_resistance_protein|GLPF,3677.0,1796.0,2884.0
MEG_4206|Multi-compound|Drug_and_biocide_resistance|Drug_and_biocide_MFS_efflux_pumps|NORA,0.0,189.0,74.0
MEG_3999|Metals|Multi-metal_resistance|Multi-metal_resistance_protein|MNTP,3344.0,1559.0,2853.0
MEG_1358|Drugs|betalactams|Class_A_betalactamases|BLAZ,0.0,0.0,99.0
MEG_6578|Biocides|Multi-biocide_resistance|Multi-biocide_SMR_efflux_pump|SUGE,75.0,56.0,69.0
MEG_1000|Drugs|Aminoglycosides|Aminoglycoside_O-nucleotidyltransferases|ANT6,152.0,0.0,37.0
MEG_5341|Drugs|Fluoroquinolones|Fluoroquinolone-resistant_DNA_topoisomerases|PARC|RequiresSNPConfirmation,1.0,0.0,0.0
MEG_5780|Drugs|Lipopeptides|Daptomycin-resistant_mutant|PGSA|RequiresSNPConfirmation,0.0,0.0,0.0
MEG_1211|Multi-compound|Drug_and_biocide_resistance|Drug_and_biocide_MFS_efflux_pumps|BCR,1268.0,631.0,1042.0
MEG_1176|Metals|Multi-metal_resistance|Multi-metal_resistance_protein|ARSRM,155.0,642.0,398.0
MEG_4012|Metals|Multi-metal_resistance|Multi-metal_ABC_efflux_pumps|MODC,5290.0,2596.0,4424.0
MEG_1281|Drugs|betalactams|Class_C_betalactamases|BLAEC,181.0,81.0,125.0
MEG_1287|Drugs|betalactams|Penicillin_binding_protein_regulator|BLAI,112.0,600.0,969.0
MEG_6630|Drugs|Sulfonamides|Sulfonamide-resistant_dihydropteroate_synthases|SULII,104.0,164.0,112.0
MEG_405|Multi-compound|Drug_and_biocide_and_metal_resistance|Drug_and_biocide_and_metal_RND_efflux_pumps|ACRD,4263.0,2034.0,3475.0
MEG_2019|Metals|Copper_resistance|Copper_resistance_protein|COPA,5591.0,2719.0,4761.0
MEG_6637|Drugs|Sulfonamides|Sulfonamide-resistant_dihydropteroate_synthases|SULII,137.0,180.0,128.0
MEG_1276|Drugs|betalactams|Class_C_betalactamases|BLAEC,128.0,992.0,113.0
MEG_87|Drugs|Aminoglycosides|Aminoglycoside_N-acetyltransferases|AAC6-PRIME,0.0,0.0,5.0
MEG_3078|Biocides|Acid_resistance|Acid_resistance_protein|GADB,8504.0,3697.0,6939.0
MEG_7312|Drugs|Elfamycins|EF-Tu_inhibition|TUFAB|RequiresSNPConfirmation,104.0,21.0,0.0
MEG_2577|Drugs|Trimethoprim|Dihydrofolate_reductase|DFRE,230.0,151.0,19.0
MEG_7584|Drugs|Glycopeptides|VanC-type_resistance_protein|VANXYC,614.0,385.0,114.0
MEG_2501|Drugs|Trimethoprim|Dihydrofolate_reductase|DFRA,47.0,15.0,51.0
MEG_1154|Metals|Arsenic_resistance|Arsenic_resistance_protein|ARSC,0.0,77.0,0.0
MEG_7313|Drugs|Elfamycins|EF-Tu_inhibition|TUFAB|RequiresSNPConfirmation,57.0,84.0,33.0
MEG_6501|Metals|Multi-metal_resistance|Multi-metal_RND_efflux_pumps|SILC,683.0,375.0,338.0
MEG_4331|Multi-compound|Drug_and_biocide_resistance|Drug_and_biocide_RND_efflux_pumps|OQXA,48.0,0.0,60.0
MEG_7831|Multi-compound|Biocide_and_metal_resistance|Biocide_and_metal_resistance_protein|YGIW,3146.0,1574.0,2631.0
MEG_7581|Drugs|Glycopeptides|VanC-type_resistance_protein|VANXYC,64.0,30.0,0.0
MEG_4339|Multi-compound|Drug_and_biocide_resistance|Drug_and_biocide_RND_efflux_pumps|OQXB,60.0,0.0,139.0
MEG_1164|Metals|Multi-metal_resistance|Multi-metal_resistance_protein|ARSCM,1745.0,811.0,1392.0
MEG_7362|Drugs|Glycopeptides|VanC-type_resistance_protein|VANC,204.0,57.0,0.0
MEG_893|Drugs|Aminoglycosides|Aminoglycoside_O-nucleotidyltransferases|ANT3-DPRIME,18.0,0.0,0.0
MEG_4030|Drugs|MLS|Macrolide_phosphotransferases|MPHA,204.0,93.0,431.0
MEG_5783|Multi-compound|Drug_and_biocide_resistance|Drug_and_biocide_ABC_efflux_regulator|PHOB|RequiresSNPConfirmation,0.0,0.0,0.0
MEG_728|Drugs|betalactams|Class_C_betalactamases|AMPC,5248.0,1634.0,4108.0
MEG_2116|Multi-compound|Drug_and_biocide_resistance|Drug_and_biocide_RND_efflux_regulator|CPXAR,449.0,181.0,749.0
MEG_4326|Multi-compound|Drug_and_biocide_resistance|Drug_and_biocide_RND_efflux_pumps|OQXA,113.0,26.0,127.0
MEG_703|Multi-compound|Drug_and_biocide_resistance|Drug_and_biocide_RND_efflux_regulator|ADER,11.0,0.0,0.0
MEG_7028|Drugs|Tetracyclines|Tetracycline_resistance_MFS_efflux_pumps|TETA,123.0,126.0,193.0
MEG_3738|Multi-compound|Drug_and_biocide_resistance|Drug_and_biocide_MFS_efflux_pumps|MDFA,2664.0,1306.0,2255.0
MEG_3002|Drugs|Fosfomycin|Fosfomycin_thiol_transferases|FOSA,51.0,12.0,142.0
MEG_7373|Drugs|Glycopeptides|VanC-type_resistance_protein|VANC,367.0,211.0,75.0
MEG_1180|Drugs|Multi-drug_resistance|Multi-drug_RND_efflux_regulator|ASMA,11318.0,4048.0,9810.0
MEG_2086|Metals|Multi-metal_resistance|Multi-metal_resistance_protein|CORA,1849.0,992.0,1561.0
MEG_5346|Drugs|Fluoroquinolones|Fluoroquinolone-resistant_DNA_topoisomerases|PARC|RequiresSNPConfirmation,43.0,0.0,0.0
MEG_2525|Drugs|Trimethoprim|Dihydrofolate_reductase|DFRA,30.0,0.0,58.0
MEG_2896|Metals|Multi-metal_resistance|Multi-metal_ABC_efflux_pumps|FECE,2721.0,1507.0,2269.0
MEG_7184|Drugs|Tetracyclines|Tetracycline_resistance_ribosomal_protection_proteins|TETQ,58.0,85.0,139.0
MEG_2607|Drugs|betalactams|Class_C_betalactamases|DHA,40.0,0.0,114.0
MEG_8287|Drugs|betalactams|Mutant_porin_proteins|OMP36|RequiresSNPConfirmation,0.0,0.0,491.0
MEG_6597|Drugs|Sulfonamides|Sulfonamide-resistant_dihydropteroate_synthases|SULI,0.0,0.0,36.0
MEG_6878|Drugs|betalactams|Class_A_betalactamases|TEM,21.0,45.0,0.0
MEG_7029|Drugs|Tetracyclines|Tetracycline_resistance_MFS_efflux_pumps|TETA,0.0,0.0,88.0
MEG_8674|Drugs|Rifampin|Rifampin-resistant_beta-subunit_of_RNA_polymerase_RpoB|RPOB,67.0,0.0,0.0
MEG_1166|Metals|Multi-metal_resistance|Multi-metal_resistance_protein|ARSDM,143.0,575.0,368.0
MEG_7499|Drugs|Glycopeptides|VanC-type_regulator|VANSC,218.0,287.0,122.0
MEG_5362|Drugs|Fluoroquinolones|Fluoroquinolone-resistant_DNA_topoisomerases|PARC|RequiresSNPConfirmation,0.0,0.0,1.0
MEG_4327|Multi-compound|Drug_and_biocide_resistance|Drug_and_biocide_RND_efflux_pumps|OQXA,49.0,0.0,80.0
MEG_6105|Drugs|Rifampin|Rifampin-resistant_beta-subunit_of_RNA_polymerase_RpoB|RPOB|RequiresSNPConfirmation,0.0,1.0,0.0
MEG_6503|Metals|Multi-metal_resistance|Multi-metal_RND_efflux_pumps|SILE,269.0,152.0,135.0
MEG_5334|Drugs|Fluoroquinolones|Fluoroquinolone-resistant_DNA_topoisomerases|PARC|RequiresSNPConfirmation,0.0,0.0,0.0
MEG_1366|Drugs|betalactams|Class_A_betalactamases|BLAZ,0.0,0.0,90.0
MEG_951|Drugs|Aminoglycosides|Aminoglycoside_O-nucleotidyltransferases|ANT3-DPRIME,48.0,26.0,16.0
MEG_770|Drugs|Aminoglycosides|Aminoglycoside_O-nucleotidyltransferases|ANT3-DPRIME,13.0,0.0,27.0
MEG_1192|Multi-compound|Drug_and_biocide_and_metal_resistance|Drug_and_biocide_and_metal_RND_efflux_regulator|BAER,4965.0,2476.0,4582.0
MEG_2688|Metals|Multi-metal_resistance|Multi-metal_resistance_protein|DSBA,1651.0,745.0,1219.0
MEG_2679|Metals|Multi-metal_resistance|Multi-metal_resistance_protein|DSBA,171.0,84.0,166.0
MEG_6584|Drugs|Sulfonamides|Sulfonamide-resistant_dihydropteroate_synthases|SULI,21.0,0.0,25.0
MEG_7361|Drugs|Glycopeptides|VanC-type_resistance_protein|VANC,125.0,33.0,0.0
MEG_1731|Drugs|Lipopeptides|Daptomycin-resistant_mutant|CLS|RequiresSNPConfirmation,0.0,0.0,0.0
MEG_7128|Drugs|Tetracyclines|Tetracycline_resistance_ribosomal_protection_proteins|TETM,1002.0,0.0,88.0
MEG_2646|Drugs|Trimethoprim|Dihydrofolate_reductase|DHFR|RequiresSNPConfirmation,98.0,0.0,173.0
MEG_6981|Drugs|Tetracyclines|Tetracycline_resistance_MFS_efflux_pumps|TET38,38.0,151.0,0.0
MEG_5819|Drugs|Fosfomycin|Fosfomycin_target_mutation|PTSL|RequiresSNPConfirmation,0.0,46.0,0.0
MEG_792|Drugs|Aminoglycosides|Aminoglycoside_O-nucleotidyltransferases|ANT3-DPRIME,0.0,0.0,17.0
MEG_3977|Drugs|MLS|Macrolide-resistant_23S_rRNA_mutation|MLS23S|RequiresSNPConfirmation,2.0,0.0,3.0
MEG_1053|Drugs|Aminoglycosides|Aminoglycoside_O-phosphotransferases|APH3-DPRIME,149.0,277.0,282.0
MEG_6611|Drugs|Sulfonamides|Sulfonamide-resistant_dihydropteroate_synthases|SULI,14.0,0.0,0.0
MEG_5932|Drugs|Fluoroquinolones|Quinolone_resistance_protein_Qnr|QNRB,122.0,21.0,438.0
MEG_2494|Drugs|Trimethoprim|Dihydrofolate_reductase|DFRA,32.0,0.0,33.0
MEG_3862|Metals|Mercury_resistance|Mercury_resistance_regulator|MERD,0.0,44.0,0.0
MEG_7855|Metals|Zinc_resistance|Zinc_resistance_protein|ZNUA,2152.0,1028.0,1934.0
MEG_1045|Drugs|Aminoglycosides|Aminoglycoside_O-phosphotransferases|APH3-DPRIME,182.0,292.0,265.0
MEG_2522|Drugs|Trimethoprim|Dihydrofolate_reductase|DFRA,20.0,7.0,86.0
MEG_2606|Drugs|betalactams|Class_C_betalactamases|DHA,0.0,248.0,0.0
MEG_3460|Multi-compound|Drug_and_biocide_resistance|Drug_and_biocide_MFS_efflux_pumps|KMRA,823.0,217.0,1487.0
MEG_7883|Multi-compound|Drug_and_biocide_resistance|Drug_and_biocide_RND_efflux_pumps|ACRB|RequiresSNPConfirmation,805.0,258.0,1386.0
MEG_1284|Drugs|betalactams|Class_C_betalactamases|BLAEC,99.0,42.0,150.0
MEG_6639|Drugs|Sulfonamides|Sulfonamide-resistant_dihydropteroate_synthases|SULIII,69.0,28.0,18.0
MEG_1301|Drugs|betalactams|Penicillin_binding_protein_regulator|BLAR,0.0,0.0,795.0
MEG_785|Drugs|Aminoglycosides|Aminoglycoside_O-nucleotidyltransferases|ANT3-DPRIME,12.0,0.0,27.0
MEG_8459|Drugs|betalactams|Penicillin_binding_protein|PBP4|RequiresSNPConfirmation,172.0,4122.0,1962.0
MEG_400|Multi-compound|Drug_and_biocide_resistance|Drug_and_biocide_RND_efflux_pumps|ACRA,673.0,197.0,1302.0
MEG_6027|Drugs|Fluoroquinolones|Quinolone_resistance_protein_Qnr|QNRS,39.0,10.0,0.0
MEG_4361|Multi-compound|Drug_and_biocide_resistance|Drug_and_biocide_RND_efflux_pumps|OQXB,76.0,0.0,0.0
MEG_8231|Drugs|Lipopeptides|Colistin-resistant_mutant|LPSB,31.0,14.0,0.0
MEG_5801|Drugs|Cationic_antimicrobial_peptides|Lipid_A_modification|PMRF,6306.0,2937.0,5502.0
MEG_3189|Drugs|Fluoroquinolones|Fluoroquinolone-resistant_DNA_topoisomerases|GYRA|RequiresSNPConfirmation,0.0,0.0,0.0
MEG_1055|Drugs|Aminoglycosides|Aminoglycoside_O-phosphotransferases|APH3-DPRIME,148.0,421.0,112.0
MEG_3606|Drugs|MLS|Lincosamide_nucleotidyltransferases|LNUA,23.0,27.0,34.0
MEG_5976|Drugs|Fluoroquinolones|Quinolone_resistance_protein_Qnr|QNRB,711.0,249.0,599.0
MEG_3212|Drugs|Fluoroquinolones|Fluoroquinolone-resistant_DNA_topoisomerases|GYRA|RequiresSNPConfirmation,0.0,28.0,0.0
MEG_8708|Drugs|betalactams|Class_A_betalactamases|TEM,0.0,17.0,0.0
MEG_1488|Metals|Multi-metal_resistance|Multi-metal_resistance_regulator|CADX,265.0,1734.0,11.0
MEG_7582|Drugs|Glycopeptides|VanC-type_resistance_protein|VANXYC,113.0,49.0,14.0
MEG_2325|Drugs|betalactams|Class_A_betalactamases|CTX,0.0,0.0,6.0
MEG_7263|Biocides|Multi-biocide_resistance|Multi-biocide_RND_efflux_pump|TOLC,3859.0,1649.0,3061.0
MEG_7859|Metals|Zinc_resistance|Zinc_resistance_protein|ZNUC,4909.0,2327.0,4180.0
MEG_7136|Drugs|Tetracyclines|Tetracycline_resistance_ribosomal_protection_proteins|TETM,167.0,0.0,36.0
MEG_8699|Drugs|betalactams|Class_A_betalactamases|SHV,0.0,0.0,30.0
MEG_2706|Multi-compound|Drug_and_biocide_resistance|Drug_and_biocide_ABC_efflux_pumps|EFRA,550.0,281.0,57.0
MEG_5828|Multi-compound|Drug_and_biocide_resistance|Drug_and_biocide_SMR_efflux_pumps|QACE,0.0,8.0,86.0
MEG_6616|Drugs|Sulfonamides|Sulfonamide-resistant_dihydropteroate_synthases|SULI,63.0,0.0,247.0
MEG_5348|Drugs|Fluoroquinolones|Fluoroquinolone-resistant_DNA_topoisomerases|PARC|RequiresSNPConfirmation,0.0,19.0,1.0
MEG_4334|Multi-compound|Drug_and_biocide_resistance|Drug_and_biocide_RND_efflux_pumps|OQXA,40.0,0.0,0.0
MEG_877|Drugs|Aminoglycosides|Aminoglycoside_O-nucleotidyltransferases|ANT3-DPRIME,0.0,0.0,14.0
MEG_2987|Drugs|Fosfomycin|Fosfomycin_thiol_transferases|FOSA,65.0,6.0,139.0
MEG_3641|Drugs|MLS|MLS_resistance_ABC_efflux_pumps|LSA,309.0,0.0,0.0
MEG_771|Drugs|Aminoglycosides|Aminoglycoside_O-nucleotidyltransferases|ANT3-DPRIME,12.0,0.0,34.0
MEG_7196|Drugs|Tetracyclines|Tetracycline_resistance_MFS_efflux_regulator|TETRM|RequiresSNPConfirmation,0.0,6.0,0.0
MEG_2678|Metals|Multi-metal_resistance|Multi-metal_resistance_protein|DSBA,180.0,74.0,146.0
MEG_4169|Metals|Nickel_resistance|Nickel_ABC_efflux_pumps|NIKB,2338.0,1128.0,1914.0
MEG_406|Multi-compound|Drug_and_biocide_and_metal_resistance|Drug_and_biocide_and_metal_RND_efflux_pumps|ACRD,7644.0,3556.0,6590.0
MEG_6018|Drugs|Fluoroquinolones|Quinolone_resistance_protein_Qnr|QNRS,48.0,0.0,70.0
MEG_3254|Biocides|Acid_resistance|Acid_resistance_protein|HDEB,798.0,354.0,606.0
MEG_685|Multi-compound|Drug_and_biocide_resistance|Drug_and_biocide_RND_efflux_pumps|ADEH,0.0,24.0,0.0
MEG_6838|Drugs|betalactams|Class_A_betalactamases|TEM,0.0,12.0,0.0
MEG_7101|Drugs|Tetracyclines|Tetracycline_resistance_MFS_efflux_pumps|TETL,0.0,95.0,257.0
MEG_849|Drugs|Aminoglycosides|Aminoglycoside_O-nucleotidyltransferases|ANT3-DPRIME,36.0,0.0,42.0
MEG_3591|Drugs|Lipopeptides|Daptomycin-resistant_mutant|LIAFSR|RequiresSNPConfirmation,0.0,0.0,0.0
MEG_5392|Drugs|Aminocoumarins|Aminocoumarin-resistant_DNA_topoisomerases|PARE|RequiresSNPConfirmation,307.0,263.0,474.0
MEG_3449|Biocides|Multi-biocide_resistance|Multi-biocide_RND_efflux_pump|KEXD,613.0,179.0,256.0
MEG_1591|Drugs|Phenicol|Chloramphenicol_acetyltransferases|CATA,0.0,45.0,0.0
MEG_6960|Metals|Tellurium_resistance|Tellurium_resistance_protein|TERW,101.0,0.0,0.0
MEG_409|Multi-compound|Drug_and_biocide_resistance|Drug_and_biocide_RND_efflux_pumps|ACRF,10164.0,5068.0,8021.0
MEG_1054|Drugs|Aminoglycosides|Aminoglycoside_O-phosphotransferases|APH3-DPRIME,118.0,239.0,205.0
MEG_7140|Drugs|Tetracyclines|Tetracycline_resistance_ribosomal_protection_proteins|TETM,318.0,0.0,0.0
MEG_2524|Drugs|Trimethoprim|Dihydrofolate_reductase|DFRA,18.0,0.0,90.0
MEG_3001|Drugs|Fosfomycin|Fosfomycin_thiol_transferases|FOSA,34.0,0.0,70.0
MEG_3751|Multi-compound|Drug_and_biocide_resistance|Drug_and_biocide_RND_efflux_pumps|MDTE,8197.0,3985.0,6483.0
MEG_8447|Drugs|Fluoroquinolones|Fluoroquinolone-resistant_DNA_topoisomerases|PARC|RequiresSNPConfirmation,120.0,33.0,181.0
MEG_7302|Drugs|Elfamycins|EF-Tu_inhibition|TUFAB|RequiresSNPConfirmation,2.0,3.0,4.0
MEG_3233|Drugs|Fluoroquinolones|Fluoroquinolone-resistant_DNA_topoisomerases|GYRA|RequiresSNPConfirmation,0.0,0.0,0.0
MEG_7853|Metals|Multi-metal_resistance|Multi-metal_resistance_protein|ZNTA,18065.0,8339.0,14993.0
MEG_2498|Drugs|Trimethoprim|Dihydrofolate_reductase|DFRA,60.0,0.0,97.0
MEG_8151|Drugs|Fluoroquinolones|Fluoroquinolone-resistant_DNA_topoisomerases|GYRB|RequiresSNPConfirmation,2159.0,691.0,3239.0
MEG_3883|Metals|Mercury_resistance|Mercury_resistance_regulator|MERR,121.0,255.0,26.0
MEG_2917|Drugs|Phenicol|Phenicol_resistance_MFS_efflux_pumps|FLOR,0.0,34.0,0.0
MEG_3516|Multi-compound|Drug_and_biocide_resistance|Drug_and_biocide_SMR_efflux_pumps|KPNO,2711.0,1500.0,3044.0
MEG_3|Drugs|Aminoglycosides|Aminoglycoside-resistant_16S_ribosomal_subunit_protein|A16S|RequiresSNPConfirmation,5.0,1.0,4.0
MEG_6549|Biocides|Multi-biocide_resistance|Multi-biocide_resistance_regulator|SOXRB,2420.0,1269.0,1928.0
MEG_3079|Biocides|Acid_resistance|Acid_resistance_protein|GADC,8408.0,3904.0,7304.0
MEG_5365|Drugs|Aminocoumarins|Aminocoumarin-resistant_DNA_topoisomerases|PARE|RequiresSNPConfirmation,0.0,0.0,0.0
MEG_1027|Drugs|Aminoglycosides|Aminoglycoside_O-phosphotransferases|APH3-DPRIME,0.0,61.0,0.0
MEG_6837|Drugs|betalactams|Class_A_betalactamases|TEM,0.0,21.0,0.0
MEG_6934|Drugs|betalactams|Class_A_betalactamases|TEM,0.0,58.0,0.0
MEG_6653|Metals|Copper_resistance|Copper_resistance_protein|TCRY,298.0,678.0,239.0
MEG_2844|Drugs|MLS|23S_rRNA_methyltransferases|ERMR,0.0,0.0,168.0
MEG_1300|Drugs|betalactams|Penicillin_binding_protein_regulator|BLAR,133.0,0.0,1004.0
MEG_2783|Drugs|MLS|23S_rRNA_methyltransferases|ERMA,0.0,60.0,0.0
MEG_8692|Multi-compound|Drug_and_biocide_resistance|Drug_and_biocide_MFS_efflux_pumps|SDRM,113.0,4739.0,2181.0
MEG_2643|Drugs|Trimethoprim|Dihydrofolate_reductase|DHFR|RequiresSNPConfirmation,24.0,0.0,35.0
MEG_1593|Drugs|Phenicol|Chloramphenicol_acetyltransferases|CATA,97.0,34.0,0.0
MEG_966|Drugs|Aminoglycosides|Aminoglycoside_O-nucleotidyltransferases|ANT3-DPRIME,0.0,0.0,13.0
MEG_6126|Drugs|Rifampin|Rifampin-resistant_beta-subunit_of_RNA_polymerase_RpoB|RPOB|RequiresSNPConfirmation,0.0,2.0,0.0
MEG_7179|Drugs|Tetracyclines|Tetracycline_resistance_ribosomal_protection_proteins|TETQ,0.0,74.0,0.0
MEG_1637|Drugs|betalactams|Class_A_betalactamases|CBLA,27.0,32.0,0.0
MEG_408|Multi-compound|Drug_and_biocide_resistance|Drug_and_biocide_RND_efflux_pumps|ACRE,8192.0,3922.0,6392.0
MEG_2088|Metals|Multi-metal_resistance|Multi-metal_resistance_protein|CORB,4022.0,1859.0,3417.0
MEG_5329|Drugs|Fluoroquinolones|Fluoroquinolone-resistant_DNA_topoisomerases|PARC|RequiresSNPConfirmation,0.0,0.0,0.0
MEG_6626|Drugs|Sulfonamides|Sulfonamide-resistant_dihydropteroate_synthases|SULII,135.0,171.0,155.0
MEG_803|Drugs|Aminoglycosides|Aminoglycoside_O-nucleotidyltransferases|ANT3-DPRIME,13.0,0.0,39.0
MEG_4009|Metals|Multi-metal_resistance|Multi-metal_ABC_efflux_pumps|MODC,2362.0,1184.0,1917.0
MEG_7097|Drugs|Tetracyclines|Tetracycline_resistance_MFS_efflux_pumps|TETL,0.0,111.0,339.0
MEG_2020|Metals|Copper_resistance|Copper_resistance_protein|COPA,13247.0,6057.0,10760.0
MEG_5391|Drugs|Aminocoumarins|Aminocoumarin-resistant_DNA_topoisomerases|PARE|RequiresSNPConfirmation,0.0,0.0,0.0
MEG_6107|Drugs|Rifampin|Rifampin-resistant_beta-subunit_of_RNA_polymerase_RpoB|RPOB|RequiresSNPConfirmation,0.0,0.0,0.0
MEG_7811|Metals|Iron_resistance|Iron_resistance_protein|YBTP,2291.0,3052.0,3705.0
MEG_6958|Metals|Tellurium_resistance|Tellurium_resistance_protein|TERD,83.0,0.0,15.0
MEG_3998|Metals|Multi-metal_resistance|Multi-metal_resistance_protein|MNTH,8625.0,4018.0,7099.0
MEG_6985|Drugs|Tetracyclines|Tetracycline_resistance_MFS_efflux_pumps|TET38,35.0,0.0,0.0
MEG_3934|Multi-compound|Drug_and_biocide_resistance|Drug_and_biocide_RND_efflux_regulator|MEXT,0.0,16.0,0.0
MEG_2785|Drugs|MLS|23S_rRNA_methyltransferases|ERMA,0.0,76.0,0.0
MEG_812|Drugs|Aminoglycosides|Aminoglycoside_O-nucleotidyltransferases|ANT3-DPRIME,0.0,0.0,45.0
MEG_5395|Drugs|Fluoroquinolones|Fluoroquinolone-resistant_DNA_topoisomerases|PAREF|RequiresSNPConfirmation,0.0,0.0,0.0
MEG_970|Drugs|Aminoglycosides|Aminoglycoside_O-nucleotidyltransferases|ANT3-DPRIME,0.0,0.0,47.0
MEG_6590|Drugs|Sulfonamides|Sulfonamide-resistant_dihydropteroate_synthases|SULI,0.0,0.0,20.0
MEG_3287|Biocides|Peroxide_resistance|Peroxide_resistance_stress_protein|IBPA,3146.0,1525.0,2798.0
MEG_3608|Drugs|MLS|Lincosamide_nucleotidyltransferases|LNUA,0.0,0.0,23.0
MEG_3948|Metals|Multi-metal_resistance|Multi-metal_resistance_regulator|MGTA,10501.0,5384.0,8903.0
MEG_2637|Drugs|Trimethoprim|Dihydrofolate_reductase|DHFR|RequiresSNPConfirmation,27.0,15.0,45.0
MEG_4175|Metals|Nickel_resistance|Nickel_ABC_efflux_regulator|NIKR,449.0,264.0,373.0
MEG_1118|Drugs|Multi-drug_resistance|MDR_regulator|ARLS,91.0,3194.0,1557.0
MEG_2729|Multi-compound|Drug_and_biocide_resistance|Drug_and_biocide_MFS_efflux_pumps|EMRD,5150.0,2449.0,4248.0
MEG_2797|Drugs|MLS|23S_rRNA_methyltransferases|ERMB,26.0,24.0,0.0
MEG_8070|Drugs|Trimethoprim|Dihydrofolate_reductase|DFRB|RequiresSNPConfirmation,75.0,1814.0,823.0
MEG_5816|Metals|Arsenic_resistance|Arsenic_resistance_protein|PSTS,4844.0,2410.0,4077.0
MEG_5416|Metals|Copper_resistance|Copper_resistance_protein|PCOA,976.0,646.0,495.0
MEG_3071|Drugs|Fusidic_acid|Fusidic_acid-resistant_mutation|FUSE|RequiresSNPConfirmation,0.0,9.0,0.0
MEG_4207|Multi-compound|Drug_and_biocide_resistance|Drug_and_biocide_MFS_efflux_pumps|NORA,78.0,3747.0,1849.0
MEG_1410|Drugs|betalactams|Class_A_betalactamases|BLAZ,0.0,0.0,88.0
MEG_2925|Drugs|Phenicol|Phenicol_resistance_MFS_efflux_pumps|FLOR,0.0,36.0,0.0
MEG_2589|Drugs|betalactams|Class_C_betalactamases|DHA,36.0,0.0,115.0
MEG_6032|Drugs|Fluoroquinolones|Quinolone_resistance_protein_Qnr|QNRS,0.0,0.0,63.0
MEG_6576|Biocides|Multi-biocide_resistance|Multi-biocide_SMR_efflux_pump|SUGE,587.0,294.0,526.0
MEG_2962|Drugs|Sulfonamides|Sulfonamide-resistant_dihydropteroate_synthases|FOLP|RequiresSNPConfirmation,8.0,275.0,113.0
MEG_6624|Drugs|Sulfonamides|Sulfonamide-resistant_dihydropteroate_synthases|SULII,102.0,224.0,166.0
MEG_3227|Drugs|Fluoroquinolones|Fluoroquinolone-resistant_DNA_topoisomerases|GYRA|RequiresSNPConfirmation,0.0,1.0,0.0
MEG_2585|Drugs|betalactams|Class_C_betalactamases|DHA,46.0,0.0,124.0
MEG_8450|Drugs|Aminocoumarins|Aminocoumarin-resistant_DNA_topoisomerases|PARE|RequiresSNPConfirmation,0.0,415.0,295.0
MEG_2952|Drugs|Sulfonamides|Sulfonamide-resistant_dihydropteroate_synthases|FOLP|RequiresSNPConfirmation,583.0,170.0,1025.0
MEG_5359|Drugs|Fluoroquinolones|Fluoroquinolone-resistant_DNA_topoisomerases|PARC|RequiresSNPConfirmation,0.0,1.0,0.0
MEG_5345|Drugs|Fluoroquinolones|Fluoroquinolone-resistant_DNA_topoisomerases|PARC|RequiresSNPConfirmation,0.0,0.0,0.0
MEG_2689|Metals|Multi-metal_resistance|Multi-metal_resistance_protein|DSBB,2530.0,1178.0,2186.0
MEG_2676|Metals|Multi-metal_resistance|Multi-metal_resistance_protein|DSBA,180.0,79.0,152.0
MEG_4071|Drugs|MLS|MLS_resistance_ABC_efflux_pumps|MSRC,0.0,0.0,159.0
MEG_4223|Drugs|Oxazolidinone|Oxazolidinone-resistant_23S_rRNA_mutation|O23S|RequiresSNPConfirmation,0.0,1.0,2.0
MEG_5991|Drugs|Fluoroquinolones|Quinolone_resistance_protein_Qnr|QNRB,33.0,0.0,0.0
MEG_6877|Drugs|betalactams|Class_A_betalactamases|TEM,0.0,25.0,0.0
MEG_8460|Drugs|betalactams|Penicillin_binding_protein|PBP4|RequiresSNPConfirmation,45.0,1327.0,577.0
MEG_2707|Multi-compound|Drug_and_biocide_resistance|Drug_and_biocide_ABC_efflux_pumps|EFRB,743.0,370.0,177.0
MEG_7110|Drugs|Tetracyclines|Tetracycline_resistance_ribosomal_protection_proteins|TETM,0.0,0.0,63.0
MEG_1210|Multi-compound|Drug_and_biocide_resistance|Drug_and_biocide_MFS_efflux_pumps|BCR,4090.0,1985.0,3812.0
MEG_1115|Drugs|Multi-drug_resistance|MDR_regulator|ARLR,38.0,1542.0,729.0
MEG_2737|Multi-compound|Drug_and_biocide_resistance|Drug_and_biocide_MFS_efflux_pumps|EMRY,4022.0,2006.0,3374.0
MEG_6655|Multi-compound|Biocide_and_metal_resistance|Biocide_and_metal_resistance_protein|TEHA,6429.0,3173.0,5634.0
MEG_3645|Drugs|MLS|MLS_resistance_ABC_efflux_pumps|LSA,251.0,243.0,0.0
MEG_3223|Drugs|Fluoroquinolones|Fluoroquinolone-resistant_DNA_topoisomerases|GYRA|RequiresSNPConfirmation,0.0,0.0,0.0
MEG_2030|Metals|Copper_resistance|Copper_resistance_protein|COPA,104.0,0.0,187.0
MEG_2584|Drugs|betalactams|Class_C_betalactamases|DHA,27.0,0.0,102.0
MEG_4171|Metals|Nickel_resistance|Nickel_ABC_efflux_pumps|NIKD,4650.0,2234.0,3867.0
MEG_7301|Drugs|Elfamycins|EF-Tu_inhibition|TUFAB|RequiresSNPConfirmation,0.0,0.0,1.0
MEG_7178|Drugs|Tetracyclines|Tetracycline_resistance_ribosomal_protection_proteins|TETQ,0.0,64.0,89.0
MEG_6618|Drugs|Sulfonamides|Sulfonamide-resistant_dihydropteroate_synthases|SULII,184.0,193.0,105.0
MEG_2692|Metals|Multi-metal_resistance|Multi-metal_resistance_protein|DSBC,3263.0,1598.0,2794.0
MEG_2447|Metals|Multi-metal_resistance|Multi-metal_RND_efflux_pumps|CUSB,8631.0,3919.0,7130.0
MEG_2424|Drugs|betalactams|Class_A_betalactamases|CTX,0.0,0.0,170.0
MEG_3753|Multi-compound|Drug_and_biocide_resistance|Drug_and_biocide_MFS_efflux_pumps|MDTG,5089.0,2299.0,4424.0
MEG_4164|Metals|Sodium_resistance|Sodium_resistance_protein|NHAB,5963.0,2745.0,5098.0
MEG_411|Multi-compound|Drug_and_biocide_resistance|Drug_and_biocide_RND_efflux_regulator|ACRR|RequiresSNPConfirmation,107.0,53.0,81.0
MEG_2722|Multi-compound|Drug_and_biocide_resistance|Drug_and_biocide_MFS_efflux_pumps|EMRA,5761.0,2845.0,4843.0
MEG_6591|Drugs|Sulfonamides|Sulfonamide-resistant_dihydropteroate_synthases|SULI,74.0,0.0,151.0
MEG_6099|Drugs|Rifampin|Rifampin-resistant_beta-subunit_of_RNA_polymerase_RpoB|RPOB|RequiresSNPConfirmation,0.0,0.0,0.0
MEG_975|Drugs|Aminoglycosides|Aminoglycoside_O-nucleotidyltransferases|ANT3-DPRIME,81.0,0.0,261.0
MEG_6504|Metals|Multi-metal_resistance|Multi-metal_RND_efflux_pumps|SILF,204.0,103.0,104.0
MEG_7109|Drugs|Tetracyclines|Tetracycline_resistance_ribosomal_protection_proteins|TETM,155.0,0.0,0.0
MEG_2848|Drugs|MLS|23S_rRNA_methyltransferases|ERMT,31.0,0.0,462.0
MEG_6836|Drugs|betalactams|Class_A_betalactamases|TEM,0.0,14.0,0.0
MEG_1086|Drugs|Aminoglycosides|Aminoglycoside_O-phosphotransferases|APH6,264.0,364.0,358.0
MEG_415|Multi-compound|Drug_and_biocide_resistance|Drug_and_biocide_RND_efflux_regulator|ACRS,5001.0,2368.0,3950.0
MEG_2393|Drugs|betalactams|Class_A_betalactamases|CTX,0.0,0.0,117.0
MEG_1161|Metals|Multi-metal_resistance|Multi-metal_resistance_protein|ARSCM,1061.0,491.0,840.0
MEG_1277|Drugs|betalactams|Class_C_betalactamases|BLAEC,108.0,143.0,100.0
MEG_2448|Metals|Multi-metal_resistance|Multi-metal_RND_efflux_pumps|CUSC,4318.0,2277.0,3351.0
MEG_378|Multi-compound|Drug_and_biocide_resistance|Drug_and_biocide_SMR_efflux_pumps|ABES,0.0,10.0,0.0
MEG_3447|Multi-compound|Drug_and_biocide_resistance|Drug_and_biocide_MFS_efflux_pumps|KDEA,697.0,165.0,1160.0
MEG_303|Drugs|Aminoglycosides|Aminoglycoside_N-acetyltransferases|AAC6-PRIME,0.0,0.0,9.0
MEG_6795|Drugs|betalactams|Class_A_betalactamases|TEM,0.0,17.0,0.0
MEG_2736|Multi-compound|Drug_and_biocide_resistance|Drug_and_biocide_MFS_efflux_pumps|EMRY,5591.0,2797.0,4524.0
MEG_7087|Drugs|Tetracyclines|Tetracycline_resistance_MFS_efflux_pumps|TETJ,120.0,0.0,0.0
MEG_7134|Drugs|Tetracyclines|Tetracycline_resistance_ribosomal_protection_proteins|TETM,144.0,0.0,0.0
MEG_2898|Multi-compound|Biocide_and_metal_resistance|Biocide_and_metal_ABC_efflux_pumps|FETA,4615.0,2144.0,3787.0
MEG_2080|Metals|Copper_resistance|Copper_resistance_regulator|COPY,15.0,18.0,96.0
MEG_1084|Drugs|Aminoglycosides|Aminoglycoside_O-phosphotransferases|APH6,210.0,718.0,321.0
MEG_768|Drugs|Aminoglycosides|Aminoglycoside_O-nucleotidyltransferases|ANT3-DPRIME,19.0,0.0,23.0
MEG_2115|Multi-compound|Drug_and_biocide_resistance|Drug_and_biocide_RND_efflux_regulator|CPXAR,1090.0,284.0,1830.0
MEG_4163|Metals|Sodium_resistance|Sodium_resistance_protein|NHAB,4615.0,2142.0,3915.0
MEG_6929|Drugs|betalactams|Class_A_betalactamases|TEM,0.0,17.0,0.0
MEG_2378|Drugs|betalactams|Class_A_betalactamases|CTX,6529.0,2939.0,5263.0
MEG_2089|Metals|Multi-metal_resistance|Multi-metal_resistance_protein|CORC,998.0,444.0,895.0
MEG_6867|Drugs|betalactams|Class_A_betalactamases|TEM,0.0,459.0,0.0
MEG_3191|Drugs|Fluoroquinolones|Fluoroquinolone-resistant_DNA_topoisomerases|GYRA|RequiresSNPConfirmation,0.0,1.0,0.0
MEG_1026|Drugs|Aminoglycosides|Aminoglycoside_O-phosphotransferases|APH3-DPRIME,0.0,52.0,0.0
MEG_3610|Drugs|MLS|Lincosamide_nucleotidyltransferases|LNUC,1652.0,0.0,0.0
MEG_1149|Metals|Multi-metal_resistance|Multi-metal_resistance_protein|ARSBM,0.0,268.0,0.0
MEG_6136|Drugs|Multi-drug_resistance|MDR_mutation|MRPOB|RequiresSNPConfirmation,0.0,0.0,0.0
MEG_3857|Metals|Mercury_resistance|Mercury_resistance_protein|MERC,241.0,838.0,50.0
MEG_7813|Multi-compound|Biocide_and_metal_resistance|Biocide_and_metal_resistance_protein|YCHH,2240.0,1129.0,2042.0
MEG_2875|Biocides|Phenolic_compound_resistance|Phenolic_resistance_protein|FABI,5806.0,2769.0,5257.0
MEG_6625|Drugs|Sulfonamides|Sulfonamide-resistant_dihydropteroate_synthases|SULII,98.0,190.0,159.0
MEG_1116|Drugs|Multi-drug_resistance|MDR_regulator|ARLR,0.0,261.0,138.0
MEG_4167|Metals|Nickel_resistance|Nickel_ABC_efflux_pumps|NIKA,11123.0,5322.0,8947.0
MEG_6481|Drugs|betalactams|Class_A_betalactamases|SHV,0.0,0.0,9.0
MEG_6622|Drugs|Sulfonamides|Sulfonamide-resistant_dihydropteroate_synthases|SULII,145.0,202.0,143.0
MEG_6601|Drugs|Sulfonamides|Sulfonamide-resistant_dihydropteroate_synthases|SULI,12.0,0.0,36.0
MEG_1636|Drugs|betalactams|Class_A_betalactamases|CBLA,17.0,36.0,0.0
MEG_3837|Metals|Mercury_resistance|Mercury_resistance_protein|MERA,0.0,661.0,0.0
MEG_6019|Drugs|Fluoroquinolones|Quinolone_resistance_protein_Qnr|QNRS,46.0,11.0,83.0
MEG_7865|Multi-compound|Biocide_and_metal_resistance|Biocide_and_metal_resistance_protein|ZUPT,3328.0,1680.0,2586.0
MEG_3009|Drugs|Fosfomycin|Fosfomycin_thiol_transferases|FOSB,25.0,535.0,94.0
MEG_6759|Drugs|betalactams|Class_A_betalactamases|TEM,0.0,11.0,0.0
MEG_6145|Drugs|Aminoglycosides|Aminoglycoside-resistant_16S_ribosomal_subunit_protein|RRSA|RequiresSNPConfirmation,0.0,0.0,0.0
MEG_2446|Metals|Multi-metal_resistance|Multi-metal_RND_efflux_pumps|CUSA,21841.0,10153.0,19016.0
MEG_6133|Drugs|Rifampin|Rifampin-resistant_beta-subunit_of_RNA_polymerase_RpoB|RPOB|RequiresSNPConfirmation,0.0,0.0,0.0
MEG_7832|Metals|Multi-metal_resistance|Multi-metal_resistance_protein|YGJH,6149.0,3044.0,4970.0
MEG_3861|Metals|Mercury_resistance|Mercury_resistance_regulator|MERD,0.0,190.0,0.0
MEG_3757|Multi-compound|Drug_and_biocide_resistance|Drug_and_biocide_SMR_efflux_pumps|MDTJ,2809.0,1288.0,2360.0
MEG_1114|Drugs|Multi-drug_resistance|MDR_regulator|ARLR,20.0,425.0,181.0
MEG_3662|Multi-compound|Drug_and_biocide_resistance|Drug_and_biocide_RND_efflux_regulator|MARA,1598.0,753.0,1351.0
MEG_1326|Drugs|betalactams|Class_A_betalactamases|BLAZ,23.0,0.0,144.0
MEG_2017|Metals|Copper_resistance|Copper_resistance_regulator|COMR,4208.0,1903.0,3531.0
MEG_6124|Drugs|Rifampin|Rifampin-resistant_beta-subunit_of_RNA_polymerase_RpoB|RPOB|RequiresSNPConfirmation,0.0,2.0,0.0
MEG_3253|Biocides|Acid_resistance|Acid_resistance_protein|HDEA,2542.0,1292.0,2047.0
MEG_7137|Drugs|Tetracyclines|Tetracycline_resistance_ribosomal_protection_proteins|TETM,143.0,0.0,127.0
MEG_6146|Drugs|Aminoglycosides|Aminoglycoside-resistant_16S_ribosomal_subunit_protein|RRSC|RequiresSNPConfirmation,10.0,10.0,14.0
MEG_6596|Drugs|Sulfonamides|Sulfonamide-resistant_dihydropteroate_synthases|SULI,0.0,0.0,39.0
MEG_45|Drugs|Aminoglycosides|Aminoglycoside_N-acetyltransferases|AAC3,103.0,17.0,298.0
MEG_5815|Metals|Arsenic_resistance|Arsenic_resistance_protein|PSTC,7659.0,3786.0,6397.0
MEG_3836|Multi-compound|Drug_and_biocide_resistance|Drug_and_biocide_MATE_efflux_regulator|MEPR,76.0,1616.0,795.0
MEG_2801|Drugs|MLS|23S_rRNA_methyltransferases|ERMB,69.0,97.0,0.0
MEG_7183|Drugs|Tetracyclines|Tetracycline_resistance_ribosomal_protection_proteins|TETQ,265.0,296.0,300.0
MEG_5826|Multi-compound|Drug_and_biocide_resistance|Drug_and_biocide_SMR_efflux_pumps|QACC,20.0,4.0,0.0
MEG_2919|Drugs|Phenicol|Phenicol_resistance_MFS_efflux_pumps|FLOR,0.0,22.0,0.0
MEG_3737|Multi-compound|Drug_and_biocide_resistance|Drug_and_biocide_MFS_efflux_pumps|MDFA,3666.0,1703.0,3087.0
MEG_4033|Drugs|MLS|Macrolide_phosphotransferases|MPHB,3662.0,1681.0,3001.0
MEG_4365|Multi-compound|Drug_and_biocide_resistance|Drug_and_biocide_RND_efflux_pumps|OQXB,51.0,0.0,0.0
MEG_845|Drugs|Aminoglycosides|Aminoglycoside_O-nucleotidyltransferases|ANT3-DPRIME,0.0,0.0,37.0
MEG_7265|Biocides|Multi-biocide_resistance|Multi-biocide_RND_efflux_pump|TOLC,182.0,89.0,163.0
MEG_6962|Metals|Tellurium_resistance|Tellurium_resistance_protein|TERZ,139.0,0.0,0.0
MEG_7835|Multi-compound|Biocide_and_metal_resistance|Biocide_and_metal_resistance_protein|YIEF,4108.0,2056.0,3376.0
MEG_2796|Drugs|MLS|23S_rRNA_methyltransferases|ERMB,29.0,61.0,0.0
MEG_6117|Drugs|Rifampin|Rifampin-resistant_beta-subunit_of_RNA_polymerase_RpoB|RPOB|RequiresSNPConfirmation,0.0,3.0,0.0
MEG_3763|Multi-compound|Drug_and_biocide_resistance|Drug_and_biocide_RND_efflux_pumps|MDTN,8394.0,4170.0,6868.0
MEG_3644|Drugs|MLS|MLS_resistance_ABC_efflux_pumps|LSA,216.0,91.0,0.0
MEG_7125|Drugs|Tetracyclines|Tetracycline_resistance_ribosomal_protection_proteins|TETM,147.0,0.0,64.0
MEG_2122|Multi-compound|Drug_and_biocide_resistance|Drug_and_biocide_RND_efflux_regulator|CPXAR,3333.0,1572.0,2326.0
MEG_6636|Drugs|Sulfonamides|Sulfonamide-resistant_dihydropteroate_synthases|SULII,106.0,186.0,121.0
MEG_4333|Multi-compound|Drug_and_biocide_resistance|Drug_and_biocide_RND_efflux_pumps|OQXA,65.0,0.0,162.0
MEG_1453|Drugs|betalactams|Class_A_betalactamases|BLAZ,0.0,85.0,0.0
MEG_7135|Drugs|Tetracyclines|Tetracycline_resistance_ribosomal_protection_proteins|TETM,191.0,0.0,54.0
MEG_2918|Drugs|Phenicol|Phenicol_resistance_MFS_efflux_pumps|FLOR,0.0,39.0,0.0
MEG_5382|Drugs|Aminocoumarins|Aminocoumarin-resistant_DNA_topoisomerases|PARE|RequiresSNPConfirmation,0.0,0.0,0.0
MEG_5400|Drugs|betalactams|Penicillin_binding_protein|PBP2,13523.0,6470.0,11522.0
MEG_7843|Drugs|Lipopeptides|Daptomycin-resistant_mutant|YYBT|RequiresSNPConfirmation,0.0,0.0,0.0
MEG_3230|Drugs|Fluoroquinolones|Fluoroquinolone-resistant_DNA_topoisomerases|GYRA|RequiresSNPConfirmation,0.0,0.0,0.0
MEG_7096|Drugs|Tetracyclines|Tetracycline_resistance_MFS_efflux_pumps|TETL,0.0,76.0,224.0
MEG_1095|Drugs|Aminoglycosides|Aminoglycoside_O-phosphotransferases|APH6,199.0,256.0,276.0
MEG_47|Drugs|Aminoglycosides|Aminoglycoside_N-acetyltransferases|AAC3,67.0,1900.0,846.0
MEG_7976|Drugs|Lipopeptides|Colistin_phosphoethanolamine_transferase|ARNT,1148.0,283.0,1914.0
MEG_4160|Metals|Chromium_resistance|Chromium_resistance_protein|NFSA,5192.0,2417.0,4313.0
MEG_3290|Biocides|Acetate_resistance|Acetate_resistance_protein|ICLR,2480.0,1211.0,2056.0
MEG_6279|Drugs|betalactams|Class_A_betalactamases|SHV,0.0,0.0,9.0
MEG_2951|Drugs|Sulfonamides|Sulfonamide-resistant_dihydropteroate_synthases|FOLP|RequiresSNPConfirmation,1.0,0.0,0.0
MEG_7124|Drugs|Tetracyclines|Tetracycline_resistance_ribosomal_protection_proteins|TETM,179.0,49.0,0.0
MEG_7132|Drugs|Tetracyclines|Tetracycline_resistance_ribosomal_protection_proteins|TETM,0.0,0.0,55.0
MEG_2484|Drugs|Trimethoprim|Dihydrofolate_reductase|DFRA,16.0,0.0,70.0
MEG_7819|Biocides|Multi-biocide_resistance|Multi-biocide_resistance_regulator|YDEO,4722.0,2285.0,4013.0
MEG_8233|Drugs|Multi-drug_resistance|Multi-drug_ABC_efflux_pumps|LSAD,128.0,0.0,0.0
MEG_3599|Multi-compound|Drug_and_biocide_resistance|Drug_and_biocide_MFS_efflux_pumps|LMRS,147.0,4719.0,2117.0
MEG_4335|Multi-compound|Drug_and_biocide_resistance|Drug_and_biocide_RND_efflux_pumps|OQXA,187.0,12.0,492.0
MEG_6022|Drugs|Fluoroquinolones|Quinolone_resistance_protein_Qnr|QNRS,26.0,17.0,43.0
MEG_6031|Drugs|Fluoroquinolones|Quinolone_resistance_protein_Qnr|QNRS,60.0,14.0,108.0
MEG_8077|Multi-compound|Drug_and_biocide_resistance|Drug_and_biocide_ABC_efflux_pumps|EFRA,786.0,531.0,113.0
MEG_1580|Drugs|Phenicol|Chloramphenicol_acetyltransferases|CATA,30.0,0.0,0.0
MEG_6050|Metals|Multi-metal_resistance|Multi-metal_resistance_regulator|RCNR,1804.0,883.0,1578.0
MEG_7088|Drugs|Tetracyclines|Tetracycline_resistance_MFS_efflux_pumps|TETJ,319.0,0.0,0.0
MEG_2949|Drugs|Sulfonamides|Sulfonamide-resistant_dihydropteroate_synthases|FOLP|RequiresSNPConfirmation,0.0,241.0,117.0
MEG_5422|Metals|Copper_resistance|Copper_resistance_protein|PCOD,529.0,335.0,249.0
MEG_6135|Drugs|Rifampin|Rifampin-resistant_beta-subunit_of_RNA_polymerase_RpoB|RPOB|RequiresSNPConfirmation,4.0,1.0,0.0
MEG_1730|Drugs|Lipopeptides|Daptomycin-resistant_mutant|CLS|RequiresSNPConfirmation,0.0,1.0,3.0
MEG_3764|Multi-compound|Drug_and_biocide_resistance|Drug_and_biocide_RND_efflux_pumps|MDTO,13395.0,6634.0,11329.0
MEG_1087|Drugs|Aminoglycosides|Aminoglycoside_O-phosphotransferases|APH6,155.0,192.0,209.0
MEG_4324|Multi-compound|Drug_and_biocide_resistance|Drug_and_biocide_RND_efflux_pumps|OQXA,27.0,0.0,0.0
MEG_7812|Metals|Iron_resistance|Iron_resistance_protein|YBTQ,2571.0,3263.0,4093.0
MEG_6112|Drugs|Rifampin|Rifampin-resistant_beta-subunit_of_RNA_polymerase_RpoB|RPOB|RequiresSNPConfirmation,1.0,0.0,0.0
MEG_5333|Drugs|Fluoroquinolones|Fluoroquinolone-resistant_DNA_topoisomerases|PARC|RequiresSNPConfirmation,0.0,8.0,1.0
MEG_1041|Drugs|Aminoglycosides|Aminoglycoside_O-phosphotransferases|APH3-DPRIME,63.0,0.0,106.0
MEG_2868|Multi-compound|Drug_and_biocide_resistance|Drug_and_biocide_MFS_efflux_regulator|EVGS,770.0,748.0,908.0
MEG_6045|Drugs|Multi-drug_resistance|Multi-drug_RND_efflux_regulator|RAMR|RequiresSNPConfirmation,0.0,6.0,6.0
MEG_1992|Drugs|betalactams|Class_C_betalactamases|CMY,25.0,0.0,0.0
MEG_2924|Drugs|Phenicol|Phenicol_resistance_MFS_efflux_pumps|FLOR,0.0,41.0,0.0
MEG_1701|Metals|Sodium_resistance|Sodium_resistance_protein|CHAA,7208.0,3502.0,6521.0
MEG_4203|Biocides|Paraquat_resistance|Paraquat_resistance_protein|NMPC,1024.0,568.0,0.0
MEG_2725|Multi-compound|Drug_and_biocide_resistance|Drug_and_biocide_MFS_efflux_pumps|EMRB,4810.0,2265.0,4250.0
MEG_1193|Multi-compound|Drug_and_biocide_and_metal_resistance|Drug_and_biocide_and_metal_RND_efflux_regulator|BAES,5962.0,2880.0,5069.0
MEG_4174|Metals|Nickel_resistance|Nickel_ABC_efflux_pumps|NIKE,1234.0,609.0,1028.0
MEG_1046|Drugs|Aminoglycosides|Aminoglycoside_O-phosphotransferases|APH3-DPRIME,112.0,198.0,187.0
MEG_794|Drugs|Aminoglycosides|Aminoglycoside_O-nucleotidyltransferases|ANT3-DPRIME,31.0,0.0,0.0
MEG_3289|Biocides|Peroxide_resistance|Peroxide_resistance_stress_protein|IBPB,2381.0,1202.0,2155.0
MEG_6123|Drugs|Rifampin|Rifampin-resistant_beta-subunit_of_RNA_polymerase_RpoB|RPOB|RequiresSNPConfirmation,3.0,0.0,0.0
MEG_12|Drugs|Aminoglycosides|Aminoglycoside-resistant_16S_ribosomal_subunit_protein|A16S|RequiresSNPConfirmation,0.0,0.0,0.0
MEG_7148|Drugs|Tetracyclines|Tetracycline_resistance_ribosomal_protection_proteins|TETM,270.0,0.0,0.0
MEG_876|Drugs|Aminoglycosides|Aminoglycoside_O-nucleotidyltransferases|ANT3-DPRIME,0.0,0.0,33.0
MEG_5425|Metals|Copper_resistance|Copper_resistance_regulator|PCOS,857.0,587.0,459.0
MEG_6633|Drugs|Sulfonamides|Sulfonamide-resistant_dihydropteroate_synthases|SULII,94.0,195.0,126.0
MEG_3207|Drugs|Fluoroquinolones|Fluoroquinolone-resistant_DNA_topoisomerases|GYRA|RequiresSNPConfirmation,0.0,0.0,0.0
MEG_5332|Drugs|Fluoroquinolones|Fluoroquinolone-resistant_DNA_topoisomerases|PARC|RequiresSNPConfirmation,1.0,29.0,0.0
MEG_6606|Drugs|Sulfonamides|Sulfonamide-resistant_dihydropteroate_synthases|SULI,17.0,0.0,61.0
MEG_3622|Biocides|Acetate_resistance|Acetate_resistance_protein|LPDT,15332.0,7177.0,12354.0
MEG_779|Drugs|Aminoglycosides|Aminoglycoside_O-nucleotidyltransferases|ANT3-DPRIME,0.0,0.0,21.0
MEG_3865|Metals|Mercury_resistance|Mercury_resistance_regulator|MERD,0.0,41.0,0.0
MEG_1299|Drugs|betalactams|Penicillin_binding_protein_regulator|BLAR,152.0,1974.0,1690.0
MEG_5772|Biocides|Peroxide_resistance|peroxide_resistance_regulator|PERR,56.0,1932.0,740.0
MEG_3586|Drugs|Lipopeptides|Daptomycin-resistant_mutant|LIAFSR|RequiresSNPConfirmation,0.0,0.0,0.0
MEG_8456|Drugs|betalactams|Penicillin_binding_protein|PBP2|RequiresSNPConfirmation,216.0,6985.0,3087.0
MEG_8072|Drugs|betalactams|Class_C_betalactamases|DHA,26.0,0.0,77.0
MEG_6794|Drugs|betalactams|Class_A_betalactamases|TEM,0.0,13.0,0.0
MEG_2093|Metals|Multi-metal_resistance|Multi-metal_resistance_protein|CORD,1140.0,577.0,1006.0
MEG_2499|Drugs|Trimethoprim|Dihydrofolate_reductase|DFRA,18.0,11.0,25.0
MEG_4283|Drugs|betalactams|Mutant_porin_proteins|OMP37,991.0,275.0,1525.0
MEG_2900|Multi-compound|Biocide_and_metal_resistance|Biocide_and_metal_ABC_efflux_pumps|FETB,2569.0,1221.0,2206.0
MEG_784|Drugs|Aminoglycosides|Aminoglycoside_O-nucleotidyltransferases|ANT3-DPRIME,0.0,0.0,66.0
MEG_1587|Drugs|Phenicol|Chloramphenicol_acetyltransferases|CATA,31.0,0.0,0.0
MEG_7806|Drugs|Lipopeptides|Daptomycin-resistant_mutant|WALK|RequiresSNPConfirmation,0.0,0.0,0.0
MEG_7360|Drugs|Glycopeptides|VanC-type_resistance_protein|VANC,71.0,35.0,0.0
MEG_2084|Metals|Multi-metal_resistance|Multi-metal_resistance_protein|CORA,350.0,258.0,729.0
MEG_3186|Drugs|Fluoroquinolones|Fluoroquinolone-resistant_DNA_topoisomerases|GYRA|RequiresSNPConfirmation,0.0,0.0,0.0
MEG_6139|Drugs|Lipopeptides|Daptomycin-resistant_beta-subunit_of_RNA_polymerase_RpoC|RPOCL|RequiresSNPConfirmation,0.0,1.0,0.0
MEG_7111|Drugs|Tetracyclines|Tetracycline_resistance_ribosomal_protection_proteins|TETM,339.0,0.0,0.0
MEG_2588|Drugs|betalactams|Class_C_betalactamases|DHA,42.0,0.0,137.0
MEG_2687|Metals|Multi-metal_resistance|Multi-metal_resistance_protein|DSBA,186.0,81.0,164.0
MEG_8013|Drugs|Phenicol|Chloramphenicol_acetyltransferases|CATA,28.0,0.0,0.0
MEG_1057|Drugs|Aminoglycosides|Aminoglycoside_O-phosphotransferases|APH3-DPRIME,184.0,496.0,193.0
MEG_6048|Metals|Multi-metal_resistance|Multi-metal_resistance_protein|RCNA,5094.0,2539.0,4166.0
MEG_5934|Drugs|Fluoroquinolones|Quinolone_resistance_protein_Qnr|QNRB,861.0,289.0,771.0
MEG_3746|Multi-compound|Drug_and_biocide_and_metal_resistance|Drug_and_biocide_and_metal_RND_efflux_pumps|MDTA,8823.0,3835.0,7473.0
MEG_7068|Drugs|Tetracyclines|Tetracycline_resistance_MFS_efflux_pumps|TETD,0.0,85.0,0.0
MEG_3874|Metals|Mercury_resistance|Mercury_resistance_protein|MERP,55.0,253.0,18.0
MEG_3765|Multi-compound|Drug_and_biocide_resistance|Drug_and_biocide_RND_efflux_pumps|MDTP,11157.0,5589.0,9201.0
MEG_7145|Drugs|Tetracyclines|Tetracycline_resistance_ribosomal_protection_proteins|TETM,181.0,0.0,56.0
MEG_7025|Drugs|Tetracyclines|Tetracycline_resistance_MFS_efflux_pumps|TETA,485.0,530.0,615.0
MEG_2964|Drugs|Sulfonamides|Sulfonamide-resistant_dihydropteroate_synthases|FOLP|RequiresSNPConfirmation,29.0,22.0,132.0
MEG_6652|Metals|Copper_resistance|Copper_resistance_protein|TCRB,1639.0,4183.0,1277.0
MEG_2121|Multi-compound|Drug_and_biocide_resistance|Drug_and_biocide_RND_efflux_regulator|CPXAR,9222.0,4573.0,7365.0
MEG_3889|Metals|Mercury_resistance|Mercury_resistance_regulator|MERR2,16.0,20.0,0.0
MEG_1151|Metals|Multi-metal_resistance|Multi-metal_resistance_protein|ARSBM,1636.0,2246.0,1942.0
MEG_1585|Drugs|Phenicol|Chloramphenicol_acetyltransferases|CATA,274.0,0.0,0.0
MEG_7142|Drugs|Tetracyclines|Tetracycline_resistance_ribosomal_protection_proteins|TETM,152.0,0.0,0.0
MEG_6017|Drugs|Fluoroquinolones|Quinolone_resistance_protein_Qnr|QNRS,53.0,24.0,94.0
MEG_1231|Metals|Copper_resistance|Copper_resistance_regulator|BHSA,2080.0,972.0,1934.0
MEG_1578|Drugs|Phenicol|Chloramphenicol_acetyltransferases|CATA,38.0,0.0,0.0
MEG_6351|Drugs|betalactams|Class_A_betalactamases|SHV,10.0,0.0,0.0
MEG_2517|Drugs|Trimethoprim|Dihydrofolate_reductase|DFRA,49.0,158.0,0.0
MEG_3515|Multi-compound|Drug_and_biocide_resistance|Drug_and_biocide_SMR_efflux_pumps|KPNF,207.0,46.0,347.0
MEG_3947|Metals|Multi-metal_resistance|Multi-metal_resistance_regulator|MGTA,8264.0,4033.0,6693.0
MEG_4168|Metals|Nickel_resistance|Nickel_ABC_efflux_pumps|NIKB,5536.0,2639.0,4150.0
MEG_878|Drugs|Aminoglycosides|Aminoglycoside_O-nucleotidyltransferases|ANT3-DPRIME,0.0,0.0,21.0
MEG_7856|Metals|Zinc_resistance|Zinc_resistance_protein|ZNUA,4330.0,2001.0,4023.0
MEG_11|Drugs|Aminoglycosides|Aminoglycoside-resistant_16S_ribosomal_subunit_protein|A16S|RequiresSNPConfirmation,0.0,0.0,0.0
MEG_772|Drugs|Aminoglycosides|Aminoglycoside_O-nucleotidyltransferases|ANT3-DPRIME,14.0,0.0,0.0
MEG_4095|Drugs|Fosfomycin|Fosfomycin_target_mutation|MURA|RequiresSNPConfirmation,0.0,0.0,0.0
MEG_2946|Drugs|Sulfonamides|Sulfonamide-resistant_dihydropteroate_synthases|FOLP|RequiresSNPConfirmation,360.0,0.0,0.0
MEG_4004|Metals|Multi-metal_resistance|Multi-metal_ABC_efflux_pumps|MODB,1778.0,805.0,1437.0
MEG_5423|Metals|Multi-metal_resistance|Multi-metal_resistance_regulator|PCOE,343.0,245.0,203.0
MEG_4285|Drugs|betalactams|Mutant_porin_proteins|OMPD,442.0,128.0,0.0
MEG_2968|Drugs|Sulfonamides|Sulfonamide-resistant_dihydropteroate_synthases|FOLP|RequiresSNPConfirmation,0.0,172.0,91.0
MEG_3627|Drugs|Lipopeptides|Colistin-resistant_mutant|LPXC|RequiresSNPConfirmation,0.0,0.0,0.0
MEG_2685|Metals|Multi-metal_resistance|Multi-metal_resistance_protein|DSBA,171.0,85.0,139.0
MEG_3589|Drugs|Lipopeptides|Daptomycin-resistant_mutant|LIAFSR|RequiresSNPConfirmation,0.0,0.0,0.0
MEG_7866|Multi-compound|Biocide_and_metal_resistance|Biocide_and_metal_resistance_protein|ZUPT,2026.0,987.0,1563.0
MEG_7106|Drugs|Tetracyclines|Tetracycline_resistance_ribosomal_protection_proteins|TETM,0.0,0.0,100.0
MEG_7069|Drugs|Tetracyclines|Tetracycline_resistance_MFS_efflux_pumps|TETD,0.0,50.0,0.0
MEG_1409|Drugs|betalactams|Class_A_betalactamases|BLAZ,0.0,0.0,77.0
MEG_2829|Drugs|MLS|23S_rRNA_methyltransferases|ERMF,15.0,0.0,11.0
MEG_3988|Drugs|MLS|Macrolide-resistant_23S_rRNA_mutation|MLS23S|RequiresSNPConfirmation,0.0,0.0,1.0
MEG_3065|Drugs|Fusidic_acid|Fusidic_acid-resistant_mutation|FUSA|RequiresSNPConfirmation,11.0,13.0,6.0
MEG_6551|Multi-compound|Drug_and_biocide_and_metal_resistance|Drug_and_biocide_and_metal_resistance_regulator|SOXS,3042.0,1399.0,2333.0
MEG_6964|Drugs|Tetracyclines|Tetracycline-resistant_16S_ribosomal_subunit_protein|TET16S|RequiresSNPConfirmation,0.0,0.0,0.0
MEG_2733|Multi-compound|Drug_and_biocide_resistance|Drug_and_biocide_MFS_efflux_pumps|EMRK,2758.0,1282.0,2194.0
MEG_1024|Drugs|Aminoglycosides|Aminoglycoside_O-phosphotransferases|APH3-DPRIME,0.0,0.0,37.0
MEG_2909|Metals|Multi-metal_resistance|Multi-metal_resistance_protein|FIEF,6485.0,3071.0,5212.0
MEG_7141|Drugs|Tetracyclines|Tetracycline_resistance_ribosomal_protection_proteins|TETM,96.0,0.0,0.0
MEG_6110|Drugs|Rifampin|Rifampin-resistant_beta-subunit_of_RNA_polymerase_RpoB|RPOB|RequiresSNPConfirmation,0.0,0.0,0.0
MEG_7849|Metals|Multi-metal_resistance|Multi-metal_resistance_protein|ZINT,4024.0,2012.0,3588.0
MEG_2870|Multi-compound|Drug_and_biocide_resistance|Drug_and_biocide_MFS_efflux_regulator|EVGS,19730.0,8637.0,16073.0
MEG_3886|Metals|Mercury_resistance|Mercury_resistance_regulator|MERR1,143.0,506.0,28.0
MEG_1181|Biocides|Acid_resistance|Acid_resistance_protein|ASR,1863.0,730.0,1607.0
MEG_6619|Drugs|Sulfonamides|Sulfonamide-resistant_dihydropteroate_synthases|SULII,104.0,111.0,44.0
MEG_2586|Drugs|betalactams|Class_C_betalactamases|DHA,34.0,0.0,99.0
MEG_1370|Drugs|betalactams|Class_A_betalactamases|BLAZ,0.0,0.0,120.0
MEG_3663|Multi-compound|Drug_and_biocide_resistance|Drug_and_biocide_RND_efflux_regulator|MARR,3063.0,1410.0,2485.0
MEG_888|Drugs|Aminoglycosides|Aminoglycoside_O-nucleotidyltransferases|ANT3-DPRIME,35.0,0.0,56.0
MEG_402|Multi-compound|Drug_and_biocide_resistance|Drug_and_biocide_RND_efflux_pumps|ACRB,0.0,44.0,0.0
MEG_2458|Metals|Copper_resistance|Copper_resistance_protein|CUTF,5392.0,2394.0,4349.0
MEG_1364|Drugs|betalactams|Class_A_betalactamases|BLAZ,0.0,0.0,101.0
MEG_1079|Drugs|Aminoglycosides|Aminoglycoside_O-phosphotransferases|APH3-PRIME,178.0,0.0,233.0
MEG_859|Drugs|Aminoglycosides|Aminoglycoside_O-nucleotidyltransferases|ANT3-DPRIME,0.0,0.0,12.0
MEG_3221|Drugs|Fluoroquinolones|Fluoroquinolone-resistant_DNA_topoisomerases|GYRA|RequiresSNPConfirmation,0.0,0.0,0.0
MEG_5375|Drugs|Aminocoumarins|Aminocoumarin-resistant_DNA_topoisomerases|PARE|RequiresSNPConfirmation,705.0,35.0,0.0
MEG_7036|Drugs|Tetracyclines|Tetracycline_resistance_ABC_efflux_pumps|TETA60,121.0,0.0,96.0
MEG_2644|Drugs|Trimethoprim|Dihydrofolate_reductase|DHFR|RequiresSNPConfirmation,37.0,134.0,20.0
MEG_2500|Drugs|Trimethoprim|Dihydrofolate_reductase|DFRA,32.0,16.0,24.0
MEG_5817|Metals|Arsenic_resistance|Arsenic_resistance_protein|PSTS,2572.0,1200.0,2281.0
MEG_6983|Drugs|Tetracyclines|Tetracycline_resistance_MFS_efflux_pumps|TET38,43.0,2902.0,811.0
MEG_2684|Metals|Multi-metal_resistance|Multi-metal_resistance_protein|DSBA,169.0,88.0,188.0
MEG_2873|Biocides|Phenolic_compound_resistance|Triclosan-resistant_mutation|FABG|RequiresSNPConfirmation,0.0,0.0,0.0
MEG_1162|Metals|Multi-metal_resistance|Multi-metal_resistance_protein|ARSCM,434.0,786.0,677.0
MEG_7842|Multi-compound|Drug_and_biocide_resistance|Drug_and_biocide_ABC_efflux_pumps|YOGI,11229.0,5265.0,9482.0
MEG_2024|Metals|Copper_resistance|Copper_resistance_protein|COPA,198.0,118.0,186.0
MEG_8693|Multi-compound|Drug_and_biocide_resistance|Drug_and_biocide_RND_efflux_pumps|SEPA,45.0,1249.0,664.0
MEG_5|Drugs|Aminoglycosides|Aminoglycoside-resistant_16S_ribosomal_subunit_protein|A16S|RequiresSNPConfirmation,0.0,2.0,0.0
MEG_7115|Drugs|Tetracyclines|Tetracycline_resistance_ribosomal_protection_proteins|TETM,281.0,44.0,46.0
MEG_304|Drugs|Aminoglycosides|Aminoglycoside_N-acetyltransferases|AAC6-PRIME,0.0,0.0,18.0
