gene_accession,cipmet40_S2
MEG_6502|Metals|Multi-metal_resistance|Multi-metal_RND_efflux_pumps|SILC,36.0
MEG_6629|Drugs|Sulfonamides|Sulfonamide-resistant_dihydropteroate_synthases|SULII,61.0
MEG_3083|Multi-compound|Drug_and_biocide_resistance|Drug_and_biocide_RND_efflux_regulator|GADX,2892.0
MEG_5977|Drugs|Fluoroquinolones|Quinolone_resistance_protein_Qnr|QNRB,20721.0
MEG_4207|Multi-compound|Drug_and_biocide_resistance|Drug_and_biocide_MFS_efflux_pumps|NORA,88.0
MEG_4210|Multi-compound|Drug_and_biocide_resistance|Drug_and_biocide_MFS_efflux_pumps|NORB,98.0
MEG_7016|Drugs|Tetracyclines|Tetracycline_resistance_MFS_efflux_pumps|TETA,51.0
MEG_8445|Drugs|Fluoroquinolones|Fluoroquinolone-resistant_DNA_topoisomerases|PARC|RequiresSNPConfirmation,9071.0
MEG_5409|Drugs|betalactams|Penicillin_binding_protein|PBP4B,16309.0
MEG_3187|Drugs|Fluoroquinolones|Fluoroquinolone-resistant_DNA_topoisomerases|GYRA|RequiresSNPConfirmation,7.0
MEG_7857|Metals|Zinc_resistance|Zinc_resistance_protein|ZNUB,1046.0
MEG_7184|Drugs|Tetracyclines|Tetracycline_resistance_ribosomal_protection_proteins|TETQ,177.0
MEG_728|Drugs|betalactams|Class_C_betalactamases|AMPC,13088.0
MEG_3515|Multi-compound|Drug_and_biocide_resistance|Drug_and_biocide_SMR_efflux_pumps|KPNF,108.0
MEG_677|Multi-compound|Drug_and_biocide_resistance|Drug_and_biocide_RND_efflux_pumps|ADEA,52.0
MEG_1694|Drugs|betalactams|Class_A_betalactamases|CFX,27.0
MEG_399|Multi-compound|Drug_and_biocide_resistance|Drug_and_biocide_RND_efflux_pumps|ACRA,15679.0
MEG_4057|Drugs|Lipopeptides|Daptomycin-resistant_mutant|MPRFD|RequiresSNPConfirmation,0.0
MEG_6621|Drugs|Sulfonamides|Sulfonamide-resistant_dihydropteroate_synthases|SULII,86.0
MEG_7047|Drugs|Tetracyclines|Tetracycline_resistance_MFS_efflux_pumps|TETB,34.0
MEG_4030|Drugs|MLS|Macrolide_phosphotransferases|MPHA,116.0
MEG_3447|Multi-compound|Drug_and_biocide_resistance|Drug_and_biocide_MFS_efflux_pumps|KDEA,402.0
MEG_2734|Multi-compound|Drug_and_biocide_resistance|Drug_and_biocide_MFS_efflux_regulator|EMRR,8893.0
MEG_7196|Drugs|Tetracyclines|Tetracycline_resistance_MFS_efflux_regulator|TETRM|RequiresSNPConfirmation,68.0
MEG_6622|Drugs|Sulfonamides|Sulfonamide-resistant_dihydropteroate_synthases|SULII,55.0
MEG_7180|Drugs|Tetracyclines|Tetracycline_resistance_ribosomal_protection_proteins|TETQ,180.0
MEG_21|Drugs|Aminoglycosides|Aminoglycoside_N-acetyltransferases|AAC3,113.0
MEG_8077|Multi-compound|Drug_and_biocide_resistance|Drug_and_biocide_ABC_efflux_pumps|EFRA,985.0
MEG_4326|Multi-compound|Drug_and_biocide_resistance|Drug_and_biocide_RND_efflux_pumps|OQXA,25.0
MEG_4173|Metals|Nickel_resistance|Nickel_ABC_efflux_pumps|NIKE,9210.0
MEG_3142|Multi-compound|Biocide_and_metal_resistance|Biocide_and_metal_resistance_protein|GLPF,4529.0
MEG_3512|Multi-compound|Drug_and_biocide_resistance|Drug_and_biocide_MFS_efflux_pumps|KPN,456.0
MEG_3830|Drugs|MLS|MLS_resistance_MFS_efflux_pumps|MEFE,104.0
MEG_3736|Multi-compound|Drug_and_biocide_resistance|Drug_and_biocide_MFS_efflux_pumps|MDFA,3622.0
MEG_3886|Metals|Mercury_resistance|Mercury_resistance_regulator|MERR1,40.0
MEG_1095|Drugs|Aminoglycosides|Aminoglycoside_O-phosphotransferases|APH6,180.0
MEG_2080|Metals|Copper_resistance|Copper_resistance_regulator|COPY,102.0
MEG_681|Multi-compound|Drug_and_biocide_resistance|Drug_and_biocide_RND_efflux_pumps|ADEE,143.0
MEG_4008|Metals|Multi-metal_resistance|Multi-metal_ABC_efflux_pumps|MODC,2394.0
MEG_7038|Drugs|Tetracyclines|Tetracycline_resistance_MFS_efflux_pumps|TETB,44.0
MEG_2452|Metals|Multi-metal_resistance|Multi-metal_RND_efflux_regulator|CUSR,9564.0
MEG_7851|Metals|Zinc_resistance|Zinc_resistance_protein|ZITB,11800.0
MEG_7836|Multi-compound|Biocide_and_metal_resistance|Biocide_and_metal_resistance_protein|YJAA,6906.0
MEG_6626|Drugs|Sulfonamides|Sulfonamide-resistant_dihydropteroate_synthases|SULII,93.0
MEG_7853|Metals|Multi-metal_resistance|Multi-metal_resistance_protein|ZNTA,31413.0
MEG_2869|Multi-compound|Drug_and_biocide_resistance|Drug_and_biocide_MFS_efflux_regulator|EVGS,1537.0
MEG_4005|Metals|Multi-metal_resistance|Multi-metal_ABC_efflux_pumps|MODB,2072.0
MEG_5343|Drugs|Fluoroquinolones|Fluoroquinolone-resistant_DNA_topoisomerases|PARC|RequiresSNPConfirmation,0.0
MEG_2679|Metals|Multi-metal_resistance|Multi-metal_resistance_protein|DSBA,417.0
MEG_3143|Drugs|Fosfomycin|Fosfomycin_target_mutation|GLPT|RequiresSNPConfirmation,2.0
MEG_2017|Metals|Copper_resistance|Copper_resistance_regulator|COMR,8685.0
MEG_5930|Drugs|Fluoroquinolones|Quinolone_resistance_protein_Qnr|QNRB,22030.0
MEG_3189|Drugs|Fluoroquinolones|Fluoroquinolone-resistant_DNA_topoisomerases|GYRA|RequiresSNPConfirmation,0.0
MEG_7861|Metals|Zinc_resistance|Zinc_resistance_regulator|ZRAR,2669.0
MEG_3271|Drugs|Multi-drug_resistance|Multi-drug_RND_efflux_pumps|HNS,7774.0
MEG_2692|Metals|Multi-metal_resistance|Multi-metal_resistance_protein|DSBC,6968.0
MEG_2945|Drugs|Sulfonamides|Sulfonamide-resistant_dihydropteroate_synthases|FOLP|RequiresSNPConfirmation,20.0
MEG_2024|Metals|Copper_resistance|Copper_resistance_protein|COPA,502.0
MEG_7819|Biocides|Multi-biocide_resistance|Multi-biocide_resistance_regulator|YDEO,13582.0
MEG_2942|Drugs|Sulfonamides|Sulfonamide-resistant_dihydropteroate_synthases|FOLP|RequiresSNPConfirmation,442.0
MEG_6637|Drugs|Sulfonamides|Sulfonamide-resistant_dihydropteroate_synthases|SULII,74.0
MEG_1085|Drugs|Aminoglycosides|Aminoglycoside_O-phosphotransferases|APH6,214.0
MEG_7864|Metals|Multi-metal_resistance|Multi-metal_resistance_regulator|ZRAS,18109.0
MEG_4172|Metals|Nickel_resistance|Nickel_ABC_efflux_pumps|NIKD,2932.0
MEG_7111|Drugs|Tetracyclines|Tetracycline_resistance_ribosomal_protection_proteins|TETM,129.0
MEG_5423|Metals|Multi-metal_resistance|Multi-metal_resistance_regulator|PCOE,170.0
MEG_5365|Drugs|Aminocoumarins|Aminocoumarin-resistant_DNA_topoisomerases|PARE|RequiresSNPConfirmation,0.0
MEG_2972|Drugs|Sulfonamides|Sulfonamide-resistant_dihydropteroate_synthases|FOLP|RequiresSNPConfirmation,6.0
MEG_6922|Drugs|betalactams|Class_A_betalactamases|TEM,29.0
MEG_2086|Metals|Multi-metal_resistance|Multi-metal_resistance_protein|CORA,4424.0
MEG_4010|Metals|Multi-metal_resistance|Multi-metal_ABC_efflux_pumps|MODC,7786.0
MEG_6656|Multi-compound|Biocide_and_metal_resistance|Biocide_and_metal_resistance_protein|TEHB,8509.0
MEG_1045|Drugs|Aminoglycosides|Aminoglycoside_O-phosphotransferases|APH3-DPRIME,188.0
MEG_3662|Multi-compound|Drug_and_biocide_resistance|Drug_and_biocide_RND_efflux_regulator|MARA,3677.0
MEG_2585|Drugs|betalactams|Class_C_betalactamases|DHA,55.0
MEG_1025|Drugs|Aminoglycosides|Aminoglycoside_O-phosphotransferases|APH3-DPRIME,70.0
MEG_3289|Biocides|Peroxide_resistance|Peroxide_resistance_stress_protein|IBPB,5389.0
MEG_6837|Drugs|betalactams|Class_A_betalactamases|TEM,13.0
MEG_2724|Multi-compound|Drug_and_biocide_resistance|Drug_and_biocide_MFS_efflux_pumps|EMRB,4998.0
MEG_6550|Biocides|Multi-biocide_resistance|Multi-biocide_resistance_regulator|SOXRB,2317.0
MEG_8659|Drugs|Multi-drug_resistance|Multi-drug_RND_efflux_regulator|RAMR|RequiresSNPConfirmation,38.0
MEG_6633|Drugs|Sulfonamides|Sulfonamide-resistant_dihydropteroate_synthases|SULII,91.0
MEG_1164|Metals|Multi-metal_resistance|Multi-metal_resistance_protein|ARSCM,3136.0
MEG_1992|Drugs|betalactams|Class_C_betalactamases|CMY,76.0
MEG_6504|Metals|Multi-metal_resistance|Multi-metal_RND_efflux_pumps|SILF,25.0
MEG_3897|Metals|Mercury_resistance|Mercury_resistance_protein|MERT,113.0
MEG_8461|Drugs|betalactams|Penicillin_binding_protein|PBP5|RequiresSNPConfirmation,379.0
MEG_2804|Drugs|MLS|23S_rRNA_methyltransferases|ERMB,43.0
MEG_5813|Metals|Arsenic_resistance|Arsenic_resistance_protein|PSTA,13927.0
MEG_4355|Multi-compound|Drug_and_biocide_resistance|Drug_and_biocide_RND_efflux_pumps|OQXB,302.0
MEG_4029|Drugs|MLS|Macrolide_phosphotransferases|MPHA,219.0
MEG_1282|Drugs|betalactams|Class_C_betalactamases|BLAEC,338.0
MEG_7849|Metals|Multi-metal_resistance|Multi-metal_resistance_protein|ZINT,10909.0
MEG_7866|Multi-compound|Biocide_and_metal_resistance|Biocide_and_metal_resistance_protein|ZUPT,4350.0
MEG_6030|Drugs|Fluoroquinolones|Quinolone_resistance_protein_Qnr|QNRS,129.0
MEG_3082|Multi-compound|Drug_and_biocide_resistance|Drug_and_biocide_RND_efflux_regulator|GADW,102.0
MEG_5422|Metals|Copper_resistance|Copper_resistance_protein|PCOD,63.0
MEG_2729|Multi-compound|Drug_and_biocide_resistance|Drug_and_biocide_MFS_efflux_pumps|EMRD,9675.0
MEG_3645|Drugs|MLS|MLS_resistance_ABC_efflux_pumps|LSA,269.0
MEG_381|Biocides|Multi-biocide_resistance|Multi-biocide_RND_efflux_pump|ABUO,91.0
MEG_7265|Biocides|Multi-biocide_resistance|Multi-biocide_RND_efflux_pump|TOLC,384.0
MEG_6017|Drugs|Fluoroquinolones|Quinolone_resistance_protein_Qnr|QNRS,178.0
MEG_6147|Drugs|Aminoglycosides|Aminoglycoside-resistant_16S_ribosomal_subunit_protein|RRSH|RequiresSNPConfirmation,3.0
MEG_5828|Multi-compound|Drug_and_biocide_resistance|Drug_and_biocide_SMR_efflux_pumps|QACE,30.0
MEG_3587|Drugs|Lipopeptides|Daptomycin-resistant_mutant|LIAFSR|RequiresSNPConfirmation,0.0
MEG_3836|Multi-compound|Drug_and_biocide_resistance|Drug_and_biocide_MATE_efflux_regulator|MEPR,87.0
MEG_4223|Drugs|Oxazolidinone|Oxazolidinone-resistant_23S_rRNA_mutation|O23S|RequiresSNPConfirmation,0.0
MEG_2909|Metals|Multi-metal_resistance|Multi-metal_resistance_protein|FIEF,13023.0
MEG_7131|Drugs|Tetracyclines|Tetracycline_resistance_ribosomal_protection_proteins|TETM,92.0
MEG_171|Drugs|Aminoglycosides|Aminoglycoside_N-acetyltransferases|AAC6-PRIME,19.0
MEG_8087|Biocides|Aldehyde_resistance|Aldehyde_degradation|FORMA,4272.0
MEG_5814|Metals|Arsenic_resistance|Arsenic_resistance_protein|PSTB,12421.0
MEG_6507|Metals|Multi-metal_resistance|Multi-metal_RND_efflux_pumps|SILP,157.0
MEG_6501|Metals|Multi-metal_resistance|Multi-metal_RND_efflux_pumps|SILC,78.0
MEG_6028|Drugs|Fluoroquinolones|Quinolone_resistance_protein_Qnr|QNRS,78.0
MEG_2955|Drugs|Sulfonamides|Sulfonamide-resistant_dihydropteroate_synthases|FOLP|RequiresSNPConfirmation,5.0
MEG_2672|Metals|Multi-metal_resistance|Multi-metal_resistance_protein|DSBA,393.0
MEG_3943|Drugs|Multi-drug_resistance|MDR_regulator|MGRA,42.0
MEG_6598|Drugs|Sulfonamides|Sulfonamide-resistant_dihydropteroate_synthases|SULI,10.0
MEG_6019|Drugs|Fluoroquinolones|Quinolone_resistance_protein_Qnr|QNRS,117.0
MEG_2898|Multi-compound|Biocide_and_metal_resistance|Biocide_and_metal_ABC_efflux_pumps|FETA,11065.0
MEG_5932|Drugs|Fluoroquinolones|Quinolone_resistance_protein_Qnr|QNRB,155.0
MEG_6117|Drugs|Rifampin|Rifampin-resistant_beta-subunit_of_RNA_polymerase_RpoB|RPOB|RequiresSNPConfirmation,0.0
MEG_4175|Metals|Nickel_resistance|Nickel_ABC_efflux_regulator|NIKR,1184.0
MEG_4002|Metals|Multi-metal_resistance|Multi-metal_ABC_efflux_pumps|MODA,10998.0
MEG_3887|Metals|Mercury_resistance|Mercury_resistance_regulator|MERR2,18.0
MEG_5923|Drugs|Fluoroquinolones|Quinolone_resistance_protein_Qnr|QNRB,402.0
MEG_6875|Drugs|betalactams|Class_A_betalactamases|TEM,597.0
MEG_1151|Metals|Multi-metal_resistance|Multi-metal_resistance_protein|ARSBM,3028.0
MEG_7373|Drugs|Glycopeptides|VanC-type_resistance_protein|VANC,103.0
MEG_2081|Metals|Copper_resistance|Copper_resistance_regulator|COPZ,30.0
MEG_5418|Metals|Copper_resistance|Copper_resistance_protein|PCOB,45.0
MEG_6655|Multi-compound|Biocide_and_metal_resistance|Biocide_and_metal_resistance_protein|TEHA,12879.0
MEG_2689|Metals|Multi-metal_resistance|Multi-metal_resistance_protein|DSBB,4548.0
MEG_3737|Multi-compound|Drug_and_biocide_resistance|Drug_and_biocide_MFS_efflux_pumps|MDFA,6518.0
MEG_7854|Metals|Zinc_resistance|Zinc_resistance_regulator|ZNTR,8157.0
MEG_2959|Drugs|Sulfonamides|Sulfonamide-resistant_dihydropteroate_synthases|FOLP|RequiresSNPConfirmation,0.0
MEG_7867|Metals|Zinc_resistance|Zinc_resistance_regulator|ZUR,6481.0
MEG_8151|Drugs|Fluoroquinolones|Fluoroquinolone-resistant_DNA_topoisomerases|GYRB|RequiresSNPConfirmation,1849.0
MEG_3242|Drugs|Fluoroquinolones|Fluoroquinolone-resistant_DNA_topoisomerases|GYRB|RequiresSNPConfirmation,0.0
MEG_2789|Drugs|MLS|23S_rRNA_methyltransferases|ERMB,30.0
MEG_2119|Multi-compound|Drug_and_biocide_resistance|Drug_and_biocide_RND_efflux_regulator|CPXAR,3083.0
MEG_5964|Drugs|Fluoroquinolones|Quinolone_resistance_protein_Qnr|QNRB,271.0
MEG_7267|Biocides|Multi-biocide_resistance|Multi-biocide_RND_efflux_pump|TOLC,5817.0
MEG_5882|Drugs|Fluoroquinolones|Quinolone_resistance_protein_Qnr|QNRB,3852.0
MEG_2524|Drugs|Trimethoprim|Dihydrofolate_reductase|DFRA,31.0
MEG_3244|Drugs|Aminocoumarins|Aminocoumarin-resistant_DNA_topoisomerases|GYRBA|RequiresSNPConfirmation,2.0
MEG_7303|Drugs|Elfamycins|EF-Tu_inhibition|TUFAB|RequiresSNPConfirmation,4262.0
MEG_3212|Drugs|Fluoroquinolones|Fluoroquinolone-resistant_DNA_topoisomerases|GYRA|RequiresSNPConfirmation,0.0
MEG_1283|Drugs|betalactams|Class_C_betalactamases|BLAEC,288.0
MEG_5815|Metals|Arsenic_resistance|Arsenic_resistance_protein|PSTC,14697.0
MEG_1107|Biocides|Multi-biocide_resistance|Multi-biocide_resistance_regulator|ARIR,6029.0
MEG_7835|Multi-compound|Biocide_and_metal_resistance|Biocide_and_metal_resistance_protein|YIEF,8856.0
MEG_5394|Drugs|Fluoroquinolones|Fluoroquinolone-resistant_DNA_topoisomerases|PAREF|RequiresSNPConfirmation,85.0
MEG_2684|Metals|Multi-metal_resistance|Multi-metal_resistance_protein|DSBA,395.0
MEG_6910|Drugs|betalactams|Class_A_betalactamases|TEM,24.0
MEG_8100|Drugs|Fusidic_acid|Fusidic_acid-resistant_mutation|FUSA|RequiresSNPConfirmation,3850.0
MEG_2801|Drugs|MLS|23S_rRNA_methyltransferases|ERMB,231.0
MEG_1209|Multi-compound|Drug_and_biocide_resistance|Drug_and_biocide_MFS_efflux_pumps|BCR,5069.0
MEG_6829|Drugs|betalactams|Class_A_betalactamases|TEM,11.0
MEG_6145|Drugs|Aminoglycosides|Aminoglycoside-resistant_16S_ribosomal_subunit_protein|RRSA|RequiresSNPConfirmation,0.0
MEG_2691|Metals|Multi-metal_resistance|Multi-metal_resistance_protein|DSBC,4222.0
MEG_1193|Multi-compound|Drug_and_biocide_and_metal_resistance|Drug_and_biocide_and_metal_RND_efflux_regulator|BAES,9991.0
MEG_2896|Metals|Multi-metal_resistance|Multi-metal_ABC_efflux_pumps|FECE,7518.0
MEG_1490|Drugs|Cationic_antimicrobial_peptides|Cationic_peptide-resistant_16S_ribosomal_subunit_protein|CAP16S|RequiresSNPConfirmation,0.0
MEG_682|Multi-compound|Drug_and_biocide_resistance|Drug_and_biocide_RND_efflux_pumps|ADEF,18.0
MEG_5782|Multi-compound|Drug_and_biocide_resistance|Drug_and_biocide_ABC_efflux_regulator|PHOB|RequiresSNPConfirmation,534.0
MEG_2701|Biocides|Acid_resistance|Acid_resistance_protein|EEFA,450.0
MEG_6612|Drugs|Sulfonamides|Sulfonamide-resistant_dihydropteroate_synthases|SULI,17.0
MEG_3513|Multi-compound|Drug_and_biocide_resistance|Drug_and_biocide_MFS_efflux_pumps|KPN,6529.0
MEG_7583|Drugs|Glycopeptides|VanC-type_resistance_protein|VANXYC,204.0
MEG_2453|Metals|Multi-metal_resistance|Multi-metal_RND_efflux_regulator|CUSS,19334.0
MEG_2682|Metals|Multi-metal_resistance|Multi-metal_resistance_protein|DSBA,412.0
MEG_1087|Drugs|Aminoglycosides|Aminoglycoside_O-phosphotransferases|APH6,175.0
MEG_2551|Drugs|Trimethoprim|Dihydrofolate_reductase|DFRA,51.0
MEG_3751|Multi-compound|Drug_and_biocide_resistance|Drug_and_biocide_RND_efflux_pumps|MDTE,17025.0
MEG_6506|Metals|Multi-metal_resistance|Multi-metal_RND_efflux_pumps|SILP,48.0
MEG_7806|Drugs|Lipopeptides|Daptomycin-resistant_mutant|WALK|RequiresSNPConfirmation,0.0
MEG_5786|Multi-compound|Drug_and_biocide_resistance|Drug_and_biocide_SMR_efflux_regulator|PHOR,4497.0
MEG_5991|Drugs|Fluoroquinolones|Quinolone_resistance_protein_Qnr|QNRB,45.0
MEG_2683|Metals|Multi-metal_resistance|Multi-metal_resistance_protein|DSBA,399.0
MEG_7046|Drugs|Tetracyclines|Tetracycline_resistance_MFS_efflux_pumps|TETB,49.0
MEG_2702|Biocides|Acid_resistance|Acid_resistance_protein|EEFX,82.0
MEG_6509|Metals|Multi-metal_resistance|Multi-metal_RND_efflux_regulator|SILS,111.0
MEG_3998|Metals|Multi-metal_resistance|Multi-metal_resistance_protein|MNTH,16226.0
MEG_2722|Multi-compound|Drug_and_biocide_resistance|Drug_and_biocide_MFS_efflux_pumps|EMRA,11020.0
MEG_1686|Drugs|betalactams|Class_A_betalactamases|CFX,48.0
MEG_2608|Drugs|betalactams|Class_C_betalactamases|DHA,128.0
MEG_2693|Drugs|Multi-drug_resistance|Multi-drug_ABC_efflux_pumps|EATAV|RequiresSNPConfirmation,0.0
MEG_2043|Metals|Multi-metal_resistance|Multi-metal_resistance_protein|COPBM,338.0
MEG_5902|Drugs|Fluoroquinolones|Quinolone_resistance_protein_Qnr|QNRB,90.0
MEG_7842|Multi-compound|Drug_and_biocide_resistance|Drug_and_biocide_ABC_efflux_pumps|YOGI,20230.0
MEG_1084|Drugs|Aminoglycosides|Aminoglycoside_O-phosphotransferases|APH6,211.0
MEG_729|Drugs|betalactams|Penicillin_binding_protein|AMPH,15587.0
MEG_1648|Drugs|betalactams|Class_A_betalactamases|CEPA,53.0
MEG_2618|Drugs|Trimethoprim|Dihydrofolate_reductase|DHFR|RequiresSNPConfirmation,4.0
MEG_1058|Drugs|Aminoglycosides|Aminoglycoside_O-phosphotransferases|APH3-DPRIME,92.0
MEG_1279|Drugs|betalactams|Class_C_betalactamases|BLAEC,674.0
MEG_1079|Drugs|Aminoglycosides|Aminoglycoside_O-phosphotransferases|APH3-PRIME,143.0
MEG_6140|Biocides|Multi-biocide_resistance|Multi-biocide_resistance_regulator|RPOS,1528.0
MEG_1115|Drugs|Multi-drug_resistance|MDR_regulator|ARLR,47.0
MEG_3287|Biocides|Peroxide_resistance|Peroxide_resistance_stress_protein|IBPA,7362.0
MEG_1173|Metals|Arsenic_resistance|Arsenic_resistance_regulator|ARSR,6077.0
MEG_6900|Drugs|betalactams|Class_A_betalactamases|TEM,74.0
MEG_2091|Metals|Multi-metal_resistance|Multi-metal_resistance_protein|CORC,4733.0
MEG_2458|Metals|Copper_resistance|Copper_resistance_protein|CUTF,10810.0
MEG_409|Multi-compound|Drug_and_biocide_resistance|Drug_and_biocide_RND_efflux_pumps|ACRF,21613.0
MEG_679|Multi-compound|Drug_and_biocide_resistance|Drug_and_biocide_RND_efflux_pumps|ADEC,48.0
MEG_5425|Metals|Copper_resistance|Copper_resistance_regulator|PCOS,128.0
MEG_2423|Drugs|betalactams|Class_A_betalactamases|CTX,107.0
MEG_4286|Drugs|Multi-drug_resistance|MDR_mutant_porin_proteins|OMPF|RequiresSNPConfirmation,141.0
MEG_2829|Drugs|MLS|23S_rRNA_methyltransferases|ERMF,40.0
MEG_1176|Metals|Multi-metal_resistance|Multi-metal_resistance_protein|ARSRM,214.0
MEG_6050|Metals|Multi-metal_resistance|Multi-metal_resistance_regulator|RCNR,3464.0
MEG_2833|Drugs|MLS|23S_rRNA_methyltransferases|ERMF,86.0
MEG_3002|Drugs|Fosfomycin|Fosfomycin_thiol_transferases|FOSA,57.0
MEG_2797|Drugs|MLS|23S_rRNA_methyltransferases|ERMB,69.0
MEG_1652|Biocides|Biguanide_resistance|Biguanide_cation_efflux|CEPAB,495.0
MEG_7048|Drugs|Tetracyclines|Tetracycline_resistance_MFS_efflux_pumps|TETB,40.0
MEG_2721|Multi-compound|Drug_and_biocide_resistance|Drug_and_biocide_MFS_efflux_pumps|EMRA,5146.0
MEG_1218|Multi-compound|Drug_and_biocide_resistance|Drug_and_biocide_SMR_efflux_pumps|BCRCM,15.0
MEG_3765|Multi-compound|Drug_and_biocide_resistance|Drug_and_biocide_RND_efflux_pumps|MDTP,20651.0
MEG_2087|Metals|Multi-metal_resistance|Multi-metal_resistance_protein|CORA,13336.0
MEG_3761|Multi-compound|Drug_and_biocide_resistance|Drug_and_biocide_MFS_efflux_pumps|MDTM,9861.0
MEG_7855|Metals|Zinc_resistance|Zinc_resistance_protein|ZNUA,4129.0
MEG_414|Multi-compound|Drug_and_biocide_resistance|Drug_and_biocide_RND_efflux_regulator|ACRR|RequiresSNPConfirmation,1.0
MEG_1486|Metals|Multi-metal_resistance|Multi-metal_resistance_protein|CADD,61.0
MEG_7039|Drugs|Tetracyclines|Tetracycline_resistance_MFS_efflux_pumps|TETB,26.0
MEG_6931|Drugs|betalactams|Class_A_betalactamases|TEM,43.0
MEG_1182|Biocides|Acid_resistance|Acid_resistance_protein|ASR,1266.0
MEG_4203|Biocides|Paraquat_resistance|Paraquat_resistance_protein|NMPC,2844.0
MEG_6634|Drugs|Sulfonamides|Sulfonamide-resistant_dihydropteroate_synthases|SULII,82.0
MEG_6628|Drugs|Sulfonamides|Sulfonamide-resistant_dihydropteroate_synthases|SULII,78.0
MEG_7052|Drugs|Tetracyclines|Tetracycline_resistance_MFS_efflux_pumps|TETB,59.0
MEG_7868|Metals|Zinc_resistance|Zinc_resistance_regulator|ZUR,2885.0
MEG_2894|Metals|Multi-metal_resistance|Multi-metal_ABC_efflux_pumps|FECD,2840.0
MEG_3175|Drugs|Lipopeptides|Daptomycin-resistant_mutant|GSHF|RequiresSNPConfirmation,0.0
MEG_8693|Multi-compound|Drug_and_biocide_resistance|Drug_and_biocide_RND_efflux_pumps|SEPA,53.0
MEG_1024|Drugs|Aminoglycosides|Aminoglycoside_O-phosphotransferases|APH3-DPRIME,19.0
MEG_2588|Drugs|betalactams|Class_C_betalactamases|DHA,46.0
MEG_3762|Multi-compound|Drug_and_biocide_resistance|Drug_and_biocide_MFS_efflux_pumps|MDTM,6653.0
MEG_6957|Metals|Tellurium_resistance|Tellurium_resistance_protein|TERC,32.0
MEG_1181|Biocides|Acid_resistance|Acid_resistance_protein|ASR,3217.0
MEG_8288|Drugs|betalactams|Mutant_porin_proteins|OMPA,12440.0
MEG_9|Drugs|Aminoglycosides|Aminoglycoside-resistant_16S_ribosomal_subunit_protein|A16S|RequiresSNPConfirmation,0.0
MEG_1731|Drugs|Lipopeptides|Daptomycin-resistant_mutant|CLS|RequiresSNPConfirmation,0.0
MEG_2115|Multi-compound|Drug_and_biocide_resistance|Drug_and_biocide_RND_efflux_regulator|CPXAR,537.0
MEG_7040|Drugs|Tetracyclines|Tetracycline_resistance_MFS_efflux_pumps|TETB,48.0
MEG_7862|Metals|Zinc_resistance|Zinc_resistance_regulator|ZRAR,18375.0
MEG_7843|Drugs|Lipopeptides|Daptomycin-resistant_mutant|YYBT|RequiresSNPConfirmation,0.0
MEG_7832|Metals|Multi-metal_resistance|Multi-metal_resistance_protein|YGJH,11508.0
MEG_2680|Metals|Multi-metal_resistance|Multi-metal_resistance_protein|DSBA,414.0
MEG_678|Multi-compound|Drug_and_biocide_resistance|Drug_and_biocide_RND_efflux_pumps|ADEB,105.0
MEG_6877|Drugs|betalactams|Class_A_betalactamases|TEM,25.0
MEG_2714|Biocides|Quaternary_Ammonium_Compounds_(QACs)_resistance|QAC_efflux_pump|EMEA,621.0
MEG_6503|Metals|Multi-metal_resistance|Multi-metal_RND_efflux_pumps|SILE,37.0
MEG_2678|Metals|Multi-metal_resistance|Multi-metal_resistance_protein|DSBA,404.0
MEG_6580|Drugs|Sulfonamides|Sulfonamide-resistant_dihydropteroate_synthases|SULI,18.0
MEG_173|Drugs|Aminoglycosides|Aminoglycoside_N-acetyltransferases|AAC6-PRIME,19.0
MEG_7301|Drugs|Elfamycins|EF-Tu_inhibition|TUFAB|RequiresSNPConfirmation,0.0
MEG_1636|Drugs|betalactams|Class_A_betalactamases|CBLA,47.0
MEG_7841|Multi-compound|Biocide_and_metal_resistance|Biocide_and_metal_resistance_protein|YODB,3606.0
MEG_2673|Metals|Multi-metal_resistance|Multi-metal_resistance_protein|DSBA,446.0
MEG_7070|Drugs|Tetracyclines|Tetracycline_resistance_MFS_efflux_pumps|TETD,448.0
MEG_2092|Metals|Multi-metal_resistance|Multi-metal_resistance_protein|CORD,3105.0
MEG_6890|Drugs|betalactams|Class_A_betalactamases|TEM,32.0
MEG_875|Drugs|Aminoglycosides|Aminoglycoside_O-nucleotidyltransferases|ANT3-DPRIME,18.0
MEG_3883|Metals|Mercury_resistance|Mercury_resistance_regulator|MERR,22.0
MEG_7319|Drugs|Elfamycins|EF-Tu_inhibition|TUFAB|RequiresSNPConfirmation,13.0
MEG_7856|Metals|Zinc_resistance|Zinc_resistance_protein|ZNUA,8402.0
MEG_4071|Drugs|MLS|MLS_resistance_ABC_efflux_pumps|MSRC,49.0
MEG_1061|Drugs|Aminoglycosides|Aminoglycoside_O-phosphotransferases|APH3-PRIME,65.0
MEG_3295|Drugs|Mupirocin|Mupirocin-resistant_isoleucyl-tRNA_synthetase|ILES,2213.0
MEG_2732|Multi-compound|Drug_and_biocide_resistance|Drug_and_biocide_MFS_efflux_pumps|EMRK,12353.0
MEG_1649|Drugs|betalactams|Class_A_betalactamases|CEPA,16.0
MEG_2954|Drugs|Sulfonamides|Sulfonamide-resistant_dihydropteroate_synthases|FOLP|RequiresSNPConfirmation,9.0
MEG_5334|Drugs|Fluoroquinolones|Fluoroquinolone-resistant_DNA_topoisomerases|PARC|RequiresSNPConfirmation,4.0
MEG_5896|Drugs|Fluoroquinolones|Quinolone_resistance_protein_Qnr|QNRB,6293.0
MEG_7865|Multi-compound|Biocide_and_metal_resistance|Biocide_and_metal_resistance_protein|ZUPT,7308.0
MEG_3753|Multi-compound|Drug_and_biocide_resistance|Drug_and_biocide_MFS_efflux_pumps|MDTG,10117.0
MEG_8290|Drugs|betalactams|Mutant_porin_proteins|OMPK36|RequiresSNPConfirmation,5162.0
MEG_2873|Biocides|Phenolic_compound_resistance|Triclosan-resistant_mutation|FABG|RequiresSNPConfirmation,0.0
MEG_1166|Metals|Multi-metal_resistance|Multi-metal_resistance_protein|ARSDM,222.0
MEG_1019|Drugs|Aminoglycosides|Aminoglycoside_O-phosphotransferases|APH3-DPRIME,503.0
MEG_3835|Drugs|Multi-drug_resistance|Multi-drug_MATE_efflux_pump|MEPB,43.0
MEG_7145|Drugs|Tetracyclines|Tetracycline_resistance_ribosomal_protection_proteins|TETM,58.0
MEG_1096|Drugs|Aminoglycosides|Aminoglycoside_O-phosphotransferases|APH6,167.0
MEG_2646|Drugs|Trimethoprim|Dihydrofolate_reductase|DHFR|RequiresSNPConfirmation,6.0
MEG_971|Drugs|Aminoglycosides|Aminoglycoside_O-nucleotidyltransferases|ANT3-DPRIME,15.0
MEG_2484|Drugs|Trimethoprim|Dihydrofolate_reductase|DFRA,22.0
MEG_8289|Drugs|Multi-drug_resistance|MDR_mutant_porin_proteins|OMPK|RequiresSNPConfirmation,391.0
MEG_8460|Drugs|betalactams|Penicillin_binding_protein|PBP4|RequiresSNPConfirmation,20.0
MEG_6609|Drugs|Sulfonamides|Sulfonamide-resistant_dihydropteroate_synthases|SULI,10.0
MEG_6630|Drugs|Sulfonamides|Sulfonamide-resistant_dihydropteroate_synthases|SULII,79.0
MEG_8680|Drugs|Aminoglycosides|Aminoglycoside-resistant_16S_ribosomal_subunit_protein|RRS|RequiresSNPConfirmation,14205.0
MEG_2019|Metals|Copper_resistance|Copper_resistance_protein|COPA,9818.0
MEG_1275|Drugs|betalactams|Class_C_betalactamases|BLAEC,116.0
MEG_706|Multi-compound|Drug_and_biocide_resistance|Drug_and_biocide_RND_efflux_pumps|ADET2,16.0
MEG_5830|Multi-compound|Drug_and_biocide_resistance|Drug_and_biocide_SMR_efflux_pumps|QACEDELTA1,43.0
MEG_2597|Drugs|betalactams|Class_C_betalactamases|DHA,39.0
MEG_2690|Metals|Multi-metal_resistance|Multi-metal_resistance_protein|DSBB,2573.0
MEG_3227|Drugs|Fluoroquinolones|Fluoroquinolone-resistant_DNA_topoisomerases|GYRA|RequiresSNPConfirmation,0.0
MEG_6615|Drugs|Sulfonamides|Sulfonamide-resistant_dihydropteroate_synthases|SULI,308.0
MEG_4094|Drugs|Fosfomycin|Fosfomycin_target_mutation|MURA|RequiresSNPConfirmation,0.0
MEG_6575|Biocides|Multi-biocide_resistance|Multi-biocide_SMR_efflux_pump|SUGE,3264.0
MEG_3832|Multi-compound|Drug_and_biocide_resistance|Drug_and_biocide_MATE_efflux_pumps|MEPA,68.0
MEG_7818|Biocides|Peroxide_resistance|peroxide_resistance_protein|YDEI,5806.0
MEG_1060|Drugs|Aminoglycosides|Aminoglycoside_O-phosphotransferases|APH3-PRIME,69.0
MEG_685|Multi-compound|Drug_and_biocide_resistance|Drug_and_biocide_RND_efflux_pumps|ADEH,52.0
MEG_405|Multi-compound|Drug_and_biocide_and_metal_resistance|Drug_and_biocide_and_metal_RND_efflux_pumps|ACRD,7698.0
MEG_2614|Drugs|Phenicol|Phenicol_resistance_MFS_efflux_pumps|DHAP,88.0
MEG_1696|Drugs|betalactams|Class_A_betalactamases|CFX,28.0
MEG_6984|Drugs|Tetracyclines|Tetracycline_resistance_MFS_efflux_pumps|TET38,31.0
MEG_6959|Metals|Tellurium_resistance|Tellurium_resistance_protein|TERE,237.0
MEG_8232|Drugs|Multi-drug_resistance|Multi-drug_ABC_efflux_pumps|LPTD,766.0
MEG_1055|Drugs|Aminoglycosides|Aminoglycoside_O-phosphotransferases|APH3-DPRIME,134.0
MEG_6616|Drugs|Sulfonamides|Sulfonamide-resistant_dihydropteroate_synthases|SULI,79.0
MEG_6627|Drugs|Sulfonamides|Sulfonamide-resistant_dihydropteroate_synthases|SULII,96.0
MEG_6029|Drugs|Fluoroquinolones|Quinolone_resistance_protein_Qnr|QNRS,125.0
MEG_2736|Multi-compound|Drug_and_biocide_resistance|Drug_and_biocide_MFS_efflux_pumps|EMRY,14536.0
MEG_3831|Drugs|Lipopeptides|Lysocin-resistant_mutant|MENA|RequiresSNPConfirmation,0.0
MEG_4061|Drugs|Multi-drug_resistance|Multi-drug_ABC_efflux_pumps|MSBA,22191.0
MEG_6058|Drugs|MLS|23S_rRNA_methyltransferases|RLMH,36.0
MEG_3755|Multi-compound|Drug_and_biocide_resistance|Drug_and_biocide_MFS_efflux_pumps|MDTH,13762.0
MEG_4170|Metals|Nickel_resistance|Nickel_ABC_efflux_pumps|NIKC,12405.0
MEG_2449|Metals|Multi-metal_resistance|Multi-metal_RND_efflux_pumps|CUSC,5757.0
MEG_7045|Drugs|Tetracyclines|Tetracycline_resistance_MFS_efflux_pumps|TETB,77.0
MEG_2132|Multi-compound|Drug_and_biocide_resistance|Drug_and_biocide_RND_efflux_regulator|CRP,10499.0
MEG_1057|Drugs|Aminoglycosides|Aminoglycoside_O-phosphotransferases|APH3-DPRIME,215.0
MEG_3999|Metals|Multi-metal_resistance|Multi-metal_resistance_protein|MNTP,6856.0
MEG_6099|Drugs|Rifampin|Rifampin-resistant_beta-subunit_of_RNA_polymerase_RpoB|RPOB|RequiresSNPConfirmation,0.0
MEG_2707|Multi-compound|Drug_and_biocide_resistance|Drug_and_biocide_ABC_efflux_pumps|EFRB,672.0
MEG_6146|Drugs|Aminoglycosides|Aminoglycoside-resistant_16S_ribosomal_subunit_protein|RRSC|RequiresSNPConfirmation,17.0
MEG_3449|Biocides|Multi-biocide_resistance|Multi-biocide_RND_efflux_pump|KEXD,144.0
MEG_6023|Drugs|Fluoroquinolones|Quinolone_resistance_protein_Qnr|QNRS,96.0
MEG_4332|Multi-compound|Drug_and_biocide_resistance|Drug_and_biocide_RND_efflux_pumps|OQXA,37.0
MEG_7582|Drugs|Glycopeptides|VanC-type_resistance_protein|VANXYC,16.0
MEG_1689|Drugs|betalactams|Class_A_betalactamases|CFX,25.0
MEG_4006|Metals|Multi-metal_resistance|Multi-metal_ABC_efflux_pumps|MODB,4340.0
MEG_6139|Drugs|Lipopeptides|Daptomycin-resistant_beta-subunit_of_RNA_polymerase_RpoC|RPOCL|RequiresSNPConfirmation,0.0
MEG_6031|Drugs|Fluoroquinolones|Quinolone_resistance_protein_Qnr|QNRS,107.0
MEG_3759|Multi-compound|Drug_and_biocide_resistance|Drug_and_biocide_MATE_efflux_pumps|MDTK,8850.0
MEG_6636|Drugs|Sulfonamides|Sulfonamide-resistant_dihydropteroate_synthases|SULII,64.0
MEG_3448|Drugs|Aminoglycosides|Aminoglycoside_efflux_pumps|KDPE,11933.0
MEG_6618|Drugs|Sulfonamides|Sulfonamide-resistant_dihydropteroate_synthases|SULII,49.0
MEG_2121|Multi-compound|Drug_and_biocide_resistance|Drug_and_biocide_RND_efflux_regulator|CPXAR,17505.0
MEG_11|Drugs|Aminoglycosides|Aminoglycoside-resistant_16S_ribosomal_subunit_protein|A16S|RequiresSNPConfirmation,0.0
MEG_3081|Multi-compound|Drug_and_biocide_resistance|Drug_and_biocide_RND_efflux_regulator|GADW,2462.0
MEG_6582|Drugs|Sulfonamides|Sulfonamide-resistant_dihydropteroate_synthases|SULI,47.0
MEG_7121|Drugs|Tetracyclines|Tetracycline_resistance_ribosomal_protection_proteins|TETM,28.0
MEG_3200|Drugs|Fluoroquinolones|Fluoroquinolone-resistant_DNA_topoisomerases|GYRA|RequiresSNPConfirmation,3.0
MEG_3764|Multi-compound|Drug_and_biocide_resistance|Drug_and_biocide_RND_efflux_pumps|MDTO,28130.0
MEG_4012|Metals|Multi-metal_resistance|Multi-metal_ABC_efflux_pumps|MODC,10094.0
MEG_3738|Multi-compound|Drug_and_biocide_resistance|Drug_and_biocide_MFS_efflux_pumps|MDFA,5518.0
MEG_400|Multi-compound|Drug_and_biocide_resistance|Drug_and_biocide_RND_efflux_pumps|ACRA,385.0
MEG_7024|Drugs|Tetracyclines|Tetracycline_resistance_MFS_efflux_pumps|TETA,53.0
MEG_2737|Multi-compound|Drug_and_biocide_resistance|Drug_and_biocide_MFS_efflux_pumps|EMRY,10817.0
MEG_6142|Drugs|Mycobacterium_tuberculosis-specific_Drug|Pyrazinamide-resistant_mutant|RPSA|RequiresSNPConfirmation,0.0
MEG_6815|Drugs|betalactams|Class_A_betalactamases|TEM,17.0
MEG_6093|Drugs|Rifampin|Rifampin-resistant_beta-subunit_of_RNA_polymerase_RpoB|RPOB|RequiresSNPConfirmation,591.0
MEG_2393|Drugs|betalactams|Class_A_betalactamases|CTX,75.0
MEG_3140|Multi-compound|Biocide_and_metal_resistance|Biocide_and_metal_resistance_protein|GLPF,1064.0
MEG_2805|Drugs|MLS|23S_rRNA_methyltransferases|ERMB,52.0
MEG_7317|Drugs|Elfamycins|EF-Tu_inhibition|TUFAB|RequiresSNPConfirmation,181.0
MEG_5420|Metals|Copper_resistance|Copper_resistance_protein|PCOC,33.0
MEG_47|Drugs|Aminoglycosides|Aminoglycoside_N-acetyltransferases|AAC3,42.0
MEG_1053|Drugs|Aminoglycosides|Aminoglycoside_O-phosphotransferases|APH3-DPRIME,189.0
MEG_2088|Metals|Multi-metal_resistance|Multi-metal_resistance_protein|CORB,7319.0
MEG_2447|Metals|Multi-metal_resistance|Multi-metal_RND_efflux_pumps|CUSB,16186.0
MEG_4169|Metals|Nickel_resistance|Nickel_ABC_efflux_pumps|NIKB,4038.0
MEG_1281|Drugs|betalactams|Class_C_betalactamases|BLAEC,290.0
MEG_2|Drugs|Aminoglycosides|Aminoglycoside-resistant_16S_ribosomal_subunit_protein|A16S|RequiresSNPConfirmation,0.0
MEG_3141|Multi-compound|Biocide_and_metal_resistance|Biocide_and_metal_resistance_protein|GLPF,7949.0
MEG_3144|Drugs|Fosfomycin|Fosfomycin_target_mutation|GLPT|RequiresSNPConfirmation,347.0
MEG_7042|Drugs|Tetracyclines|Tetracycline_resistance_MFS_efflux_pumps|TETB,76.0
MEG_5801|Drugs|Cationic_antimicrobial_peptides|Lipid_A_modification|PMRF,12150.0
MEG_8678|Drugs|Aminoglycosides|Aminoglycoside-resistant_16S_ribosomal_subunit_protein|RPSL|RequiresSNPConfirmation,6926.0
MEG_6932|Drugs|betalactams|Class_A_betalactamases|TEM,33.0
MEG_7820|Biocides|Acid_resistance|Acid_resistance_protein|YDEP,28278.0
MEG_3291|Biocides|Acetate_resistance|Acetate_resistance_protein|ICLR,7948.0
MEG_7321|Drugs|Elfamycins|EF-Tu_inhibition|TUFAB|RequiresSNPConfirmation,16.0
MEG_7976|Drugs|Lipopeptides|Colistin_phosphoethanolamine_transferase|ARNT,538.0
MEG_2831|Drugs|MLS|23S_rRNA_methyltransferases|ERMF,15.0
MEG_2899|Multi-compound|Biocide_and_metal_resistance|Biocide_and_metal_ABC_efflux_pumps|FETB,6997.0
MEG_7811|Metals|Iron_resistance|Iron_resistance_protein|YBTP,1300.0
MEG_2794|Drugs|MLS|23S_rRNA_methyltransferases|ERMB,37.0
MEG_6594|Drugs|Sulfonamides|Sulfonamide-resistant_dihydropteroate_synthases|SULI,17.0
MEG_4163|Metals|Sodium_resistance|Sodium_resistance_protein|NHAB,8194.0
MEG_1190|Drugs|Bacitracin|Undecaprenyl_pyrophosphate_phosphatase|BACA,9334.0
MEG_2089|Metals|Multi-metal_resistance|Multi-metal_resistance_protein|CORC,1831.0
MEG_1153|Metals|Multi-metal_resistance|Multi-metal_resistance_protein|ARSBM,5368.0
MEG_2676|Metals|Multi-metal_resistance|Multi-metal_resistance_protein|DSBA,369.0
MEG_7883|Multi-compound|Drug_and_biocide_resistance|Drug_and_biocide_RND_efflux_pumps|ACRB|RequiresSNPConfirmation,653.0
MEG_6632|Drugs|Sulfonamides|Sulfonamide-resistant_dihydropteroate_synthases|SULII,71.0
MEG_7812|Metals|Iron_resistance|Iron_resistance_protein|YBTQ,951.0
MEG_3290|Biocides|Acetate_resistance|Acetate_resistance_protein|ICLR,5118.0
MEG_7264|Biocides|Multi-biocide_resistance|Multi-biocide_RND_efflux_pump|TOLC,6376.0
MEG_2677|Metals|Multi-metal_resistance|Multi-metal_resistance_protein|DSBA,449.0
MEG_2487|Drugs|Trimethoprim|Dihydrofolate_reductase|DFRA,33.0
MEG_3857|Metals|Mercury_resistance|Mercury_resistance_protein|MERC,133.0
MEG_5829|Multi-compound|Drug_and_biocide_resistance|Drug_and_biocide_SMR_efflux_pumps|QACEDELTA1,67.0
MEG_8044|Drugs|betalactams|Class_A_betalactamases|CTX,11.0
MEG_2806|Drugs|MLS|23S_rRNA_methyltransferases|ERMB,12.0
MEG_6583|Drugs|Sulfonamides|Sulfonamide-resistant_dihydropteroate_synthases|SULI,15.0
MEG_6032|Drugs|Fluoroquinolones|Quinolone_resistance_protein_Qnr|QNRS,63.0
MEG_5817|Metals|Arsenic_resistance|Arsenic_resistance_protein|PSTS,5579.0
MEG_2706|Multi-compound|Drug_and_biocide_resistance|Drug_and_biocide_ABC_efflux_pumps|EFRA,320.0
MEG_8143|Drugs|Fluoroquinolones|Fluoroquinolone-resistant_DNA_topoisomerases|GRLB|RequiresSNPConfirmation,73.0
MEG_5883|Drugs|Fluoroquinolones|Quinolone_resistance_protein_Qnr|QNRB,7695.0
MEG_4217|Metals|Multi-metal_resistance|Multi-metal_resistance_protein|NREB,57.0
MEG_3201|Drugs|Fluoroquinolones|Fluoroquinolone-resistant_DNA_topoisomerases|GYRA|RequiresSNPConfirmation,0.0
MEG_3599|Multi-compound|Drug_and_biocide_resistance|Drug_and_biocide_MFS_efflux_pumps|LMRS,95.0
MEG_1195|Multi-compound|Drug_and_biocide_and_metal_resistance|Drug_and_biocide_and_metal_RND_efflux_regulator|BAES,7068.0
MEG_7834|Multi-compound|Biocide_and_metal_resistance|Biocide_and_metal_resistance_protein|YHCN,1647.0
MEG_6118|Drugs|Rifampin|Rifampin-resistant_beta-subunit_of_RNA_polymerase_RpoB|RPOB|RequiresSNPConfirmation,0.0
MEG_3611|Drugs|MLS|Lincosamide_nucleotidyltransferases|LNUC,371.0
MEG_2605|Drugs|betalactams|Class_C_betalactamases|DHA,57.0
MEG_6027|Drugs|Fluoroquinolones|Quinolone_resistance_protein_Qnr|QNRS,130.0
MEG_3009|Drugs|Fosfomycin|Fosfomycin_thiol_transferases|FOSB,53.0
MEG_5363|Drugs|Fluoroquinolones|Fluoroquinolone-resistant_DNA_topoisomerases|PARC|RequiresSNPConfirmation,1.0
MEG_2604|Drugs|betalactams|Class_C_betalactamases|DHA,25.0
MEG_2584|Drugs|betalactams|Class_C_betalactamases|DHA,50.0
MEG_87|Drugs|Aminoglycosides|Aminoglycoside_N-acetyltransferases|AAC6-PRIME,16.0
MEG_7307|Drugs|Elfamycins|EF-Tu_inhibition|TUFAB|RequiresSNPConfirmation,311.0
MEG_7044|Drugs|Tetracyclines|Tetracycline_resistance_MFS_efflux_pumps|TETB,53.0
MEG_1097|Drugs|Aminoglycosides|Aminoglycoside_O-phosphotransferases|APH6,182.0
MEG_6549|Biocides|Multi-biocide_resistance|Multi-biocide_resistance_regulator|SOXRB,5206.0
MEG_3626|Drugs|Lipopeptides|Colistin-resistant_mutant|LPXA|RequiresSNPConfirmation,0.0
MEG_3977|Drugs|MLS|Macrolide-resistant_23S_rRNA_mutation|MLS23S|RequiresSNPConfirmation,2.0
MEG_988|Drugs|Aminoglycosides|Aminoglycoside_O-nucleotidyltransferases|ANT6,25.0
MEG_2688|Metals|Multi-metal_resistance|Multi-metal_resistance_protein|DSBA,3446.0
MEG_3591|Drugs|Lipopeptides|Daptomycin-resistant_mutant|LIAFSR|RequiresSNPConfirmation,0.0
MEG_6928|Drugs|betalactams|Class_A_betalactamases|TEM,50.0
MEG_730|Drugs|betalactams|Penicillin_binding_protein|AMPH,480.0
MEG_6022|Drugs|Fluoroquinolones|Quinolone_resistance_protein_Qnr|QNRS,69.0
MEG_5321|Biocides|Multi-biocide_resistance|Multi-biocide_resistance_regulator|OXYRKP,9344.0
MEG_684|Multi-compound|Drug_and_biocide_resistance|Drug_and_biocide_RND_efflux_pumps|ADEG,294.0
MEG_1278|Drugs|betalactams|Class_C_betalactamases|BLAEC,466.0
MEG_7043|Drugs|Tetracyclines|Tetracycline_resistance_MFS_efflux_pumps|TETB,58.0
MEG_7179|Drugs|Tetracyclines|Tetracycline_resistance_ribosomal_protection_proteins|TETQ,255.0
MEG_7581|Drugs|Glycopeptides|VanC-type_resistance_protein|VANXYC,22.0
MEG_407|Multi-compound|Drug_and_biocide_and_metal_resistance|Drug_and_biocide_and_metal_RND_efflux_pumps|ACRD,16999.0
MEG_1651|Drugs|betalactams|Class_A_betalactamases|CEPA,37.0
MEG_6094|Drugs|Rifampin|Rifampin-resistant_beta-subunit_of_RNA_polymerase_RpoB|RPOB|RequiresSNPConfirmation,0.0
MEG_7309|Drugs|Elfamycins|EF-Tu_inhibition|TUFAB|RequiresSNPConfirmation,22.0
MEG_3746|Multi-compound|Drug_and_biocide_and_metal_resistance|Drug_and_biocide_and_metal_RND_efflux_pumps|MDTA,15060.0
MEG_7833|Multi-compound|Biocide_and_metal_resistance|Biocide_and_metal_resistance_protein|YHCN,5334.0
MEG_1148|Metals|Multi-metal_resistance|Multi-metal_resistance_protein|ARSBM,5532.0
MEG_2598|Drugs|betalactams|Class_C_betalactamases|DHA,48.0
MEG_5787|Metals|Multi-metal_resistance|Multi-metal_resistance_protein|PITA,27199.0
MEG_2685|Metals|Multi-metal_resistance|Multi-metal_resistance_protein|DSBA,415.0
MEG_6878|Drugs|betalactams|Class_A_betalactamases|TEM,38.0
MEG_8456|Drugs|betalactams|Penicillin_binding_protein|PBP2|RequiresSNPConfirmation,156.0
MEG_3253|Biocides|Acid_resistance|Acid_resistance_protein|HDEA,7973.0
MEG_7328|Drugs|Cationic_antimicrobial_peptides|Lipid_A_modification|UGD,18655.0
MEG_8674|Drugs|Rifampin|Rifampin-resistant_beta-subunit_of_RNA_polymerase_RpoB|RPOB,536.0
MEG_5341|Drugs|Fluoroquinolones|Fluoroquinolone-resistant_DNA_topoisomerases|PARC|RequiresSNPConfirmation,4.0
MEG_959|Drugs|Aminoglycosides|Aminoglycoside_O-nucleotidyltransferases|ANT3-DPRIME,11.0
MEG_2681|Metals|Multi-metal_resistance|Multi-metal_resistance_protein|DSBA,391.0
MEG_1276|Drugs|betalactams|Class_C_betalactamases|BLAEC,464.0
MEG_172|Drugs|Aminoglycosides|Aminoglycoside_N-acetyltransferases|AAC6-PRIME,37.0
MEG_303|Drugs|Aminoglycosides|Aminoglycoside_N-acetyltransferases|AAC6-PRIME,32.0
MEG_380|Multi-compound|Drug_and_biocide_resistance|Drug_and_biocide_SMR_efflux_pumps|ABES,5.0
MEG_7185|Drugs|Tetracyclines|Tetracycline_transcriptional_repressor|TETR|RequiresSNPConfirmation,137.0
MEG_2897|Metals|Multi-metal_resistance|Multi-metal_ABC_efflux_pumps|FECE,4392.0
MEG_7041|Drugs|Tetracyclines|Tetracycline_resistance_MFS_efflux_pumps|TETB,61.0
MEG_6934|Drugs|betalactams|Class_A_betalactamases|TEM,32.0
MEG_2116|Multi-compound|Drug_and_biocide_resistance|Drug_and_biocide_RND_efflux_regulator|CPXAR,262.0
MEG_408|Multi-compound|Drug_and_biocide_resistance|Drug_and_biocide_RND_efflux_pumps|ACRE,17644.0
MEG_7584|Drugs|Glycopeptides|VanC-type_resistance_protein|VANXYC,125.0
MEG_1041|Drugs|Aminoglycosides|Aminoglycoside_O-phosphotransferases|APH3-DPRIME,39.0
MEG_6128|Drugs|Rifampin|Rifampin-resistant_beta-subunit_of_RNA_polymerase_RpoB|RPOB|RequiresSNPConfirmation,0.0
MEG_2523|Drugs|Trimethoprim|Dihydrofolate_reductase|DFRA,18.0
MEG_3627|Drugs|Lipopeptides|Colistin-resistant_mutant|LPXC|RequiresSNPConfirmation,0.0
MEG_6543|Biocides|Peroxide_resistance|peroxide_resistance_protein|SODA,1013.0
MEG_8249|Drugs|MLS|Macrolide-resistant_23S_rRNA_mutation|MLS23S|RequiresSNPConfirmation,181392.0
MEG_7312|Drugs|Elfamycins|EF-Tu_inhibition|TUFAB|RequiresSNPConfirmation,24.0
MEG_3865|Metals|Mercury_resistance|Mercury_resistance_regulator|MERD,10.0
MEG_7182|Drugs|Tetracyclines|Tetracycline_resistance_ribosomal_protection_proteins|TETQ,319.0
MEG_3071|Drugs|Fusidic_acid|Fusidic_acid-resistant_mutation|FUSE|RequiresSNPConfirmation,0.0
MEG_4283|Drugs|betalactams|Mutant_porin_proteins|OMP37,1296.0
MEG_3873|Metals|Mercury_resistance|Mercury_resistance_protein|MERP,5.0
MEG_1161|Metals|Multi-metal_resistance|Multi-metal_resistance_protein|ARSCM,2390.0
MEG_3245|Drugs|Aminocoumarins|Aminocoumarin-resistant_DNA_topoisomerases|GYRBA|RequiresSNPConfirmation,0.0
MEG_7858|Metals|Zinc_resistance|Zinc_resistance_protein|ZNUB,8807.0
MEG_3076|Biocides|Acid_resistance|Acid_resistance_protein|GADA,20327.0
MEG_7178|Drugs|Tetracyclines|Tetracycline_resistance_ribosomal_protection_proteins|TETQ,133.0
MEG_2795|Drugs|MLS|23S_rRNA_methyltransferases|ERMB,44.0
MEG_2704|Multi-compound|Drug_and_biocide_resistance|Drug_and_biocide_MFS_efflux_pumps|EFMA,104.0
MEG_6545|Biocides|Peroxide_resistance|peroxide_resistance_protein|SODB,7124.0
MEG_1211|Multi-compound|Drug_and_biocide_resistance|Drug_and_biocide_MFS_efflux_pumps|BCR,2417.0
MEG_7142|Drugs|Tetracyclines|Tetracycline_resistance_ribosomal_protection_proteins|TETM,29.0
MEG_3606|Drugs|MLS|Lincosamide_nucleotidyltransferases|LNUA,49.0
MEG_3758|Multi-compound|Drug_and_biocide_resistance|Drug_and_biocide_MATE_efflux_pumps|MDTK,6543.0
MEG_1229|Multi-compound|Drug_and_biocide_resistance|Drug_and_biocide_MATE_efflux_pumps|BEXA,186.0
MEG_2448|Metals|Multi-metal_resistance|Multi-metal_RND_efflux_pumps|CUSC,8429.0
MEG_7831|Multi-compound|Biocide_and_metal_resistance|Biocide_and_metal_resistance_protein|YGIW,6686.0
MEG_3861|Metals|Mercury_resistance|Mercury_resistance_regulator|MERD,22.0
MEG_1156|Metals|Arsenic_resistance|Arsenic_resistance_protein|ARSC,32.0
MEG_8231|Drugs|Lipopeptides|Colistin-resistant_mutant|LPSB,42.0
MEG_4177|Metals|Nickel_resistance|Nickel_ABC_efflux_regulator|NIKR,5444.0
MEG_2675|Metals|Multi-metal_resistance|Multi-metal_resistance_protein|DSBA,393.0
MEG_2454|Metals|Copper_resistance|Copper_resistance_protein|CUTA,5720.0
MEG_6983|Drugs|Tetracyclines|Tetracycline_resistance_MFS_efflux_pumps|TET38,44.0
MEG_2687|Metals|Multi-metal_resistance|Multi-metal_resistance_protein|DSBA,389.0
MEG_2443|Metals|Copper_resistance|Copper_resistance_regulator|CUER,6317.0
MEG_7183|Drugs|Tetracyclines|Tetracycline_resistance_ribosomal_protection_proteins|TETQ,683.0
MEG_6586|Drugs|Sulfonamides|Sulfonamide-resistant_dihydropteroate_synthases|SULI,12.0
MEG_6670|Drugs|betalactams|Class_A_betalactamases|TEM,18.0
MEG_4162|Metals|Sodium_resistance|Sodium_resistance_protein|NHAA,16410.0
MEG_6925|Drugs|betalactams|Class_A_betalactamases|TEM,42.0
MEG_6759|Drugs|betalactams|Class_A_betalactamases|TEM,11.0
MEG_6595|Drugs|Sulfonamides|Sulfonamide-resistant_dihydropteroate_synthases|SULI,22.0
MEG_6026|Drugs|Fluoroquinolones|Quinolone_resistance_protein_Qnr|QNRS,153.0
MEG_4103|Multi-compound|Drug_and_biocide_resistance|Drug_and_biocide_SMR_efflux_pumps|MVRC,5219.0
MEG_6947|Drugs|betalactams|Class_A_betalactamases|TEM,18.0
MEG_7502|Drugs|Glycopeptides|VanC-type_regulator|VANSC,136.0
MEG_1637|Drugs|betalactams|Class_A_betalactamases|CBLA,32.0
MEG_4335|Multi-compound|Drug_and_biocide_resistance|Drug_and_biocide_RND_efflux_pumps|OQXA,152.0
MEG_3077|Biocides|Acid_resistance|Acid_resistance_protein|GADA,104.0
MEG_3868|Metals|Mercury_resistance|Mercury_resistance_protein|MERE,20.0
MEG_406|Multi-compound|Drug_and_biocide_and_metal_resistance|Drug_and_biocide_and_metal_RND_efflux_pumps|ACRD,13686.0
MEG_5996|Drugs|Fluoroquinolones|Quinolone_resistance_protein_Qnr|QNRB,285.0
MEG_6625|Drugs|Sulfonamides|Sulfonamide-resistant_dihydropteroate_synthases|SULII,76.0
MEG_2671|Metals|Multi-metal_resistance|Multi-metal_resistance_protein|DSBA,465.0
MEG_7132|Drugs|Tetracyclines|Tetracycline_resistance_ribosomal_protection_proteins|TETM,106.0
MEG_1299|Drugs|betalactams|Penicillin_binding_protein_regulator|BLAR,133.0
MEG_692|Multi-compound|Drug_and_biocide_resistance|Drug_and_biocide_RND_efflux_pumps|ADEJ,159.0
MEG_1003|Drugs|Aminoglycosides|Aminoglycoside_O-nucleotidyltransferases|ANT9,55.0
MEG_2900|Multi-compound|Biocide_and_metal_resistance|Biocide_and_metal_ABC_efflux_pumps|FETB,5472.0
MEG_45|Drugs|Aminoglycosides|Aminoglycoside_N-acetyltransferases|AAC3,89.0
MEG_7813|Multi-compound|Biocide_and_metal_resistance|Biocide_and_metal_resistance_protein|YCHH,3858.0
MEG_8072|Drugs|betalactams|Class_C_betalactamases|DHA,78.0
MEG_4033|Drugs|MLS|Macrolide_phosphotransferases|MPHB,6753.0
MEG_1645|Drugs|betalactams|Class_A_betalactamases|CEPA,26.0
MEG_2674|Metals|Multi-metal_resistance|Multi-metal_resistance_protein|DSBA,443.0
MEG_5384|Drugs|Aminocoumarins|Aminocoumarin-resistant_DNA_topoisomerases|PARE|RequiresSNPConfirmation,0.0
MEG_2796|Drugs|MLS|23S_rRNA_methyltransferases|ERMB,113.0
MEG_7302|Drugs|Elfamycins|EF-Tu_inhibition|TUFAB|RequiresSNPConfirmation,12.0
MEG_5976|Drugs|Fluoroquinolones|Quinolone_resistance_protein_Qnr|QNRB,2290.0
MEG_3588|Drugs|Lipopeptides|Daptomycin-resistant_mutant|LIAFSR|RequiresSNPConfirmation,0.0
MEG_3752|Multi-compound|Drug_and_biocide_resistance|Drug_and_biocide_RND_efflux_pumps|MDTF,37726.0
MEG_6624|Drugs|Sulfonamides|Sulfonamide-resistant_dihydropteroate_synthases|SULII,71.0
MEG_2868|Multi-compound|Drug_and_biocide_resistance|Drug_and_biocide_MFS_efflux_regulator|EVGS,1535.0
MEG_1730|Drugs|Lipopeptides|Daptomycin-resistant_mutant|CLS|RequiresSNPConfirmation,0.0
MEG_6597|Drugs|Sulfonamides|Sulfonamide-resistant_dihydropteroate_synthases|SULI,7.0
MEG_6909|Drugs|betalactams|Class_A_betalactamases|TEM,357.0
MEG_8144|Drugs|Fluoroquinolones|Fluoroquinolone-resistant_DNA_topoisomerases|GYRA|RequiresSNPConfirmation,183.0
MEG_5780|Drugs|Lipopeptides|Daptomycin-resistant_mutant|PGSA|RequiresSNPConfirmation,0.0
MEG_2589|Drugs|betalactams|Class_C_betalactamases|DHA,48.0
MEG_4028|Drugs|MLS|Macrolide_phosphotransferases|MPHA,78.0
MEG_8070|Drugs|Trimethoprim|Dihydrofolate_reductase|DFRB|RequiresSNPConfirmation,36.0
MEG_7109|Drugs|Tetracyclines|Tetracycline_resistance_ribosomal_protection_proteins|TETM,23.0
MEG_1454|Drugs|betalactams|Class_A_betalactamases|BLAZ,19.0
MEG_6135|Drugs|Rifampin|Rifampin-resistant_beta-subunit_of_RNA_polymerase_RpoB|RPOB|RequiresSNPConfirmation,4.0
MEG_3757|Multi-compound|Drug_and_biocide_resistance|Drug_and_biocide_SMR_efflux_pumps|MDTJ,5887.0
MEG_4004|Metals|Multi-metal_resistance|Multi-metal_ABC_efflux_pumps|MODB,3157.0
MEG_703|Multi-compound|Drug_and_biocide_resistance|Drug_and_biocide_RND_efflux_regulator|ADER,43.0
MEG_3296|Drugs|Mupirocin|Mupirocin-resistant_isoleucyl-tRNA_synthetase|ILES|RequiresSNPConfirmation,0.0
MEG_7032|Drugs|Tetracyclines|Tetracycline_resistance_MFS_efflux_pumps|TETA,22.0
MEG_3754|Multi-compound|Drug_and_biocide_resistance|Drug_and_biocide_MFS_efflux_pumps|MDTG,4431.0
MEG_3817|Drugs|MLS|MLS_resistance_MFS_efflux_pumps|MEFA,38.0
MEG_6577|Biocides|Multi-biocide_resistance|Multi-biocide_SMR_efflux_pump|SUGE,3920.0
MEG_6653|Metals|Copper_resistance|Copper_resistance_protein|TCRY,871.0
MEG_2867|Biocides|Acid_resistance|Acid_resistance_regulator|EVGA,11914.0
MEG_2835|Drugs|MLS|23S_rRNA_methyltransferases|ERMG,40.0
MEG_1046|Drugs|Aminoglycosides|Aminoglycoside_O-phosphotransferases|APH3-DPRIME,140.0
MEG_4289|Drugs|betalactams|Mutant_porin_proteins|OMPFB|RequiresSNPConfirmation,0.0
MEG_3622|Biocides|Acetate_resistance|Acetate_resistance_protein|LPDT,33080.0
MEG_1698|Drugs|betalactams|Class_A_betalactamases|CFX,29.0
MEG_370|Drugs|Fosfomycin|Fosfomycin_MFS_efflux_pump|ABAQ,56.0
MEG_2430|Drugs|betalactams|Class_A_betalactamases|CTX,14233.0
MEG_3589|Drugs|Lipopeptides|Daptomycin-resistant_mutant|LIAFSR|RequiresSNPConfirmation,0.0
MEG_7363|Drugs|Glycopeptides|VanC-type_resistance_protein|VANC,17.0
MEG_6654|Metals|Copper_resistance|Copper_resistance_protein|TCRZ,205.0
MEG_2378|Drugs|betalactams|Class_A_betalactamases|CTX,10815.0
MEG_5816|Metals|Arsenic_resistance|Arsenic_resistance_protein|PSTS,10361.0
MEG_3947|Metals|Multi-metal_resistance|Multi-metal_resistance_regulator|MGTA,16717.0
MEG_4160|Metals|Chromium_resistance|Chromium_resistance_protein|NFSA,9319.0
MEG_3178|Drugs|Fluoroquinolones|Fluoroquinolone-resistant_DNA_topoisomerases|GYRA|RequiresSNPConfirmation,15.0
MEG_1210|Multi-compound|Drug_and_biocide_resistance|Drug_and_biocide_MFS_efflux_pumps|BCR,7499.0
MEG_316|Drugs|Aminoglycosides|Aminoglycoside_N-acetyltransferases|AAC6-PRIME,34.0
MEG_6020|Drugs|Fluoroquinolones|Quinolone_resistance_protein_Qnr|QNRS,219.0
MEG_7318|Drugs|Elfamycins|EF-Tu_inhibition|TUFAB|RequiresSNPConfirmation,170.0
MEG_5934|Drugs|Fluoroquinolones|Quinolone_resistance_protein_Qnr|QNRB,2893.0
MEG_2093|Metals|Multi-metal_resistance|Multi-metal_resistance_protein|CORD,2198.0
MEG_2607|Drugs|betalactams|Class_C_betalactamases|DHA,58.0
MEG_2952|Drugs|Sulfonamides|Sulfonamide-resistant_dihydropteroate_synthases|FOLP|RequiresSNPConfirmation,233.0
MEG_1189|Drugs|Bacitracin|Undecaprenyl_pyrophosphate_phosphatase|BACA,2823.0
MEG_376|Multi-compound|Drug_and_biocide_resistance|Drug_and_biocide_SMR_efflux_pumps|ABES,7.0
MEG_4000|Metals|Multi-metal_resistance|Multi-metal_resistance_protein|MNTR,6728.0
MEG_6964|Drugs|Tetracyclines|Tetracycline-resistant_16S_ribosomal_subunit_protein|TET16S|RequiresSNPConfirmation,0.0
MEG_2600|Drugs|betalactams|Class_C_betalactamases|DHA,18.0
MEG_6551|Multi-compound|Drug_and_biocide_and_metal_resistance|Drug_and_biocide_and_metal_resistance_regulator|SOXS,5691.0
MEG_6638|Drugs|Sulfonamides|Sulfonamide-resistant_dihydropteroate_synthases|SULII,92.0
MEG_6018|Drugs|Fluoroquinolones|Quinolone_resistance_protein_Qnr|QNRS,107.0
MEG_2686|Metals|Multi-metal_resistance|Multi-metal_resistance_protein|DSBA,360.0
MEG_975|Drugs|Aminoglycosides|Aminoglycoside_O-nucleotidyltransferases|ANT3-DPRIME,96.0
MEG_1701|Metals|Sodium_resistance|Sodium_resistance_protein|CHAA,14714.0
MEG_1054|Drugs|Aminoglycosides|Aminoglycoside_O-phosphotransferases|APH3-DPRIME,164.0
MEG_6581|Drugs|Sulfonamides|Sulfonamide-resistant_dihydropteroate_synthases|SULI,8.0
MEG_2455|Metals|Copper_resistance|Copper_resistance_protein|CUTC,3735.0
MEG_2733|Multi-compound|Drug_and_biocide_resistance|Drug_and_biocide_MFS_efflux_pumps|EMRK,7322.0
MEG_6049|Metals|Multi-metal_resistance|Multi-metal_resistance_protein|RCNB,4843.0
MEG_2025|Metals|Copper_resistance|Copper_resistance_protein|COPA,312.0
MEG_6141|Biocides|Multi-biocide_resistance|Multi-biocide_resistance_regulator|RPOS,13761.0
MEG_6082|Multi-compound|Drug_and_biocide_and_metal_resistance|Drug_and_biocide_and_metal_RND_efflux_pumps|ROBA,12912.0
MEG_6895|Drugs|betalactams|Class_A_betalactamases|TEM,22.0
MEG_6107|Drugs|Rifampin|Rifampin-resistant_beta-subunit_of_RNA_polymerase_RpoB|RPOB|RequiresSNPConfirmation,0.0
MEG_1280|Drugs|betalactams|Class_C_betalactamases|BLAEC,289.0
MEG_3590|Drugs|Lipopeptides|Daptomycin-resistant_mutant|LIAFSR|RequiresSNPConfirmation,0.0
MEG_5332|Drugs|Fluoroquinolones|Fluoroquinolone-resistant_DNA_topoisomerases|PARC|RequiresSNPConfirmation,0.0
MEG_7974|Drugs|betalactams|Class_C_betalactamase_regulator|AMPCR|RequiresSNPConfirmation,2409.0
MEG_4333|Multi-compound|Drug_and_biocide_resistance|Drug_and_biocide_RND_efflux_pumps|OQXA,39.0
MEG_3663|Multi-compound|Drug_and_biocide_resistance|Drug_and_biocide_RND_efflux_regulator|MARR,6057.0
MEG_2084|Metals|Multi-metal_resistance|Multi-metal_resistance_protein|CORA,375.0
MEG_372|Multi-compound|Drug_and_biocide_resistance|Drug_and_biocide_MATE_efflux_pumps|ABEM,12.0
MEG_3065|Drugs|Fusidic_acid|Fusidic_acid-resistant_mutation|FUSA|RequiresSNPConfirmation,42.0
MEG_6123|Drugs|Rifampin|Rifampin-resistant_beta-subunit_of_RNA_polymerase_RpoB|RPOB|RequiresSNPConfirmation,3.0
MEG_1692|Drugs|betalactams|Class_A_betalactamases|CFX,31.0
MEG_1488|Metals|Multi-metal_resistance|Multi-metal_resistance_regulator|CADX,2319.0
MEG_6827|Drugs|betalactams|Class_A_betalactamases|TEM,18.0
MEG_2993|Drugs|Fosfomycin|Fosfomycin_thiol_transferases|FOSA,36.0
MEG_2587|Drugs|betalactams|Class_C_betalactamases|DHA,56.0
MEG_8700|Multi-compount|Biocide_and_metal_resistance|Biocide_and_metal_ABC_efflux_pumps|SITABCD,932.0
MEG_2739|Drugs|Cationic_antimicrobial_peptides|Lipid_A_modification|EPTA,24836.0
MEG_3643|Drugs|MLS|MLS_resistance_ABC_efflux_pumps|LSA,228.0
MEG_3|Drugs|Aminoglycosides|Aminoglycoside-resistant_16S_ribosomal_subunit_protein|A16S|RequiresSNPConfirmation,5.0
MEG_8634|Drugs|Lipopeptides|Colistin-resistant_mutant|PMRAR|RequiresSNPConfirmation,10554.0
MEG_6500|Metals|Multi-metal_resistance|Multi-metal_RND_efflux_pumps|SILB,111.0
MEG_1217|Multi-compound|Drug_and_biocide_resistance|Drug_and_biocide_SMR_efflux_pumps|BCRCM,12.0
MEG_7025|Drugs|Tetracyclines|Tetracycline_resistance_MFS_efflux_pumps|TETA,87.0
MEG_2577|Drugs|Trimethoprim|Dihydrofolate_reductase|DFRE,250.0
MEG_5772|Biocides|Peroxide_resistance|peroxide_resistance_regulator|PERR,46.0
MEG_7333|Drugs|Glycopeptides|VanA-type_resistance_protein|VAN|RequiresSNPConfirmation,0.0
MEG_7859|Metals|Zinc_resistance|Zinc_resistance_protein|ZNUC,9629.0
MEG_2020|Metals|Copper_resistance|Copper_resistance_protein|COPA,22829.0
MEG_1179|Drugs|Multi-drug_resistance|Multi-drug_RND_efflux_regulator|ASMA,468.0
MEG_1287|Drugs|betalactams|Penicillin_binding_protein_regulator|BLAI,40.0
MEG_8459|Drugs|betalactams|Penicillin_binding_protein|PBP4|RequiresSNPConfirmation,68.0
MEG_5783|Multi-compound|Drug_and_biocide_resistance|Drug_and_biocide_ABC_efflux_regulator|PHOB|RequiresSNPConfirmation,0.0
MEG_874|Drugs|Aminoglycosides|Aminoglycoside_O-nucleotidyltransferases|ANT3-DPRIME,17.0
MEG_4167|Metals|Nickel_resistance|Nickel_ABC_efflux_pumps|NIKA,22176.0
MEG_3460|Multi-compound|Drug_and_biocide_resistance|Drug_and_biocide_MFS_efflux_pumps|KMRA,655.0
MEG_5392|Drugs|Aminocoumarins|Aminocoumarin-resistant_DNA_topoisomerases|PARE|RequiresSNPConfirmation,627.0
MEG_3992|Drugs|MLS|Macrolide-resistant_23S_rRNA_mutation|MLS23S|RequiresSNPConfirmation,6.0
MEG_8692|Multi-compound|Drug_and_biocide_resistance|Drug_and_biocide_MFS_efflux_pumps|SDRM,135.0
MEG_6617|Drugs|Sulfonamides|Sulfonamide-resistant_dihydropteroate_synthases|SULII,101.0
MEG_6958|Metals|Tellurium_resistance|Tellurium_resistance_protein|TERD,24.0
MEG_8080|Drugs|Lipopeptides|Colistin_phosphoethanolamine_transferase|EPTB,7743.0
MEG_3749|Multi-compound|Drug_and_biocide_and_metal_resistance|Drug_and_biocide_and_metal_RND_efflux_pumps|MDTC,34939.0
MEG_1162|Metals|Multi-metal_resistance|Multi-metal_resistance_protein|ARSCM,409.0
MEG_2446|Metals|Multi-metal_resistance|Multi-metal_RND_efflux_pumps|CUSA,39207.0
MEG_3255|Biocides|Acid_resistance|Acid_resistance_protein|HDEB,5041.0
MEG_8447|Drugs|Fluoroquinolones|Fluoroquinolone-resistant_DNA_topoisomerases|PARC|RequiresSNPConfirmation,73.0
MEG_2435|Drugs|betalactams|Class_A_betalactamases|CTX,12471.0
MEG_8712|Drugs|betalactams|Class_A_betalactamases|TEM,18.0
MEG_1091|Drugs|Aminoglycosides|Aminoglycoside_O-phosphotransferases|APH6,221.0
MEG_3896|Metals|Mercury_resistance|Mercury_resistance_protein|MERT,94.0
MEG_1143|Metals|Multi-metal_resistance|Multi-metal_resistance_protein|ARSA,893.0
MEG_5348|Drugs|Fluoroquinolones|Fluoroquinolone-resistant_DNA_topoisomerases|PARC|RequiresSNPConfirmation,1.0
MEG_6794|Drugs|betalactams|Class_A_betalactamases|TEM,19.0
MEG_5333|Drugs|Fluoroquinolones|Fluoroquinolone-resistant_DNA_topoisomerases|PARC|RequiresSNPConfirmation,0.0
MEG_2030|Metals|Copper_resistance|Copper_resistance_protein|COPA,360.0
MEG_6106|Drugs|Rifampin|Rifampin-resistant_beta-subunit_of_RNA_polymerase_RpoB|RPOB|RequiresSNPConfirmation,144.0
MEG_7330|Drugs|Fosfomycin|Fosfomycin_target_mutation|UHPT|RequiresSNPConfirmation,0.0
MEG_6734|Drugs|betalactams|Class_A_betalactamases|TEM,13.0
MEG_7837|Biocides|Multi-biocide_resistance|Multi-biocide_resistance_protein|YJCG,22378.0
MEG_7263|Biocides|Multi-biocide_resistance|Multi-biocide_RND_efflux_pump|TOLC,7798.0
MEG_8145|Drugs|Fluoroquinolones|Fluoroquinolone-resistant_DNA_topoisomerases|GYRA|RequiresSNPConfirmation,577.0
MEG_8273|Multi-compound|Drug_and_biocide_resistance|Drug_and_biocide_MFS_efflux_pumps|NORC,88.0
MEG_770|Drugs|Aminoglycosides|Aminoglycoside_O-nucleotidyltransferases|ANT3-DPRIME,13.0
MEG_2457|Metals|Copper_resistance|Copper_resistance_protein|CUTE,19735.0
MEG_7329|Drugs|Fosfomycin|Fosfomycin_target_mutation|UHPT|RequiresSNPConfirmation,0.0
MEG_1231|Metals|Copper_resistance|Copper_resistance_regulator|BHSA,4488.0
MEG_5424|Metals|Copper_resistance|Copper_resistance_regulator|PCOR,74.0
MEG_6540|Biocides|Peroxide_resistance|peroxide_resistance_protein|SODA,5930.0
MEG_2450|Metals|Multi-metal_resistance|Multi-metal_RND_efflux_pumps|CUSC,4683.0
MEG_1180|Drugs|Multi-drug_resistance|Multi-drug_RND_efflux_regulator|ASMA,21421.0
MEG_2451|Metals|Multi-metal_resistance|Multi-metal_RND_efflux_pumps|CUSF,6104.0
MEG_6929|Drugs|betalactams|Class_A_betalactamases|TEM,21.0
MEG_700|Multi-compound|Drug_and_biocide_resistance|Drug_and_biocide_RND_efflux_regulator|ADEL,27.0
MEG_6045|Drugs|Multi-drug_resistance|Multi-drug_RND_efflux_regulator|RAMR|RequiresSNPConfirmation,0.0
MEG_3586|Drugs|Lipopeptides|Daptomycin-resistant_mutant|LIAFSR|RequiresSNPConfirmation,0.0
MEG_4095|Drugs|Fosfomycin|Fosfomycin_target_mutation|MURA|RequiresSNPConfirmation,0.0
MEG_3661|Multi-compound|Drug_and_biocide_resistance|Drug_and_biocide_RND_efflux_regulator|MARA,1960.0
MEG_6652|Metals|Copper_resistance|Copper_resistance_protein|TCRB,4000.0
MEG_3078|Biocides|Acid_resistance|Acid_resistance_protein|GADB,16423.0
MEG_2090|Metals|Multi-metal_resistance|Multi-metal_resistance_protein|CORC,4252.0
MEG_2085|Metals|Multi-metal_resistance|Multi-metal_resistance_protein|CORA,7422.0
MEG_5|Drugs|Aminoglycosides|Aminoglycoside-resistant_16S_ribosomal_subunit_protein|A16S|RequiresSNPConfirmation,2.0
MEG_6542|Biocides|Peroxide_resistance|peroxide_resistance_protein|SODA,3386.0
MEG_411|Multi-compound|Drug_and_biocide_resistance|Drug_and_biocide_RND_efflux_regulator|ACRR|RequiresSNPConfirmation,160.0
MEG_1086|Drugs|Aminoglycosides|Aminoglycoside_O-phosphotransferases|APH6,277.0
MEG_6576|Biocides|Multi-biocide_resistance|Multi-biocide_SMR_efflux_pump|SUGE,1168.0
MEG_3874|Metals|Mercury_resistance|Mercury_resistance_protein|MERP,32.0
MEG_8043|Drugs|betalactams|Class_A_betalactamases|CTX,40.0
MEG_2120|Multi-compound|Drug_and_biocide_resistance|Drug_and_biocide_RND_efflux_regulator|CPXAR,1396.0
MEG_5382|Drugs|Aminocoumarins|Aminocoumarin-resistant_DNA_topoisomerases|PARE|RequiresSNPConfirmation,0.0
MEG_7181|Drugs|Tetracyclines|Tetracycline_resistance_ribosomal_protection_proteins|TETQ,234.0
MEG_2440|Metals|Copper_resistance|Copper_resistance_protein|CUEO,21401.0
MEG_4168|Metals|Nickel_resistance|Nickel_ABC_efflux_pumps|NIKB,9806.0
MEG_5400|Drugs|betalactams|Penicillin_binding_protein|PBP2,25155.0
MEG_2895|Metals|Multi-metal_resistance|Multi-metal_ABC_efflux_pumps|FECD,2763.0
MEG_3948|Metals|Multi-metal_resistance|Multi-metal_resistance_regulator|MGTA,21236.0
MEG_7019|Drugs|Tetracyclines|Tetracycline_resistance_MFS_efflux_pumps|TETA,21.0
MEG_3079|Biocides|Acid_resistance|Acid_resistance_protein|GADC,18112.0
MEG_2431|Drugs|betalactams|Class_A_betalactamases|CTX,60.0
MEG_3254|Biocides|Acid_resistance|Acid_resistance_protein|HDEB,2176.0
MEG_2613|Drugs|betalactams|Class_C_betalactamases|DHA,80.0
MEG_6951|Drugs|betalactams|Class_A_betalactamases|TEM,16.0
MEG_2694|Drugs|Multi-drug_resistance|Multi-drug_ABC_efflux_pumps|EATAV|RequiresSNPConfirmation,12.0
MEG_2964|Drugs|Sulfonamides|Sulfonamide-resistant_dihydropteroate_synthases|FOLP|RequiresSNPConfirmation,46.0
MEG_415|Multi-compound|Drug_and_biocide_resistance|Drug_and_biocide_RND_efflux_regulator|ACRS,13495.0
MEG_3756|Multi-compound|Drug_and_biocide_resistance|Drug_and_biocide_SMR_efflux_pumps|MDTI,4345.0
MEG_3514|Multi-compound|Drug_and_biocide_resistance|Drug_and_biocide_SMR_efflux_pumps|KPNE,153.0
MEG_6499|Metals|Multi-metal_resistance|Multi-metal_RND_efflux_pumps|SILA,615.0
MEG_64|Drugs|Aminoglycosides|Aminoglycoside_N-acetyltransferases|AAC3,187.0
MEG_4174|Metals|Nickel_resistance|Nickel_ABC_efflux_pumps|NIKE,2523.0
MEG_2730|Multi-compound|Drug_and_biocide_resistance|Drug_and_biocide_MFS_efflux_pumps|EMRD,7163.0
MEG_6048|Metals|Multi-metal_resistance|Multi-metal_resistance_protein|RCNA,9836.0
MEG_7313|Drugs|Elfamycins|EF-Tu_inhibition|TUFAB|RequiresSNPConfirmation,20.0
MEG_2870|Multi-compound|Drug_and_biocide_resistance|Drug_and_biocide_MFS_efflux_regulator|EVGS,56902.0
MEG_4171|Metals|Nickel_resistance|Nickel_ABC_efflux_pumps|NIKD,8799.0
MEG_5819|Drugs|Fosfomycin|Fosfomycin_target_mutation|PTSL|RequiresSNPConfirmation,0.0
MEG_4072|Drugs|MLS|MLS_resistance_ABC_efflux_pumps|MSRC,303.0
MEG_2122|Multi-compound|Drug_and_biocide_resistance|Drug_and_biocide_RND_efflux_regulator|CPXAR,7104.0
MEG_3288|Biocides|Peroxide_resistance|Peroxide_resistance_stress_protein|IBPB,3058.0
MEG_1695|Drugs|betalactams|Class_A_betalactamases|CFX,51.0
MEG_2609|Drugs|betalactams|Class_C_betalactamases|DHA,40.0
MEG_7015|Drugs|Tetracyclines|Tetracycline_resistance_MFS_efflux_pumps|TETA,9.0
MEG_1732|Drugs|Lipopeptides|Daptomycin-resistant_mutant|CLS|RequiresSNPConfirmation,0.0
MEG_5416|Metals|Copper_resistance|Copper_resistance_protein|PCOA,140.0
MEG_1693|Drugs|betalactams|Class_A_betalactamases|CFX,36.0
MEG_2893|Metals|Multi-metal_resistance|Multi-metal_ABC_efflux_pumps|FECD,7682.0
MEG_1118|Drugs|Multi-drug_resistance|MDR_regulator|ARLS,100.0
MEG_2987|Drugs|Fosfomycin|Fosfomycin_thiol_transferases|FOSA,36.0
MEG_3763|Multi-compound|Drug_and_biocide_resistance|Drug_and_biocide_RND_efflux_pumps|MDTN,15831.0
MEG_4164|Metals|Sodium_resistance|Sodium_resistance_protein|NHAB,10917.0
MEG_6610|Drugs|Sulfonamides|Sulfonamide-resistant_dihydropteroate_synthases|SULI,10.0
MEG_410|Multi-compound|Drug_and_biocide_resistance|Drug_and_biocide_RND_efflux_pumps|ACRF,22016.0
MEG_1192|Multi-compound|Drug_and_biocide_and_metal_resistance|Drug_and_biocide_and_metal_RND_efflux_regulator|BAER,8866.0
MEG_3080|Biocides|Acid_resistance|Acid_resistance_regulator|GADE,11531.0
MEG_2522|Drugs|Trimethoprim|Dihydrofolate_reductase|DFRA,28.0
MEG_2875|Biocides|Phenolic_compound_resistance|Phenolic_resistance_protein|FABI,10128.0
MEG_3516|Multi-compound|Drug_and_biocide_resistance|Drug_and_biocide_SMR_efflux_pumps|KPNO,4979.0
MEG_2083|Metals|Copper_resistance|Copper_resistance_regulator|COPZ,39.0
MEG_6044|Drugs|Multi-drug_resistance|Multi-drug_RND_efflux_regulator|RAMA,3.0
MEG_1246|Drugs|betalactams|Class_A_betalactamases|BLAA,34.0
MEG_4009|Metals|Multi-metal_resistance|Multi-metal_ABC_efflux_pumps|MODC,4048.0
MEG_2586|Drugs|betalactams|Class_C_betalactamases|DHA,57.0
MEG_2118|Multi-compound|Drug_and_biocide_resistance|Drug_and_biocide_RND_efflux_regulator|CPXAR,2231.0
MEG_3842|Metals|Mercury_resistance|Mercury_resistance_protein|MERA,217.0
MEG_2456|Metals|Copper_resistance|Copper_resistance_protein|CUTC,5986.0
MEG_5373|Drugs|Aminocoumarins|Aminocoumarin-resistant_DNA_topoisomerases|PARE|RequiresSNPConfirmation,1877.0
MEG_401|Multi-compound|Drug_and_biocide_resistance|Drug_and_biocide_RND_efflux_pumps|ACRB,39956.0
MEG_3644|Drugs|MLS|MLS_resistance_ABC_efflux_pumps|LSA,193.0
MEG_2725|Multi-compound|Drug_and_biocide_resistance|Drug_and_biocide_MFS_efflux_pumps|EMRB,8855.0
MEG_2525|Drugs|Trimethoprim|Dihydrofolate_reductase|DFRA,39.0
MEG_3747|Multi-compound|Drug_and_biocide_and_metal_resistance|Drug_and_biocide_and_metal_RND_efflux_pumps|MDTB,36101.0
