gene_accession,inoc_S2,inoc_S1,inoc_S3
MEG_2873|Biocides|Phenolic_compound_resistance|Triclosan-resistant_mutation|FABG|RequiresSNPConfirmation,0.0,0.0,0.0
MEG_2450|Metals|Multi-metal_resistance|Multi-metal_RND_efflux_pumps|CUSC,0.0,0.0,15.0
MEG_2690|Metals|Multi-metal_resistance|Multi-metal_resistance_protein|DSBB,0.0,17.0,23.0
MEG_1054|Drugs|Aminoglycosides|Aminoglycoside_O-phosphotransferases|APH3-DPRIME,53.0,72.0,48.0
MEG_4671|Drugs|betalactams|Class_D_betalactamases|OXA,114.0,149.0,134.0
MEG_4033|Drugs|MLS|Macrolide_phosphotransferases|MPHB,21.0,16.0,18.0
MEG_3857|Metals|Mercury_resistance|Mercury_resistance_protein|MERC,124.0,183.0,145.0
MEG_2045|Metals|Copper_resistance|Copper_resistance_protein|COPC,149.0,148.0,146.0
MEG_3891|Metals|Mercury_resistance|Mercury_resistance_protein|MERT,136.0,157.0,131.0
MEG_1182|Biocides|Acid_resistance|Acid_resistance_protein|ASR,0.0,9.0,10.0
MEG_7866|Multi-compound|Biocide_and_metal_resistance|Biocide_and_metal_resistance_protein|ZUPT,16.0,28.0,35.0
MEG_2805|Drugs|MLS|23S_rRNA_methyltransferases|ERMB,77.0,83.0,83.0
MEG_1004|Drugs|Aminoglycosides|Aminoglycoside_O-nucleotidyltransferases|ANT9,31.0,35.0,47.0
MEG_1164|Metals|Multi-metal_resistance|Multi-metal_resistance_protein|ARSCM,46.0,67.0,59.0
MEG_1091|Drugs|Aminoglycosides|Aminoglycoside_O-phosphotransferases|APH6,79.0,83.0,61.0
MEG_5786|Multi-compound|Drug_and_biocide_resistance|Drug_and_biocide_SMR_efflux_regulator|PHOR,121.0,160.0,107.0
MEG_4283|Drugs|betalactams|Mutant_porin_proteins|OMP37,71.0,122.0,140.0
MEG_3934|Multi-compound|Drug_and_biocide_resistance|Drug_and_biocide_RND_efflux_regulator|MEXT,361.0,410.0,383.0
MEG_7223|Drugs|Tetracyclines|Tetracycline_resistance_ribosomal_protection_proteins|TETW,47.0,56.0,77.0
MEG_6652|Metals|Copper_resistance|Copper_resistance_protein|TCRB,961.0,1107.0,1082.0
MEG_6057|Drugs|MLS|23S_rRNA_methyltransferases|RLMA,0.0,0.0,16.0
MEG_2454|Metals|Copper_resistance|Copper_resistance_protein|CUTA,43.0,40.0,39.0
MEG_1162|Metals|Multi-metal_resistance|Multi-metal_resistance_protein|ARSCM,109.0,106.0,71.0
MEG_7867|Metals|Zinc_resistance|Zinc_resistance_regulator|ZUR,30.0,48.0,42.0
MEG_3187|Drugs|Fluoroquinolones|Fluoroquinolone-resistant_DNA_topoisomerases|GYRA|RequiresSNPConfirmation,0.0,2.0,0.0
MEG_8148|Drugs|Fluoroquinolones|Fluoroquinolone-resistant_DNA_topoisomerases|GYRA|RequiresSNPConfirmation,0.0,897.0,0.0
MEG_2751|Drugs|MLS|Macrolide_esterases|EREA,19.0,23.0,21.0
MEG_6591|Drugs|Sulfonamides|Sulfonamide-resistant_dihydropteroate_synthases|SULI,30.0,39.0,0.0
MEG_1107|Biocides|Multi-biocide_resistance|Multi-biocide_resistance_regulator|ARIR,24.0,27.0,11.0
MEG_3894|Metals|Mercury_resistance|Mercury_resistance_protein|MERT,25.0,53.0,41.0
MEG_3752|Multi-compound|Drug_and_biocide_resistance|Drug_and_biocide_RND_efflux_pumps|MDTF,214.0,229.0,223.0
MEG_7820|Biocides|Acid_resistance|Acid_resistance_protein|YDEP,82.0,115.0,99.0
MEG_3606|Drugs|MLS|Lincosamide_nucleotidyltransferases|LNUA,60.0,58.0,47.0
MEG_1209|Multi-compound|Drug_and_biocide_resistance|Drug_and_biocide_MFS_efflux_pumps|BCR,39.0,0.0,0.0
MEG_8392|Drugs|betalactams|Class_D_betalactamases|OXA,0.0,0.0,10.0
MEG_3984|Drugs|MLS|Macrolide-resistant_23S_rRNA_mutation|MLS23S|RequiresSNPConfirmation,1.0,0.0,0.0
MEG_2955|Drugs|Sulfonamides|Sulfonamide-resistant_dihydropteroate_synthases|FOLP|RequiresSNPConfirmation,0.0,0.0,0.0
MEG_8719|Drugs|Tetracyclines|Tetracycline_inactivation_enzymes|TETX,0.0,34.0,0.0
MEG_3863|Metals|Mercury_resistance|Mercury_resistance_regulator|MERD,93.0,105.0,94.0
MEG_3082|Multi-compound|Drug_and_biocide_resistance|Drug_and_biocide_RND_efflux_regulator|GADW,0.0,16.0,0.0
MEG_3294|Multi-compound|Biocide_and_metal_resistance|Biocide_and_metal_resistance_protein|IDER,103.0,0.0,0.0
MEG_1166|Metals|Multi-metal_resistance|Multi-metal_resistance_protein|ARSDM,82.0,79.0,75.0
MEG_6505|Metals|Multi-metal_resistance|Multi-metal_RND_efflux_pumps|SILF,14.0,30.0,24.0
MEG_4672|Drugs|betalactams|Class_D_betalactamases|OXA,42.0,46.0,49.0
MEG_7842|Multi-compound|Drug_and_biocide_resistance|Drug_and_biocide_ABC_efflux_pumps|YOGI,153.0,210.0,145.0
MEG_5381|Drugs|Aminocoumarins|Aminocoumarin-resistant_DNA_topoisomerases|PARE|RequiresSNPConfirmation,0.0,0.0,0.0
MEG_1633|Drugs|Phenicol|Chloramphenicol_acetyltransferases|CATS,38.0,69.0,34.0
MEG_7224|Drugs|Tetracyclines|Tetracycline_resistance_ribosomal_protection_proteins|TETW,0.0,29.0,50.0
MEG_4012|Metals|Multi-metal_resistance|Multi-metal_ABC_efflux_pumps|MODC,63.0,90.0,52.0
MEG_7857|Metals|Zinc_resistance|Zinc_resistance_protein|ZNUB,8.0,5.0,0.0
MEG_6145|Drugs|Aminoglycosides|Aminoglycoside-resistant_16S_ribosomal_subunit_protein|RRSA|RequiresSNPConfirmation,4.0,4.0,4.0
MEG_6109|Drugs|Rifampin|Rifampin-resistant_beta-subunit_of_RNA_polymerase_RpoB|RPOB|RequiresSNPConfirmation,0.0,0.0,0.0
MEG_7212|Drugs|Tetracyclines|Tetracycline_resistance_ribosomal_protection_proteins|TETW,0.0,45.0,28.0
MEG_7981|Drugs|betalactams|Class_A_betalactamases|BKC,38.0,0.0,0.0
MEG_3746|Multi-compound|Drug_and_biocide_and_metal_resistance|Drug_and_biocide_and_metal_RND_efflux_pumps|MDTA,91.0,80.0,118.0
MEG_7161|Drugs|Tetracyclines|Tetracycline_resistance_ribosomal_protection_proteins|TETO,82.0,92.0,95.0
MEG_987|Drugs|Aminoglycosides|Aminoglycoside_O-nucleotidyltransferases|ANT6,0.0,0.0,48.0
MEG_3136|Drugs|betalactams|Class_A_betalactamases|GIL,0.0,35.0,0.0
MEG_5848|Multi-compound|Drug_and_biocide_resistance|Drug_and_biocide_SMR_efflux_pumps|QACH,6.0,0.0,0.0
MEG_7883|Multi-compound|Drug_and_biocide_resistance|Drug_and_biocide_RND_efflux_pumps|ACRB|RequiresSNPConfirmation,370.0,332.0,381.0
MEG_1652|Biocides|Biguanide_resistance|Biguanide_cation_efflux|CEPAB,123.0,169.0,157.0
MEG_395|Drugs|betalactams|Class_A_betalactamases|ACI,0.0,0.0,31.0
MEG_6053|Metals|Multi-metal_resistance|Multi-metal_resistance_protein|RECGM,780.0,935.0,829.0
MEG_7183|Drugs|Tetracyclines|Tetracycline_resistance_ribosomal_protection_proteins|TETQ,664.0,900.0,713.0
MEG_1644|Multi-compound|Drug_and_biocide_resistance|Drug_and_biocide_RND_efflux_pumps|CEOB,0.0,0.0,563.0
MEG_2440|Metals|Copper_resistance|Copper_resistance_protein|CUEO,145.0,245.0,185.0
MEG_4162|Metals|Sodium_resistance|Sodium_resistance_protein|NHAA,45.0,66.0,69.0
MEG_2072|Metals|Copper_resistance|Copper_resistance_regulator|COPR,0.0,6.0,0.0
MEG_5850|Multi-compound|Drug_and_biocide_resistance|Drug_and_biocide_SMR_efflux_pumps|QACK,20.0,16.0,0.0
MEG_7853|Metals|Multi-metal_resistance|Multi-metal_resistance_protein|ZNTA,249.0,374.0,297.0
MEG_6135|Drugs|Rifampin|Rifampin-resistant_beta-subunit_of_RNA_polymerase_RpoB|RPOB|RequiresSNPConfirmation,0.0,0.0,0.0
MEG_5801|Drugs|Cationic_antimicrobial_peptides|Lipid_A_modification|PMRF,60.0,57.0,71.0
MEG_949|Drugs|Aminoglycosides|Aminoglycoside_O-nucleotidyltransferases|ANT3-DPRIME,35.0,0.0,0.0
MEG_7856|Metals|Zinc_resistance|Zinc_resistance_protein|ZNUA,81.0,118.0,82.0
MEG_1690|Drugs|betalactams|Class_A_betalactamases|CFX,11.0,22.0,22.0
MEG_7181|Drugs|Tetracyclines|Tetracycline_resistance_ribosomal_protection_proteins|TETQ,101.0,135.0,120.0
MEG_7854|Metals|Zinc_resistance|Zinc_resistance_regulator|ZNTR,0.0,40.0,39.0
MEG_6037|Drugs|Fluoroquinolones|Quinolone_resistance_protein_Qnr|QNRVC,0.0,14.0,0.0
MEG_8087|Biocides|Aldehyde_resistance|Aldehyde_degradation|FORMA,98.0,0.0,0.0
MEG_7314|Drugs|Elfamycins|EF-Tu_inhibition|TUFAB|RequiresSNPConfirmation,234.0,205.0,220.0
MEG_7070|Drugs|Tetracyclines|Tetracycline_resistance_MFS_efflux_pumps|TETD,0.0,15.0,0.0
MEG_11|Drugs|Aminoglycosides|Aminoglycoside-resistant_16S_ribosomal_subunit_protein|A16S|RequiresSNPConfirmation,0.0,0.0,0.0
MEG_8378|Drugs|betalactams|Class_D_betalactamases|OXA,0.0,27.0,0.0
MEG_7112|Drugs|Tetracyclines|Tetracycline_resistance_ribosomal_protection_proteins|TETM,0.0,42.0,0.0
MEG_1096|Drugs|Aminoglycosides|Aminoglycoside_O-phosphotransferases|APH6,67.0,72.0,58.0
MEG_6035|Drugs|Fluoroquinolones|Quinolone_resistance_protein_Qnr|QNRVC,0.0,8.0,11.0
MEG_2900|Multi-compound|Biocide_and_metal_resistance|Biocide_and_metal_ABC_efflux_pumps|FETB,40.0,40.0,59.0
MEG_7115|Drugs|Tetracyclines|Tetracycline_resistance_ribosomal_protection_proteins|TETM,0.0,39.0,0.0
MEG_7058|Drugs|Tetracyclines|Tetracycline_resistance_MFS_efflux_pumps|TETC,85.0,102.0,97.0
MEG_5044|Drugs|betalactams|Class_D_betalactamases|OXA,422.0,459.0,447.0
MEG_7227|Drugs|Tetracyclines|Tetracycline_resistance_ribosomal_protection_proteins|TETW,92.0,160.0,136.0
MEG_6580|Drugs|Sulfonamides|Sulfonamide-resistant_dihydropteroate_synthases|SULI,8.0,12.0,0.0
MEG_4010|Metals|Multi-metal_resistance|Multi-metal_ABC_efflux_pumps|MODC,38.0,80.0,74.0
MEG_5814|Metals|Arsenic_resistance|Arsenic_resistance_protein|PSTB,570.0,693.0,657.0
MEG_1173|Metals|Arsenic_resistance|Arsenic_resistance_regulator|ARSR,22.0,21.0,23.0
MEG_7165|Drugs|Tetracyclines|Tetracycline_resistance_ribosomal_protection_proteins|TETO,79.0,107.0,82.0
MEG_5977|Drugs|Fluoroquinolones|Quinolone_resistance_protein_Qnr|QNRB,0.0,13.0,0.0
MEG_4204|Biocides|Paraquat_resistance|Paraquat_resistance_protein|NMPC,0.0,29.0,0.0
MEG_3839|Metals|Mercury_resistance|Mercury_resistance_protein|MERA,22.0,22.0,34.0
MEG_8151|Drugs|Fluoroquinolones|Fluoroquinolone-resistant_DNA_topoisomerases|GYRB|RequiresSNPConfirmation,724.0,810.0,785.0
MEG_8232|Drugs|Multi-drug_resistance|Multi-drug_ABC_efflux_pumps|LPTD,179.0,269.0,250.0
MEG_4986|Drugs|betalactams|Class_D_betalactamases|OXA,0.0,35.0,0.0
MEG_5332|Drugs|Fluoroquinolones|Fluoroquinolone-resistant_DNA_topoisomerases|PARC|RequiresSNPConfirmation,4.0,5.0,4.0
MEG_7865|Multi-compound|Biocide_and_metal_resistance|Biocide_and_metal_resistance_protein|ZUPT,39.0,28.0,38.0
MEG_3226|Drugs|Fluoroquinolones|Fluoroquinolone-resistant_DNA_topoisomerases|GYRA|RequiresSNPConfirmation,13.0,19.0,18.0
MEG_5269|Drugs|betalactams|Class_D_betalactamases|OXA,153.0,175.0,130.0
MEG_707|Drugs|betalactams|Class_A_betalactamases|AER,53.0,49.0,65.0
MEG_2964|Drugs|Sulfonamides|Sulfonamide-resistant_dihydropteroate_synthases|FOLP|RequiresSNPConfirmation,37.0,38.0,39.0
MEG_2378|Drugs|betalactams|Class_A_betalactamases|CTX,430.0,416.0,442.0
MEG_7868|Metals|Zinc_resistance|Zinc_resistance_regulator|ZUR,13.0,26.0,18.0
MEG_6614|Drugs|Sulfonamides|Sulfonamide-resistant_dihydropteroate_synthases|SULI,22.0,0.0,0.0
MEG_1609|Drugs|Phenicol|Chloramphenicol_acetyltransferases|CATB|RequiresSNPConfirmation,0.0,7.0,0.0
MEG_813|Drugs|Aminoglycosides|Aminoglycoside_O-nucleotidyltransferases|ANT3-DPRIME,0.0,20.0,0.0
MEG_5209|Drugs|betalactams|Class_D_betalactamases|OXA,0.0,0.0,15.0
MEG_3805|Drugs|MLS|MLS_resistance_MFS_efflux_pumps|MEFA,0.0,0.0,45.0
MEG_3993|Drugs|MLS|Macrolide-resistant_23S_rRNA_mutation|MLS23S|RequiresSNPConfirmation,2.0,0.0,1.0
MEG_2456|Metals|Copper_resistance|Copper_resistance_protein|CUTC,0.0,39.0,28.0
MEG_7811|Metals|Iron_resistance|Iron_resistance_protein|YBTP,105.0,131.0,130.0
MEG_7152|Drugs|Tetracyclines|Tetracycline_resistance_ribosomal_protection_proteins|TETO,0.0,92.0,46.0
MEG_7976|Drugs|Lipopeptides|Colistin_phosphoethanolamine_transferase|ARNT,205.0,219.0,196.0
MEG_3228|Drugs|Fluoroquinolones|Fluoroquinolone-resistant_DNA_topoisomerases|GYRA|RequiresSNPConfirmation,0.0,0.0,0.0
MEG_3817|Drugs|MLS|MLS_resistance_MFS_efflux_pumps|MEFA,62.0,68.0,58.0
MEG_1231|Metals|Copper_resistance|Copper_resistance_regulator|BHSA,0.0,18.0,8.0
MEG_2065|Metals|Copper_resistance|Copper_resistance_protein|COPM,0.0,23.0,0.0
MEG_2058|Metals|Copper_resistance|Copper_resistance_protein|COPG,18.0,34.0,0.0
MEG_3271|Drugs|Multi-drug_resistance|Multi-drug_RND_efflux_pumps|HNS,48.0,102.0,76.0
MEG_3873|Metals|Mercury_resistance|Mercury_resistance_protein|MERP,146.0,187.0,146.0
MEG_4677|Drugs|betalactams|Class_D_betalactamases|OXA,52.0,57.0,72.0
MEG_4169|Metals|Nickel_resistance|Nickel_ABC_efflux_pumps|NIKB,46.0,64.0,36.0
MEG_6024|Drugs|Fluoroquinolones|Quinolone_resistance_protein_Qnr|QNRS,0.0,12.0,25.0
MEG_3078|Biocides|Acid_resistance|Acid_resistance_protein|GADB,29.0,41.0,0.0
MEG_4791|Drugs|betalactams|Class_D_betalactamases|OXA,0.0,11.0,0.0
MEG_3880|Metals|Mercury_resistance|Mercury_resistance_regulator|MERR,46.0,54.0,72.0
MEG_3982|Drugs|MLS|Macrolide-resistant_23S_rRNA_mutation|MLS23S|RequiresSNPConfirmation,0.0,2.0,2.0
MEG_2836|Drugs|MLS|23S_rRNA_methyltransferases|ERMG,35.0,0.0,0.0
MEG_6506|Metals|Multi-metal_resistance|Multi-metal_RND_efflux_pumps|SILP,119.0,110.0,116.0
MEG_2443|Metals|Copper_resistance|Copper_resistance_regulator|CUER,37.0,61.0,58.0
MEG_1053|Drugs|Aminoglycosides|Aminoglycoside_O-phosphotransferases|APH3-DPRIME,83.0,88.0,77.0
MEG_3648|Drugs|Multi-drug_resistance|Multi-drug_ABC_efflux_pumps|LSAE,118.0,161.0,125.0
MEG_2085|Metals|Multi-metal_resistance|Multi-metal_resistance_protein|CORA,64.0,54.0,36.0
MEG_2452|Metals|Multi-metal_resistance|Multi-metal_RND_efflux_regulator|CUSR,73.0,84.0,78.0
MEG_730|Drugs|betalactams|Penicillin_binding_protein|AMPH,136.0,147.0,95.0
MEG_3620|Drugs|MLS|Lincosamide_nucleotidyltransferases|LNUG,62.0,85.0,55.0
MEG_7263|Biocides|Multi-biocide_resistance|Multi-biocide_RND_efflux_pump|TOLC,48.0,74.0,59.0
MEG_6051|Drugs|betalactams|Class_A_betalactamases|RCP,131.0,129.0,133.0
MEG_2954|Drugs|Sulfonamides|Sulfonamide-resistant_dihydropteroate_synthases|FOLP|RequiresSNPConfirmation,0.0,0.0,14.0
MEG_5261|Drugs|betalactams|Class_D_betalactamases|OXA,530.0,608.0,637.0
MEG_3079|Biocides|Acid_resistance|Acid_resistance_protein|GADC,47.0,45.0,57.0
MEG_7157|Drugs|Tetracyclines|Tetracycline_resistance_ribosomal_protection_proteins|TETO,0.0,76.0,71.0
MEG_1153|Metals|Multi-metal_resistance|Multi-metal_resistance_protein|ARSBM,109.0,210.0,115.0
MEG_5843|Multi-compound|Drug_and_biocide_resistance|Drug_and_biocide_SMR_efflux_pumps|QACG,0.0,8.0,3.0
MEG_6995|Drugs|Tetracyclines|Tetracycline_resistance_MFS_efflux_pumps|TET42,0.0,0.0,136.0
MEG_1534|Drugs|betalactams|Class_A_betalactamases|CARB,0.0,0.0,11.0
MEG_7328|Drugs|Cationic_antimicrobial_peptides|Lipid_A_modification|UGD,120.0,115.0,106.0
MEG_7186|Drugs|Tetracyclines|Tetracycline_transcriptional_repressor|TETR|RequiresSNPConfirmation,144.0,132.0,130.0
MEG_7067|Drugs|Tetracyclines|Tetracycline_resistance_MFS_efflux_pumps|TETC,89.0,86.0,77.0
MEG_3884|Metals|Mercury_resistance|Mercury_resistance_regulator|MERR,0.0,46.0,0.0
MEG_6093|Drugs|Rifampin|Rifampin-resistant_beta-subunit_of_RNA_polymerase_RpoB|RPOB|RequiresSNPConfirmation,1462.0,1574.0,1397.0
MEG_8255|Drugs|betalactams|Class_C_betalactamases|MOX,0.0,50.0,0.0
MEG_7221|Drugs|Tetracyclines|Tetracycline_resistance_ribosomal_protection_proteins|TETW,85.0,90.0,90.0
MEG_1148|Metals|Multi-metal_resistance|Multi-metal_resistance_protein|ARSBM,88.0,167.0,0.0
MEG_1086|Drugs|Aminoglycosides|Aminoglycoside_O-phosphotransferases|APH6,105.0,133.0,89.0
MEG_2050|Metals|Copper_resistance|Copper_resistance_protein|COPC,33.0,0.0,24.0
MEG_1161|Metals|Multi-metal_resistance|Multi-metal_resistance_protein|ARSCM,19.0,19.0,20.0
MEG_6134|Drugs|Rifampin|Rifampin-resistant_beta-subunit_of_RNA_polymerase_RpoB|RPOB|RequiresSNPConfirmation,1.0,1.0,0.0
MEG_4747|Drugs|betalactams|Class_D_betalactamases|OXA,22.0,30.0,15.0
MEG_7304|Drugs|Elfamycins|EF-Tu_inhibition|TUFAB|RequiresSNPConfirmation,0.0,0.0,0.0
MEG_6143|Drugs|Tetracyclines|Tetracycline_resistance_ribosomal_protection_proteins|RPSJ|RequiresSNPConfirmation,0.0,0.0,0.0
MEG_1019|Drugs|Aminoglycosides|Aminoglycoside_O-phosphotransferases|APH3-DPRIME,137.0,201.0,156.0
MEG_2084|Metals|Multi-metal_resistance|Multi-metal_resistance_protein|CORA,101.0,109.0,103.0
MEG_6586|Drugs|Sulfonamides|Sulfonamide-resistant_dihydropteroate_synthases|SULI,0.0,0.0,13.0
MEG_8700|Multi-compount|Biocide_and_metal_resistance|Biocide_and_metal_ABC_efflux_pumps|SITABCD,144.0,209.0,152.0
MEG_4867|Drugs|betalactams|Class_D_betalactamases|OXA,17.0,0.0,15.0
MEG_2455|Metals|Copper_resistance|Copper_resistance_protein|CUTC,0.0,14.0,0.0
MEG_4058|Metals|Multi-metal_resistance|Multi-metal_resistance_protein|MRDH,0.0,66.0,35.0
MEG_3193|Drugs|Fluoroquinolones|Fluoroquinolone-resistant_DNA_topoisomerases|GYRA|RequiresSNPConfirmation,0.0,0.0,0.0
MEG_6105|Drugs|Rifampin|Rifampin-resistant_beta-subunit_of_RNA_polymerase_RpoB|RPOB|RequiresSNPConfirmation,0.0,0.0,0.0
MEG_1143|Metals|Multi-metal_resistance|Multi-metal_resistance_protein|ARSA,248.0,329.0,260.0
MEG_406|Multi-compound|Drug_and_biocide_and_metal_resistance|Drug_and_biocide_and_metal_RND_efflux_pumps|ACRD,119.0,168.0,145.0
MEG_1555|Drugs|Phenicol|Chloramphenicol_acetyltransferases|CAT,0.0,47.0,0.0
MEG_2447|Metals|Multi-metal_resistance|Multi-metal_RND_efflux_pumps|CUSB,84.0,117.0,88.0
MEG_3512|Multi-compound|Drug_and_biocide_resistance|Drug_and_biocide_MFS_efflux_pumps|KPN,182.0,175.0,168.0
MEG_3081|Multi-compound|Drug_and_biocide_resistance|Drug_and_biocide_RND_efflux_regulator|GADW,23.0,32.0,41.0
MEG_1210|Multi-compound|Drug_and_biocide_resistance|Drug_and_biocide_MFS_efflux_pumps|BCR,75.0,64.0,51.0
MEG_6099|Drugs|Rifampin|Rifampin-resistant_beta-subunit_of_RNA_polymerase_RpoB|RPOB|RequiresSNPConfirmation,0.0,0.0,0.0
MEG_4045|Drugs|MLS|Macrolide_phosphotransferases|MPHG,379.0,373.0,398.0
MEG_2834|Drugs|MLS|23S_rRNA_methyltransferases|ERMG,22.0,56.0,25.0
MEG_728|Drugs|betalactams|Class_C_betalactamases|AMPC,0.0,17.0,0.0
MEG_801|Drugs|Aminoglycosides|Aminoglycoside_O-nucleotidyltransferases|ANT3-DPRIME,7.0,0.0,0.0
MEG_6990|Drugs|Tetracyclines|Tetracycline_resistance_MFS_efflux_pumps|TET39,1294.0,1335.0,1389.0
MEG_3912|Multi-compound|Drug_and_biocide_resistance|Drug_and_biocide_RND_efflux_pumps|MEXF,706.0,715.0,681.0
MEG_4163|Metals|Sodium_resistance|Sodium_resistance_protein|NHAB,48.0,69.0,66.0
MEG_7146|Drugs|Tetracyclines|Tetracycline_resistance_ribosomal_protection_proteins|TETM,53.0,72.0,62.0
MEG_7862|Metals|Zinc_resistance|Zinc_resistance_regulator|ZRAR,160.0,184.0,222.0
MEG_1783|Drugs|Phenicol|Phenicol_resistance_MFS_efflux_pumps|CMX,28.0,28.0,26.0
MEG_915|Drugs|Aminoglycosides|Aminoglycoside_O-nucleotidyltransferases|ANT3-DPRIME,0.0,33.0,30.0
MEG_3445|Drugs|Mycobacterium_tuberculosis-specific_Drug|Isoniazid-resistant_mutant|KASA|RequiresSNPConfirmation,4.0,4.0,4.0
MEG_7317|Drugs|Elfamycins|EF-Tu_inhibition|TUFAB|RequiresSNPConfirmation,194.0,261.0,203.0
MEG_1144|Metals|Multi-metal_resistance|Multi-metal_resistance_protein|ARSA,99.0,116.0,142.0
MEG_2653|Metals|Copper_resistance|Copper_resistance_protein|DNAK,797.0,841.0,799.0
MEG_2806|Drugs|MLS|23S_rRNA_methyltransferases|ERMB,31.0,46.0,28.0
MEG_6082|Multi-compound|Drug_and_biocide_and_metal_resistance|Drug_and_biocide_and_metal_RND_efflux_pumps|ROBA,69.0,71.0,78.0
MEG_401|Multi-compound|Drug_and_biocide_resistance|Drug_and_biocide_RND_efflux_pumps|ACRB,521.0,646.0,622.0
MEG_1003|Drugs|Aminoglycosides|Aminoglycoside_O-nucleotidyltransferases|ANT9,41.0,53.0,55.0
MEG_3847|Metals|Mercury_resistance|Mercury_resistance_protein|MERB,11.0,22.0,0.0
MEG_3761|Multi-compound|Drug_and_biocide_resistance|Drug_and_biocide_MFS_efflux_pumps|MDTM,36.0,38.0,46.0
MEG_2448|Metals|Multi-metal_resistance|Multi-metal_RND_efflux_pumps|CUSC,29.0,43.0,0.0
MEG_7864|Metals|Multi-metal_resistance|Multi-metal_resistance_regulator|ZRAS,48.0,82.0,65.0
MEG_5838|Multi-compound|Drug_and_biocide_resistance|Drug_and_biocide_SMR_efflux_pumps|QACF,16.0,0.0,7.0
MEG_8253|Drugs|MLS|Macrolide-resistant_23S_rRNA_mutation|MLS23S|RequiresSNPConfirmation,3317.0,3727.0,3395.0
MEG_6130|Drugs|Rifampin|Rifampin-resistant_beta-subunit_of_RNA_polymerase_RpoB|RPOB|RequiresSNPConfirmation,0.0,0.0,0.0
MEG_6096|Drugs|Rifampin|Rifampin-resistant_beta-subunit_of_RNA_polymerase_RpoB|RPOB|RequiresSNPConfirmation,2251.0,2419.0,2288.0
MEG_2696|Drugs|betalactams|Class_B_betalactamases|EBR,28.0,45.0,43.0
MEG_2465|Metals|Multi-metal_resistance|Multi-metal_RND_efflux_regulator|CZCC,563.0,633.0,552.0
MEG_6958|Metals|Tellurium_resistance|Tellurium_resistance_protein|TERD,20.0,26.0,0.0
MEG_1579|Drugs|Phenicol|Chloramphenicol_acetyltransferases|CATA,33.0,53.0,32.0
MEG_3837|Metals|Mercury_resistance|Mercury_resistance_protein|MERA,690.0,747.0,719.0
MEG_7225|Drugs|Tetracyclines|Tetracycline_resistance_ribosomal_protection_proteins|TETW,43.0,57.0,48.0
MEG_8659|Drugs|Multi-drug_resistance|Multi-drug_RND_efflux_regulator|RAMR|RequiresSNPConfirmation,0.0,17.0,0.0
MEG_1625|Drugs|Phenicol|Chloramphenicol_acetyltransferases|CATB|RequiresSNPConfirmation,0.0,0.0,25.0
MEG_2098|Drugs|betalactams|Class_B_betalactamases|CPHA,0.0,20.0,0.0
MEG_2578|Drugs|Trimethoprim|Dihydrofolate_reductase|DFRF,76.0,152.0,128.0
MEG_3231|Drugs|Fluoroquinolones|Fluoroquinolone-resistant_DNA_topoisomerases|GYRA|RequiresSNPConfirmation,0.0,0.0,0.0
MEG_3192|Drugs|Fluoroquinolones|Fluoroquinolone-resistant_DNA_topoisomerases|GYRA|RequiresSNPConfirmation,0.0,1.0,0.0
MEG_5363|Drugs|Fluoroquinolones|Fluoroquinolone-resistant_DNA_topoisomerases|PARC|RequiresSNPConfirmation,4.0,0.0,0.0
MEG_7029|Drugs|Tetracyclines|Tetracycline_resistance_MFS_efflux_pumps|TETA,0.0,28.0,0.0
MEG_5837|Multi-compound|Drug_and_biocide_resistance|Drug_and_biocide_SMR_efflux_pumps|QACF,4.0,0.0,0.0
MEG_6609|Drugs|Sulfonamides|Sulfonamide-resistant_dihydropteroate_synthases|SULI,0.0,17.0,0.0
MEG_5361|Drugs|Fluoroquinolones|Fluoroquinolone-resistant_DNA_topoisomerases|PARC|RequiresSNPConfirmation,0.0,0.0,0.0
MEG_400|Multi-compound|Drug_and_biocide_resistance|Drug_and_biocide_RND_efflux_pumps|ACRA,71.0,72.0,94.0
MEG_6970|Drugs|Tetracyclines|Tetracycline_resistance_ribosomal_protection_proteins|TET32,151.0,175.0,141.0
MEG_1057|Drugs|Aminoglycosides|Aminoglycoside_O-phosphotransferases|APH3-DPRIME,34.0,53.0,41.0
MEG_7182|Drugs|Tetracyclines|Tetracycline_resistance_ribosomal_protection_proteins|TETQ,0.0,189.0,125.0
MEG_2691|Metals|Multi-metal_resistance|Multi-metal_resistance_protein|DSBC,26.0,30.0,19.0
MEG_7267|Biocides|Multi-biocide_resistance|Multi-biocide_RND_efflux_pump|TOLC,49.0,63.0,32.0
MEG_2088|Metals|Multi-metal_resistance|Multi-metal_resistance_protein|CORB,82.0,83.0,90.0
MEG_411|Multi-compound|Drug_and_biocide_resistance|Drug_and_biocide_RND_efflux_regulator|ACRR|RequiresSNPConfirmation,0.0,0.0,0.0
MEG_7154|Drugs|Tetracyclines|Tetracycline_resistance_ribosomal_protection_proteins|TETO,47.0,84.0,68.0
MEG_8254|Drugs|MLS|Macrolide-resistant_23S_rRNA_mutation|MLS23S|RequiresSNPConfirmation,3446.0,3998.0,3751.0
MEG_8686|Multi-compound|Drug_and_biocide_resistance|Drug_and_biocide_RND_efflux_pumps|RSMA,29.0,31.0,26.0
MEG_2789|Drugs|MLS|23S_rRNA_methyltransferases|ERMB,50.0,57.0,49.0
MEG_1180|Drugs|Multi-drug_resistance|Multi-drug_RND_efflux_regulator|ASMA,52.0,130.0,108.0
MEG_1632|Drugs|Phenicol|Chloramphenicol_acetyltransferases|CATP|RequiresSNPConfirmation,16.0,0.0,0.0
MEG_7836|Multi-compound|Biocide_and_metal_resistance|Biocide_and_metal_resistance_protein|YJAA,12.0,0.0,0.0
MEG_6543|Biocides|Peroxide_resistance|peroxide_resistance_protein|SODA,7.0,11.0,12.0
MEG_407|Multi-compound|Drug_and_biocide_and_metal_resistance|Drug_and_biocide_and_metal_RND_efflux_pumps|ACRD,170.0,183.0,168.0
MEG_2453|Metals|Multi-metal_resistance|Multi-metal_RND_efflux_regulator|CUSS,104.0,157.0,103.0
MEG_5382|Drugs|Aminocoumarins|Aminocoumarin-resistant_DNA_topoisomerases|PARE|RequiresSNPConfirmation,0.0,0.0,0.0
MEG_6097|Drugs|Rifampin|Rifampin-resistant_beta-subunit_of_RNA_polymerase_RpoB|RPOB|RequiresSNPConfirmation,0.0,0.0,0.0
MEG_2730|Multi-compound|Drug_and_biocide_resistance|Drug_and_biocide_MFS_efflux_pumps|EMRD,92.0,107.0,91.0
MEG_6994|Drugs|Tetracyclines|Tetracycline_resistance_ribosomal_protection_proteins|TET40,42.0,71.0,49.0
MEG_1058|Drugs|Aminoglycosides|Aminoglycoside_O-phosphotransferases|APH3-DPRIME,26.0,42.0,23.0
MEG_4203|Biocides|Paraquat_resistance|Paraquat_resistance_protein|NMPC,48.0,62.0,0.0
MEG_396|Metals|Iron_resistance|Iron_resistance_protein|ACN,2042.0,2260.0,2130.0
MEG_4886|Drugs|betalactams|Class_D_betalactamases|OXA,15.0,0.0,26.0
MEG_3183|Drugs|Fluoroquinolones|Fluoroquinolone-resistant_DNA_topoisomerases|GYRA|RequiresSNPConfirmation,0.0,0.0,0.0
MEG_1165|Metals|Arsenic_resistance|Arsenic_resistance_protein|ARSD,0.0,0.0,36.0
MEG_4940|Drugs|betalactams|Class_D_betalactamases|OXA,35.0,34.0,39.0
MEG_2801|Drugs|MLS|23S_rRNA_methyltransferases|ERMB,348.0,364.0,356.0
MEG_1179|Drugs|Multi-drug_resistance|Multi-drug_RND_efflux_regulator|ASMA,150.0,174.0,153.0
MEG_932|Drugs|Aminoglycosides|Aminoglycoside_O-nucleotidyltransferases|ANT3-DPRIME,21.0,0.0,24.0
MEG_3751|Multi-compound|Drug_and_biocide_resistance|Drug_and_biocide_RND_efflux_pumps|MDTE,46.0,61.0,67.0
MEG_2458|Metals|Copper_resistance|Copper_resistance_protein|CUTF,33.0,64.0,43.0
MEG_757|Drugs|Aminoglycosides|Aminoglycoside_O-nucleotidyltransferases|ANT2-DPRIME,10.0,0.0,0.0
MEG_6021|Drugs|Fluoroquinolones|Quinolone_resistance_protein_Qnr|QNRS,31.0,42.0,51.0
MEG_2|Drugs|Aminoglycosides|Aminoglycoside-resistant_16S_ribosomal_subunit_protein|A16S|RequiresSNPConfirmation,6.0,0.0,0.0
MEG_5333|Drugs|Fluoroquinolones|Fluoroquinolone-resistant_DNA_topoisomerases|PARC|RequiresSNPConfirmation,1.0,0.0,0.0
MEG_7305|Drugs|Elfamycins|EF-Tu_inhibition|TUFAB|RequiresSNPConfirmation,7.0,6.0,4.0
MEG_6551|Multi-compound|Drug_and_biocide_and_metal_resistance|Drug_and_biocide_and_metal_resistance_regulator|SOXS,13.0,33.0,32.0
MEG_3757|Multi-compound|Drug_and_biocide_resistance|Drug_and_biocide_SMR_efflux_pumps|MDTJ,34.0,32.0,16.0
MEG_7|Drugs|Aminoglycosides|Aminoglycoside-resistant_16S_ribosomal_subunit_protein|A16S|RequiresSNPConfirmation,0.0,0.0,0.0
MEG_4120|Metals|Nickel_resistance|Nickel_MFS_efflux_pumps|NCRAN,87.0,85.0,95.0
MEG_3253|Biocides|Acid_resistance|Acid_resistance_protein|HDEA,15.0,32.0,21.0
MEG_3870|Metals|Mercury_resistance|Mercury_resistance_protein|MERF,122.0,153.0,186.0
MEG_4170|Metals|Nickel_resistance|Nickel_ABC_efflux_pumps|NIKC,123.0,153.0,166.0
MEG_3597|Drugs|Multi-drug_resistance|Multi-drug_ABC_efflux_pumps|LMRD,248.0,371.0,370.0
MEG_7306|Drugs|Elfamycins|EF-Tu_inhibition|TUFAB|RequiresSNPConfirmation,0.0,2.0,2.0
MEG_3716|Drugs|Lipopeptides|Colistin_phosphoethanolamine_transferase|MCR,18.0,0.0,0.0
MEG_7035|Drugs|Tetracyclines|Tetracycline_resistance_ABC_efflux_pumps|TETA46,55.0,0.0,0.0
MEG_3822|Drugs|MLS|MLS_resistance_MFS_efflux_pumps|MEFA,0.0,32.0,47.0
MEG_4720|Drugs|betalactams|Class_D_betalactamases|OXA,453.0,478.0,454.0
MEG_7834|Multi-compound|Biocide_and_metal_resistance|Biocide_and_metal_resistance_protein|YHCN,12.0,0.0,8.0
MEG_826|Drugs|Aminoglycosides|Aminoglycoside_O-nucleotidyltransferases|ANT3-DPRIME,20.0,20.0,0.0
MEG_7485|Drugs|Glycopeptides|VanO-type_regulator|VANRO,69.0,74.0,90.0
MEG_410|Multi-compound|Drug_and_biocide_resistance|Drug_and_biocide_RND_efflux_pumps|ACRF,121.0,170.0,116.0
MEG_6962|Metals|Tellurium_resistance|Tellurium_resistance_protein|TERZ,31.0,32.0,33.0
MEG_5259|Drugs|betalactams|Class_D_betalactamases|OXA,338.0,303.0,265.0
MEG_8080|Drugs|Lipopeptides|Colistin_phosphoethanolamine_transferase|EPTB,184.0,209.0,254.0
MEG_4000|Metals|Multi-metal_resistance|Multi-metal_resistance_protein|MNTR,41.0,52.0,43.0
MEG_7217|Drugs|Tetracyclines|Tetracycline_resistance_ribosomal_protection_proteins|TETW,0.0,0.0,27.0
MEG_8|Drugs|Aminoglycosides|Aminoglycoside-resistant_16S_ribosomal_subunit_protein|A16S|RequiresSNPConfirmation,1.0,0.0,0.0
MEG_4013|Drugs|betalactams|Class_C_betalactamases|MOX,0.0,0.0,32.0
MEG_836|Drugs|Aminoglycosides|Aminoglycoside_O-nucleotidyltransferases|ANT3-DPRIME,40.0,16.0,30.0
MEG_5334|Drugs|Fluoroquinolones|Fluoroquinolone-resistant_DNA_topoisomerases|PARC|RequiresSNPConfirmation,0.0,0.0,1.0
MEG_3622|Biocides|Acetate_resistance|Acetate_resistance_protein|LPDT,217.0,208.0,196.0
MEG_2089|Metals|Multi-metal_resistance|Multi-metal_resistance_protein|CORC,34.0,61.0,0.0
MEG_3992|Drugs|MLS|Macrolide-resistant_23S_rRNA_mutation|MLS23S|RequiresSNPConfirmation,5.0,4.0,7.0
MEG_2830|Drugs|MLS|23S_rRNA_methyltransferases|ERMF,0.0,28.0,0.0
MEG_8674|Drugs|Rifampin|Rifampin-resistant_beta-subunit_of_RNA_polymerase_RpoB|RPOB,1430.0,1774.0,1581.0
MEG_2754|Drugs|MLS|Macrolide_esterases|ERED,415.0,496.0,505.0
MEG_1193|Multi-compound|Drug_and_biocide_and_metal_resistance|Drug_and_biocide_and_metal_RND_efflux_regulator|BAES,65.0,95.0,64.0
MEG_6510|Metals|Multi-metal_resistance|Multi-metal_RND_efflux_regulator|SILS,65.0,83.0,95.0
MEG_3641|Drugs|MLS|MLS_resistance_ABC_efflux_pumps|LSA,299.0,375.0,381.0
MEG_6988|Drugs|Tetracyclines|Tetracycline_resistance_MFS_efflux_pumps|TET39,211.0,289.0,298.0
MEG_7153|Drugs|Tetracyclines|Tetracycline_resistance_ribosomal_protection_proteins|TETO,0.0,55.0,59.0
MEG_6125|Drugs|Rifampin|Rifampin-resistant_beta-subunit_of_RNA_polymerase_RpoB|RPOB|RequiresSNPConfirmation,0.0,0.0,0.0
MEG_2897|Metals|Multi-metal_resistance|Multi-metal_ABC_efflux_pumps|FECE,67.0,0.0,0.0
MEG_5150|Drugs|betalactams|Class_D_betalactamases|OXA,119.0,99.0,111.0
MEG_7164|Drugs|Tetracyclines|Tetracycline_resistance_ribosomal_protection_proteins|TETO,65.0,112.0,91.0
MEG_8238|Drugs|Lipopeptides|Colistin_phosphoethanolamine_transferase|MCR,0.0,49.0,24.0
MEG_3288|Biocides|Peroxide_resistance|Peroxide_resistance_stress_protein|IBPB,17.0,31.0,21.0
MEG_7288|Multi-compound|Drug_and_biocide_resistance|Drug_and_biocide_RND_efflux_pumps|TTGB,311.0,332.0,0.0
MEG_8741|Multi-compound|Drug_and_biocide_resistance|Drug_and_biocide_RND_efflux_regulator|YAJC,36.0,0.0,46.0
MEG_7974|Drugs|betalactams|Class_C_betalactamase_regulator|AMPCR|RequiresSNPConfirmation,4.0,12.0,6.0
MEG_7315|Drugs|Elfamycins|EF-Tu_inhibition|TUFAB|RequiresSNPConfirmation,12.0,16.0,11.0
MEG_2912|Drugs|Phenicol|Phenicol_resistance_MFS_efflux_pumps|FLOR,119.0,108.0,109.0
MEG_1|Drugs|Aminoglycosides|Aminoglycoside-resistant_16S_ribosomal_subunit_protein|A16S|RequiresSNPConfirmation,0.0,0.0,3.0
MEG_7307|Drugs|Elfamycins|EF-Tu_inhibition|TUFAB|RequiresSNPConfirmation,2812.0,3300.0,2932.0
MEG_2863|Drugs|betalactams|Class_B_betalactamases|ESP,0.0,0.0,40.0
MEG_4|Drugs|Aminoglycosides|Aminoglycoside-resistant_16S_ribosomal_subunit_protein|A16S|RequiresSNPConfirmation,2.0,0.0,1.0
MEG_7162|Drugs|Tetracyclines|Tetracycline_resistance_ribosomal_protection_proteins|TETO,88.0,110.0,105.0
MEG_333|Drugs|Aminoglycosides|Aminoglycoside_N-acetyltransferases|AAC6-PRIME,0.0,48.0,46.0
MEG_8675|Drugs|Rifampin|Rifampin-resistant_beta-subunit_of_RNA_polymerase_RpoB|RPOCR|RequiresSNPConfirmation,3833.0,4421.0,4100.0
MEG_1692|Drugs|betalactams|Class_A_betalactamases|CFX,21.0,28.0,22.0
MEG_5064|Drugs|betalactams|Class_D_betalactamases|OXA,0.0,12.0,0.0
MEG_1705|Metals|Chromium_resistance|Chromium_resistance_protein|CHRA,89.0,105.0,108.0
MEG_4006|Metals|Multi-metal_resistance|Multi-metal_ABC_efflux_pumps|MODB,0.0,13.0,38.0
MEG_5400|Drugs|betalactams|Penicillin_binding_protein|PBP2,224.0,294.0,242.0
MEG_2093|Metals|Multi-metal_resistance|Multi-metal_resistance_protein|CORD,21.0,39.0,30.0
MEG_4290|Drugs|betalactams|Mutant_porin_proteins|OMPR,290.0,255.0,259.0
MEG_5815|Metals|Arsenic_resistance|Arsenic_resistance_protein|PSTC,343.0,383.0,350.0
MEG_1553|Drugs|Phenicol|Chloramphenicol_acetyltransferases|CAT,0.0,0.0,12.0
MEG_4177|Metals|Nickel_resistance|Nickel_ABC_efflux_regulator|NIKR,49.0,54.0,59.0
MEG_7016|Drugs|Tetracyclines|Tetracycline_resistance_MFS_efflux_pumps|TETA,63.0,64.0,46.0
MEG_7019|Drugs|Tetracyclines|Tetracycline_resistance_MFS_efflux_pumps|TETA,33.0,0.0,31.0
MEG_3083|Multi-compound|Drug_and_biocide_resistance|Drug_and_biocide_RND_efflux_regulator|GADX,68.0,63.0,66.0
MEG_6612|Drugs|Sulfonamides|Sulfonamide-resistant_dihydropteroate_synthases|SULI,0.0,15.0,0.0
MEG_2998|Drugs|Fosfomycin|Fosfomycin_thiol_transferases|FOSA,0.0,23.0,15.0
MEG_3627|Drugs|Lipopeptides|Colistin-resistant_mutant|LPXC|RequiresSNPConfirmation,7.0,0.0,3.0
MEG_7226|Drugs|Tetracyclines|Tetracycline_resistance_ribosomal_protection_proteins|TETW,33.0,35.0,0.0
MEG_4073|Drugs|MLS|MLS_resistance_ABC_efflux_pumps|MSRD,377.0,456.0,416.0
MEG_6166|Drugs|Nucleosides|Streptothricin_acetyltransferase|SAT,0.0,0.0,18.0
MEG_5374|Drugs|Aminocoumarins|Aminocoumarin-resistant_DNA_topoisomerases|PARE|RequiresSNPConfirmation,0.0,0.0,0.0
MEG_2090|Metals|Multi-metal_resistance|Multi-metal_resistance_protein|CORC,49.0,64.0,78.0
MEG_402|Multi-compound|Drug_and_biocide_resistance|Drug_and_biocide_RND_efflux_pumps|ACRB,120.0,96.0,133.0
MEG_3291|Biocides|Acetate_resistance|Acetate_resistance_protein|ICLR,36.0,45.0,42.0
MEG_8634|Drugs|Lipopeptides|Colistin-resistant_mutant|PMRAR|RequiresSNPConfirmation,57.0,87.0,61.0
MEG_8150|Drugs|Fluoroquinolones|Fluoroquinolone-resistant_DNA_topoisomerases|GYRB|RequiresSNPConfirmation,499.0,512.0,589.0
MEG_7303|Drugs|Elfamycins|EF-Tu_inhibition|TUFAB|RequiresSNPConfirmation,1294.0,1525.0,1443.0
MEG_4601|Drugs|betalactams|Class_D_betalactamases|OXA,0.0,27.0,34.0
MEG_3809|Drugs|MLS|MLS_resistance_MFS_efflux_pumps|MEFA,129.0,106.0,111.0
MEG_1490|Drugs|Cationic_antimicrobial_peptides|Cationic_peptide-resistant_16S_ribosomal_subunit_protein|CAP16S|RequiresSNPConfirmation,0.0,1.0,0.0
MEG_5852|Multi-compound|Drug_and_biocide_resistance|Drug_and_biocide_SMR_efflux_pumps|QACL,0.0,13.0,8.0
MEG_6121|Drugs|Rifampin|Rifampin-resistant_beta-subunit_of_RNA_polymerase_RpoB|RPOB|RequiresSNPConfirmation,0.0,0.0,0.0
MEG_1085|Drugs|Aminoglycosides|Aminoglycoside_O-phosphotransferases|APH6,68.0,81.0,73.0
MEG_3189|Drugs|Fluoroquinolones|Fluoroquinolone-resistant_DNA_topoisomerases|GYRA|RequiresSNPConfirmation,0.0,1.0,4.0
MEG_4095|Drugs|Fosfomycin|Fosfomycin_target_mutation|MURA|RequiresSNPConfirmation,0.0,0.0,0.0
MEG_1695|Drugs|betalactams|Class_A_betalactamases|CFX,248.0,282.0,215.0
MEG_4600|Drugs|betalactams|Class_D_betalactamases|OXA,40.0,35.0,21.0
MEG_6651|Metals|Copper_resistance|Copper_resistance_protein|TCRA,1083.0,1162.0,1116.0
MEG_2044|Metals|Copper_resistance|Copper_resistance_protein|COPC,49.0,62.0,42.0
MEG_5149|Drugs|betalactams|Class_D_betalactamases|OXA,166.0,197.0,194.0
MEG_965|Drugs|Aminoglycosides|Aminoglycoside_O-nucleotidyltransferases|ANT3-DPRIME,0.0,0.0,7.0
MEG_3806|Drugs|MLS|MLS_resistance_MFS_efflux_pumps|MEFA,0.0,48.0,0.0
MEG_4008|Metals|Multi-metal_resistance|Multi-metal_ABC_efflux_pumps|MODC,21.0,0.0,0.0
MEG_6047|Drugs|Rifampin|RNA-polymerase_binding_protein|RBPA,26.0,29.0,28.0
MEG_5829|Multi-compound|Drug_and_biocide_resistance|Drug_and_biocide_SMR_efflux_pumps|QACEDELTA1,26.0,19.0,33.0
MEG_4792|Drugs|betalactams|Class_D_betalactamases|OXA,107.0,118.0,131.0
MEG_818|Drugs|Aminoglycosides|Aminoglycoside_O-nucleotidyltransferases|ANT3-DPRIME,0.0,25.0,17.0
MEG_5321|Biocides|Multi-biocide_resistance|Multi-biocide_resistance_regulator|OXYRKP,235.0,222.0,257.0
MEG_2106|Drugs|betalactams|Class_B_betalactamases|CPHA,0.0,15.0,0.0
MEG_3840|Metals|Mercury_resistance|Mercury_resistance_protein|MERA,277.0,274.0,315.0
MEG_6613|Drugs|Sulfonamides|Sulfonamide-resistant_dihydropteroate_synthases|SULI,0.0,0.0,19.0
MEG_3749|Multi-compound|Drug_and_biocide_and_metal_resistance|Drug_and_biocide_and_metal_RND_efflux_pumps|MDTC,415.0,405.0,396.0
MEG_4515|Drugs|betalactams|Class_D_betalactamases|OXA,156.0,188.0,0.0
MEG_2721|Multi-compound|Drug_and_biocide_resistance|Drug_and_biocide_MFS_efflux_pumps|EMRA,63.0,77.0,52.0
MEG_3985|Drugs|MLS|Macrolide-resistant_23S_rRNA_mutation|MLS23S|RequiresSNPConfirmation,0.0,0.0,3.0
MEG_7014|Drugs|Tetracyclines|Tetracycline_resistance_MFS_efflux_pumps|TETA,80.0,97.0,65.0
MEG_6127|Drugs|Rifampin|Rifampin-resistant_beta-subunit_of_RNA_polymerase_RpoB|RPOB|RequiresSNPConfirmation,1870.0,1990.0,2088.0
MEG_3980|Drugs|MLS|Macrolide-resistant_23S_rRNA_mutation|MLS23S|RequiresSNPConfirmation,0.0,0.0,3.0
MEG_2835|Drugs|MLS|23S_rRNA_methyltransferases|ERMG,0.0,42.0,57.0
MEG_2802|Drugs|MLS|23S_rRNA_methyltransferases|ERMB,117.0,136.0,178.0
MEG_3990|Drugs|MLS|Macrolide-resistant_23S_rRNA_mutation|MLS23S|RequiresSNPConfirmation,0.0,0.0,0.0
MEG_5783|Multi-compound|Drug_and_biocide_resistance|Drug_and_biocide_ABC_efflux_regulator|PHOB|RequiresSNPConfirmation,0.0,0.0,0.0
MEG_3826|Drugs|MLS|MLS_resistance_MFS_efflux_pumps|MEFA,60.0,64.0,72.0
MEG_7289|Multi-compound|Drug_and_biocide_resistance|Drug_and_biocide_RND_efflux_pumps|TTGB,267.0,0.0,0.0
MEG_6509|Metals|Multi-metal_resistance|Multi-metal_RND_efflux_regulator|SILS,222.0,220.0,198.0
MEG_7166|Drugs|Tetracyclines|Tetracycline_resistance_ribosomal_protection_proteins|TETO,57.0,0.0,51.0
MEG_5839|Multi-compound|Drug_and_biocide_resistance|Drug_and_biocide_SMR_efflux_pumps|QACG,9.0,3.0,5.0
MEG_1688|Drugs|betalactams|Class_A_betalactamases|CFX,0.0,15.0,0.0
MEG_4044|Drugs|MLS|Macrolide_phosphotransferases|MPHE,2823.0,3112.0,3071.0
MEG_3754|Multi-compound|Drug_and_biocide_resistance|Drug_and_biocide_MFS_efflux_pumps|MDTG,41.0,26.0,0.0
MEG_3883|Metals|Mercury_resistance|Mercury_resistance_regulator|MERR,383.0,419.0,357.0
MEG_4868|Drugs|betalactams|Class_D_betalactamases|OXA,25.0,0.0,26.0
MEG_3889|Metals|Mercury_resistance|Mercury_resistance_regulator|MERR2,70.0,75.0,105.0
MEG_7319|Drugs|Elfamycins|EF-Tu_inhibition|TUFAB|RequiresSNPConfirmation,0.0,0.0,3.0
MEG_1691|Drugs|betalactams|Class_A_betalactamases|CFX,18.0,29.0,0.0
MEG_3824|Drugs|MLS|MLS_resistance_MFS_efflux_pumps|MEFA,168.0,171.0,162.0
MEG_7238|Drugs|Tetracyclines|Tetracycline_inactivation_enzymes|TETX,136.0,149.0,116.0
MEG_4965|Drugs|betalactams|Class_D_betalactamases|OXA,13.0,25.0,28.0
MEG_3747|Multi-compound|Drug_and_biocide_and_metal_resistance|Drug_and_biocide_and_metal_RND_efflux_pumps|MDTB,455.0,509.0,435.0
MEG_7059|Drugs|Tetracyclines|Tetracycline_resistance_MFS_efflux_pumps|TETC,177.0,102.0,143.0
MEG_7220|Drugs|Tetracyclines|Tetracycline_resistance_ribosomal_protection_proteins|TETW,106.0,140.0,123.0
MEG_7200|Drugs|Tetracyclines|Tetracycline_resistance_ribosomal_protection_proteins|TETS,0.0,0.0,61.0
MEG_7033|Drugs|Tetracyclines|Tetracycline_resistance_MFS_efflux_pumps|TETA,0.0,47.0,0.0
MEG_5828|Multi-compound|Drug_and_biocide_resistance|Drug_and_biocide_SMR_efflux_pumps|QACE,18.0,31.0,18.0
MEG_7215|Drugs|Tetracyclines|Tetracycline_resistance_ribosomal_protection_proteins|TETW,47.0,39.0,0.0
MEG_4009|Metals|Multi-metal_resistance|Multi-metal_ABC_efflux_pumps|MODC,35.0,0.0,41.0
MEG_2723|Multi-compound|Drug_and_biocide_resistance|Drug_and_biocide_MFS_efflux_pumps|EMRASM,218.0,0.0,176.0
MEG_4024|Drugs|betalactams|Class_C_betalactamases|MOX,357.0,374.0,380.0
MEG_6993|Drugs|Tetracyclines|Tetracycline_resistance_ribosomal_protection_proteins|TET40,64.0,76.0,70.0
MEG_4777|Drugs|betalactams|Class_D_betalactamases|OXA,0.0,0.0,19.0
MEG_2792|Drugs|MLS|23S_rRNA_methyltransferases|ERMB,22.0,28.0,0.0
MEG_934|Drugs|Aminoglycosides|Aminoglycoside_O-nucleotidyltransferases|ANT3-DPRIME,28.0,39.0,36.0
MEG_6653|Metals|Copper_resistance|Copper_resistance_protein|TCRY,186.0,180.0,204.0
MEG_3820|Drugs|MLS|MLS_resistance_MFS_efflux_pumps|MEFA,26.0,36.0,36.0
MEG_3936|Biocides|Multi-biocide_resistance|Multi-biocide_RND_efflux_pump|MEXW,559.0,601.0,643.0
MEG_6520|Biocides|Multi-biocide_resistance|Multi-biocide_ABC_efflux_pump|SMDB,0.0,385.0,0.0
MEG_3917|Multi-compound|Drug_and_biocide_resistance|Drug_and_biocide_RND_efflux_pumps|MEXK,687.0,789.0,794.0
MEG_4985|Drugs|betalactams|Class_D_betalactamases|OXA,176.0,209.0,257.0
MEG_3975|Drugs|MLS|Macrolide-resistant_23S_rRNA_mutation|MLS23S|RequiresSNPConfirmation,0.0,1.0,0.0
MEG_7055|Drugs|Tetracyclines|Tetracycline_resistance_MFS_efflux_pumps|TETBP,249.0,365.0,270.0
MEG_4674|Drugs|betalactams|Class_D_betalactamases|OXA,0.0,0.0,13.0
MEG_2791|Drugs|MLS|23S_rRNA_methyltransferases|ERMB,0.0,47.0,40.0
MEG_5418|Metals|Copper_resistance|Copper_resistance_protein|PCOB,148.0,220.0,159.0
MEG_5357|Drugs|Fluoroquinolones|Fluoroquinolone-resistant_DNA_topoisomerases|PARC|RequiresSNPConfirmation,0.0,0.0,1.0
MEG_7184|Drugs|Tetracyclines|Tetracycline_resistance_ribosomal_protection_proteins|TETQ,134.0,168.0,97.0
MEG_5409|Drugs|betalactams|Penicillin_binding_protein|PBP4B,0.0,56.0,54.0
MEG_2896|Metals|Multi-metal_resistance|Multi-metal_ABC_efflux_pumps|FECE,40.0,51.0,0.0
MEG_7231|Drugs|Tetracyclines|Tetracycline_resistance_ribosomal_protection_proteins|TETW,97.0,141.0,114.0
MEG_3758|Multi-compound|Drug_and_biocide_resistance|Drug_and_biocide_MATE_efflux_pumps|MDTK,34.0,42.0,37.0
MEG_3232|Drugs|Fluoroquinolones|Fluoroquinolone-resistant_DNA_topoisomerases|GYRA|RequiresSNPConfirmation,0.0,0.0,0.0
MEG_6146|Drugs|Aminoglycosides|Aminoglycoside-resistant_16S_ribosomal_subunit_protein|RRSC|RequiresSNPConfirmation,3.0,0.0,2.0
MEG_6956|Metals|Tellurium_resistance|Tellurium_resistance_protein|TERB,8.0,0.0,0.0
MEG_1016|Drugs|Aminoglycosides|Aminoglycoside_O-phosphotransferases|APH2-DPRIME,24.0,0.0,0.0
MEG_6540|Biocides|Peroxide_resistance|peroxide_resistance_protein|SODA,84.0,85.0,80.0
MEG_5394|Drugs|Fluoroquinolones|Fluoroquinolone-resistant_DNA_topoisomerases|PAREF|RequiresSNPConfirmation,0.0,0.0,0.0
MEG_2092|Metals|Multi-metal_resistance|Multi-metal_resistance_protein|CORD,11.0,20.0,11.0
MEG_7159|Drugs|Tetracyclines|Tetracycline_resistance_ribosomal_protection_proteins|TETO,98.0,122.0,110.0
MEG_7859|Metals|Zinc_resistance|Zinc_resistance_protein|ZNUC,50.0,38.0,38.0
MEG_4216|Drugs|betalactams|Class_D_betalactamases|NPS,12.0,18.0,22.0
MEG_6094|Drugs|Rifampin|Rifampin-resistant_beta-subunit_of_RNA_polymerase_RpoB|RPOB|RequiresSNPConfirmation,1.0,0.0,0.0
MEG_3764|Multi-compound|Drug_and_biocide_resistance|Drug_and_biocide_RND_efflux_pumps|MDTO,87.0,164.0,118.0
MEG_7066|Drugs|Tetracyclines|Tetracycline_resistance_MFS_efflux_pumps|TETC,58.0,37.0,43.0
MEG_7302|Drugs|Elfamycins|EF-Tu_inhibition|TUFAB|RequiresSNPConfirmation,0.0,1.0,0.0
MEG_3999|Metals|Multi-metal_resistance|Multi-metal_resistance_protein|MNTP,55.0,78.0,48.0
MEG_7219|Drugs|Tetracyclines|Tetracycline_resistance_ribosomal_protection_proteins|TETW,86.0,96.0,110.0
MEG_1000|Drugs|Aminoglycosides|Aminoglycoside_O-nucleotidyltransferases|ANT6,0.0,0.0,30.0
MEG_9|Drugs|Aminoglycosides|Aminoglycoside-resistant_16S_ribosomal_subunit_protein|A16S|RequiresSNPConfirmation,0.0,0.0,0.0
MEG_6963|Drugs|Tetracyclines|Tetracycline-resistant_16S_ribosomal_subunit_protein|TET16S|RequiresSNPConfirmation,208.0,249.0,212.0
MEG_2833|Drugs|MLS|23S_rRNA_methyltransferases|ERMF,36.0,64.0,49.0
MEG_3515|Multi-compound|Drug_and_biocide_resistance|Drug_and_biocide_SMR_efflux_pumps|KPNF,16.0,29.0,26.0
MEG_8249|Drugs|MLS|Macrolide-resistant_23S_rRNA_mutation|MLS23S|RequiresSNPConfirmation,13321.0,15437.0,14519.0
MEG_6147|Drugs|Aminoglycosides|Aminoglycoside-resistant_16S_ribosomal_subunit_protein|RRSH|RequiresSNPConfirmation,0.0,2.0,2.0
MEG_6964|Drugs|Tetracyclines|Tetracycline-resistant_16S_ribosomal_subunit_protein|TET16S|RequiresSNPConfirmation,0.0,0.0,0.0
MEG_7078|Drugs|Tetracyclines|Tetracycline_resistance_MFS_efflux_pumps|TETG,93.0,76.0,65.0
MEG_1176|Metals|Multi-metal_resistance|Multi-metal_resistance_protein|ARSRM,94.0,98.0,82.0
MEG_6552|Multi-compound|Drug_and_biocide_and_metal_resistance|Drug_and_biocide_and_metal_resistance_regulator|SOXS|RequiresSNPConfirmation,0.0,0.0,0.0
MEG_2087|Metals|Multi-metal_resistance|Multi-metal_resistance_protein|CORA,66.0,97.0,65.0
MEG_8262|Drugs|MLS|MLS_resistance_ABC_efflux_pumps|MSRL,0.0,393.0,0.0
MEG_5416|Metals|Copper_resistance|Copper_resistance_protein|PCOA,279.0,359.0,354.0
MEG_5830|Multi-compound|Drug_and_biocide_resistance|Drug_and_biocide_SMR_efflux_pumps|QACEDELTA1,20.0,18.0,18.0
MEG_3661|Multi-compound|Drug_and_biocide_resistance|Drug_and_biocide_RND_efflux_regulator|MARA,0.0,17.0,0.0
MEG_2794|Drugs|MLS|23S_rRNA_methyltransferases|ERMB,46.0,51.0,43.0
MEG_7180|Drugs|Tetracyclines|Tetracycline_resistance_ribosomal_protection_proteins|TETQ,55.0,64.0,58.0
MEG_2115|Multi-compound|Drug_and_biocide_resistance|Drug_and_biocide_RND_efflux_regulator|CPXAR,329.0,390.0,402.0
MEG_2119|Multi-compound|Drug_and_biocide_resistance|Drug_and_biocide_RND_efflux_regulator|CPXAR,49.0,87.0,86.0
MEG_7072|Drugs|Tetracyclines|Tetracycline_resistance_MFS_efflux_pumps|TETE,105.0,139.0,127.0
MEG_2569|Drugs|Trimethoprim|Dihydrofolate_reductase|DFRB,0.0,3.0,0.0
MEG_6129|Drugs|Rifampin|Rifampin-resistant_beta-subunit_of_RNA_polymerase_RpoB|RPOB|RequiresSNPConfirmation,3695.0,4110.0,3767.0
MEG_2893|Metals|Multi-metal_resistance|Multi-metal_ABC_efflux_pumps|FECD,39.0,47.0,50.0
MEG_5816|Metals|Arsenic_resistance|Arsenic_resistance_protein|PSTS,112.0,111.0,161.0
MEG_7178|Drugs|Tetracyclines|Tetracycline_resistance_ribosomal_protection_proteins|TETQ,104.0,127.0,104.0
MEG_5771|Metals|Multi-metal_resistance|Multi-metal_resistance_protein|PERO,0.0,428.0,0.0
MEG_2743|Drugs|MLS|Macrolide_esterases|EREA,0.0,0.0,12.0
MEG_2647|Drugs|Trimethoprim|Dihydrofolate_reductase|DHFRIII|RequiresSNPConfirmation,19.0,24.0,0.0
MEG_2091|Metals|Multi-metal_resistance|Multi-metal_resistance_protein|CORC,62.0,87.0,87.0
MEG_2430|Drugs|betalactams|Class_A_betalactamases|CTX,526.0,609.0,635.0
MEG_4075|Drugs|MLS|MLS_resistance_ABC_efflux_pumps|MSRE,7495.0,8287.0,8090.0
MEG_7316|Drugs|Elfamycins|EF-Tu_inhibition|TUFAB|RequiresSNPConfirmation,2.0,9.0,5.0
MEG_2788|Drugs|MLS|23S_rRNA_methyltransferases|ERMB,40.0,0.0,0.0
MEG_2692|Metals|Multi-metal_resistance|Multi-metal_resistance_protein|DSBC,34.0,38.0,25.0
MEG_1784|Drugs|Phenicol|Phenicol_resistance_MFS_efflux_pumps|CMX,31.0,32.0,30.0
MEG_4223|Drugs|Oxazolidinone|Oxazolidinone-resistant_23S_rRNA_mutation|O23S|RequiresSNPConfirmation,1.0,3.0,0.0
MEG_6|Drugs|Aminoglycosides|Aminoglycoside-resistant_16S_ribosomal_subunit_protein|A16S|RequiresSNPConfirmation,0.0,1.0,0.0
MEG_1545|Drugs|betalactams|Class_A_betalactamases|CARB,34.0,0.0,0.0
MEG_8252|Drugs|MLS|Macrolide-resistant_23S_rRNA_mutation|MLS23S|RequiresSNPConfirmation,5064.0,5804.0,5196.0
MEG_4173|Metals|Nickel_resistance|Nickel_ABC_efflux_pumps|NIKE,71.0,57.0,57.0
MEG_1084|Drugs|Aminoglycosides|Aminoglycoside_O-phosphotransferases|APH6,69.0,69.0,62.0
MEG_8445|Drugs|Fluoroquinolones|Fluoroquinolone-resistant_DNA_topoisomerases|PARC|RequiresSNPConfirmation,46.0,53.0,0.0
MEG_1488|Metals|Multi-metal_resistance|Multi-metal_resistance_regulator|CADX,62.0,102.0,82.0
MEG_1696|Drugs|betalactams|Class_A_betalactamases|CFX,25.0,0.0,26.0
MEG_6048|Metals|Multi-metal_resistance|Multi-metal_resistance_protein|RCNA,39.0,45.0,26.0
MEG_3244|Drugs|Aminocoumarins|Aminocoumarin-resistant_DNA_topoisomerases|GYRBA|RequiresSNPConfirmation,0.0,0.0,0.0
MEG_998|Drugs|Aminoglycosides|Aminoglycoside_O-nucleotidyltransferases|ANT6,118.0,124.0,163.0
MEG_1095|Drugs|Aminoglycosides|Aminoglycoside_O-phosphotransferases|APH6,75.0,70.0,65.0
MEG_4413|Drugs|betalactams|Class_D_betalactamases|OXA,0.0,58.0,61.0
MEG_6584|Drugs|Sulfonamides|Sulfonamide-resistant_dihydropteroate_synthases|SULI,0.0,10.0,0.0
MEG_2898|Multi-compound|Biocide_and_metal_resistance|Biocide_and_metal_ABC_efflux_pumps|FETA,39.0,54.0,35.0
MEG_8678|Drugs|Aminoglycosides|Aminoglycoside-resistant_16S_ribosomal_subunit_protein|RPSL|RequiresSNPConfirmation,387.0,517.0,480.0
MEG_3947|Metals|Multi-metal_resistance|Multi-metal_resistance_regulator|MGTA,123.0,140.0,115.0
MEG_4939|Drugs|betalactams|Class_D_betalactamases|OXA,14.0,0.0,0.0
MEG_4123|Metals|Nickel_resistance|Nickel_MFS_efflux_regulator|NCRBN,0.0,29.0,14.0
MEG_6616|Drugs|Sulfonamides|Sulfonamide-resistant_dihydropteroate_synthases|SULI,48.0,43.0,28.0
MEG_6577|Biocides|Multi-biocide_resistance|Multi-biocide_SMR_efflux_pump|SUGE,0.0,0.0,24.0
MEG_5325|Drugs|Fluoroquinolones|Fluoroquinolone-resistant_DNA_topoisomerases|PARC|RequiresSNPConfirmation,0.0,0.0,0.0
MEG_3842|Metals|Mercury_resistance|Mercury_resistance_protein|MERA,1297.0,1481.0,1475.0
MEG_939|Drugs|Aminoglycosides|Aminoglycoside_O-nucleotidyltransferases|ANT3-DPRIME,51.0,58.0,41.0
MEG_3076|Biocides|Acid_resistance|Acid_resistance_protein|GADA,65.0,94.0,73.0
MEG_2457|Metals|Copper_resistance|Copper_resistance_protein|CUTE,180.0,256.0,204.0
MEG_3724|Drugs|Lipopeptides|Colistin_phosphoethanolamine_transferase|MCR,0.0,21.0,0.0
MEG_3830|Drugs|MLS|MLS_resistance_MFS_efflux_pumps|MEFE,89.0,115.0,111.0
MEG_6583|Drugs|Sulfonamides|Sulfonamide-resistant_dihydropteroate_synthases|SULI,0.0,7.0,0.0
MEG_3460|Multi-compound|Drug_and_biocide_resistance|Drug_and_biocide_MFS_efflux_pumps|KMRA,150.0,182.0,189.0
MEG_2795|Drugs|MLS|23S_rRNA_methyltransferases|ERMB,58.0,41.0,40.0
MEG_3662|Multi-compound|Drug_and_biocide_resistance|Drug_and_biocide_RND_efflux_regulator|MARA,26.0,40.0,17.0
MEG_2803|Drugs|MLS|23S_rRNA_methyltransferases|ERMB,35.0,44.0,31.0
MEG_5388|Drugs|Aminocoumarins|Aminocoumarin-resistant_DNA_topoisomerases|PARE|RequiresSNPConfirmation,0.0,0.0,0.0
MEG_5855|Multi-compound|Drug_and_biocide_resistance|Drug_and_biocide_SMR_efflux_pumps|QACPB,17.0,14.0,12.0
MEG_3188|Drugs|Fluoroquinolones|Fluoroquinolone-resistant_DNA_topoisomerases|GYRA|RequiresSNPConfirmation,1045.0,1212.0,1141.0
MEG_4799|Drugs|betalactams|Class_D_betalactamases|OXA,37.0,28.0,21.0
MEG_7017|Drugs|Tetracyclines|Tetracycline_resistance_MFS_efflux_pumps|TETA,0.0,0.0,34.0
MEG_708|Drugs|betalactams|Class_A_betalactamases|AER,102.0,109.0,77.0
MEG_7813|Multi-compound|Biocide_and_metal_resistance|Biocide_and_metal_resistance_protein|YCHH,16.0,38.0,24.0
MEG_7250|Drugs|Mycobacterium_tuberculosis-specific_Drug|Para-aminosalicylic_acid_resistant_mutant|THYA|RequiresSNPConfirmation,0.0,0.0,0.0
MEG_6126|Drugs|Rifampin|Rifampin-resistant_beta-subunit_of_RNA_polymerase_RpoB|RPOB|RequiresSNPConfirmation,0.0,0.0,1.0
MEG_7150|Drugs|Tetracyclines|Tetracycline_resistance_ribosomal_protection_proteins|TETO,0.0,124.0,92.0
MEG_4128|Metals|Nickel_resistance|Nickel_MFS_efflux_regulator|NCRYN,26.0,44.0,29.0
MEG_5813|Metals|Arsenic_resistance|Arsenic_resistance_protein|PSTA,267.0,312.0,237.0
MEG_2870|Multi-compound|Drug_and_biocide_resistance|Drug_and_biocide_MFS_efflux_regulator|EVGS,68.0,134.0,111.0
MEG_2023|Metals|Copper_resistance|Copper_resistance_protein|COPA,95.0,116.0,118.0
MEG_816|Drugs|Aminoglycosides|Aminoglycoside_O-nucleotidyltransferases|ANT3-DPRIME,42.0,52.0,0.0
MEG_3201|Drugs|Fluoroquinolones|Fluoroquinolone-resistant_DNA_topoisomerases|GYRA|RequiresSNPConfirmation,0.0,0.0,0.0
MEG_4042|Drugs|MLS|Macrolide_phosphotransferases|MPHE,1887.0,2027.0,2022.0
MEG_5840|Multi-compound|Drug_and_biocide_resistance|Drug_and_biocide_SMR_efflux_pumps|QACG,11.0,8.0,8.0
MEG_8414|Drugs|betalactams|Class_D_betalactamases|OXA,0.0,42.0,30.0
MEG_2959|Drugs|Sulfonamides|Sulfonamide-resistant_dihydropteroate_synthases|FOLP|RequiresSNPConfirmation,0.0,0.0,0.0
MEG_6987|Drugs|Tetracyclines|Tetracycline_resistance_MFS_efflux_pumps|TET39,2074.0,2111.0,2134.0
MEG_7837|Biocides|Multi-biocide_resistance|Multi-biocide_resistance_protein|YJCG,475.0,598.0,526.0
MEG_8447|Drugs|Fluoroquinolones|Fluoroquinolone-resistant_DNA_topoisomerases|PARC|RequiresSNPConfirmation,45.0,71.0,31.0
MEG_1686|Drugs|betalactams|Class_A_betalactamases|CFX,156.0,238.0,169.0
MEG_3238|Drugs|Fluoroquinolones|Fluoroquinolone-resistant_DNA_topoisomerases|GYRB|RequiresSNPConfirmation,0.0,0.0,0.0
MEG_3887|Metals|Mercury_resistance|Mercury_resistance_regulator|MERR2,205.0,222.0,182.0
MEG_404|Multi-compound|Drug_and_biocide_and_metal_resistance|Drug_and_biocide_and_metal_RND_efflux_pumps|ACRD,250.0,361.0,0.0
MEG_2116|Multi-compound|Drug_and_biocide_resistance|Drug_and_biocide_RND_efflux_regulator|CPXAR,115.0,169.0,141.0
MEG_6500|Metals|Multi-metal_resistance|Multi-metal_RND_efflux_pumps|SILB,251.0,338.0,267.0
MEG_399|Multi-compound|Drug_and_biocide_resistance|Drug_and_biocide_RND_efflux_pumps|ACRA,90.0,105.0,100.0
MEG_6989|Drugs|Tetracyclines|Tetracycline_resistance_MFS_efflux_pumps|TET39,263.0,309.0,331.0
MEG_6575|Biocides|Multi-biocide_resistance|Multi-biocide_SMR_efflux_pump|SUGE,11.0,24.0,17.0
MEG_3141|Multi-compound|Biocide_and_metal_resistance|Biocide_and_metal_resistance_protein|GLPF,57.0,76.0,46.0
MEG_3862|Metals|Mercury_resistance|Mercury_resistance_regulator|MERD,143.0,131.0,133.0
MEG_7196|Drugs|Tetracyclines|Tetracycline_resistance_MFS_efflux_regulator|TETRM|RequiresSNPConfirmation,2.0,0.0,0.0
MEG_2736|Multi-compound|Drug_and_biocide_resistance|Drug_and_biocide_MFS_efflux_pumps|EMRY,0.0,66.0,41.0
MEG_1195|Multi-compound|Drug_and_biocide_and_metal_resistance|Drug_and_biocide_and_metal_RND_efflux_regulator|BAES,57.0,74.0,47.0
MEG_1240|Drugs|betalactams|Class_A_betalactamases|BLAA,221.0,302.0,209.0
MEG_7318|Drugs|Elfamycins|EF-Tu_inhibition|TUFAB|RequiresSNPConfirmation,145.0,144.0,160.0
MEG_3738|Multi-compound|Drug_and_biocide_resistance|Drug_and_biocide_MFS_efflux_pumps|MDFA,0.0,34.0,38.0
MEG_1554|Drugs|Phenicol|Chloramphenicol_acetyltransferases|CAT,0.0,19.0,10.0
MEG_6142|Drugs|Mycobacterium_tuberculosis-specific_Drug|Pyrazinamide-resistant_mutant|RPSA|RequiresSNPConfirmation,0.0,0.0,0.0
MEG_7062|Drugs|Tetracyclines|Tetracycline_resistance_MFS_efflux_pumps|TETC,78.0,97.0,91.0
MEG_4132|Drugs|Mycobacterium_tuberculosis-specific_Drug|Isoniazid-resistant_mutant|NDH|RequiresSNPConfirmation,0.0,0.0,1.0
MEG_3755|Multi-compound|Drug_and_biocide_resistance|Drug_and_biocide_MFS_efflux_pumps|MDTH,83.0,72.0,94.0
MEG_4171|Metals|Nickel_resistance|Nickel_ABC_efflux_pumps|NIKD,41.0,56.0,56.0
MEG_3827|Drugs|MLS|MLS_resistance_MFS_efflux_pumps|MEFB,84.0,87.0,87.0
MEG_7079|Drugs|Tetracyclines|Tetracycline_resistance_MFS_efflux_pumps|TETG,97.0,155.0,109.0
MEG_4748|Drugs|betalactams|Class_D_betalactamases|OXA,0.0,110.0,79.0
MEG_6546|Biocides|Peroxide_resistance|peroxide_resistance_protein|SODB,400.0,534.0,457.0
MEG_8651|Multi-compound|Drug_and_biocide_resistance|Drug_and_biocide_SMR_efflux_pumps|QACL,91.0,0.0,107.0
MEG_7301|Drugs|Elfamycins|EF-Tu_inhibition|TUFAB|RequiresSNPConfirmation,0.0,0.0,0.0
MEG_3219|Drugs|Fluoroquinolones|Fluoroquinolone-resistant_DNA_topoisomerases|GYRA|RequiresSNPConfirmation,0.0,1.0,0.0
MEG_4412|Drugs|betalactams|Class_D_betalactamases|OXA,91.0,71.0,80.0
MEG_6169|Drugs|Nucleosides|Streptothricin_acetyltransferase|SAT,0.0,11.0,0.0
MEG_6154|Metals|Multi-metal_resistance|Multi-metal_resistance_protein|RUVBM,245.0,222.0,0.0
MEG_2689|Metals|Multi-metal_resistance|Multi-metal_resistance_protein|DSBB,9.0,0.0,15.0
MEG_8290|Drugs|betalactams|Mutant_porin_proteins|OMPK36|RequiresSNPConfirmation,104.0,121.0,77.0
MEG_2875|Biocides|Phenolic_compound_resistance|Phenolic_resistance_protein|FABI,99.0,85.0,84.0
MEG_2799|Drugs|MLS|23S_rRNA_methyltransferases|ERMB,65.0,52.0,58.0
MEG_3825|Drugs|MLS|MLS_resistance_MFS_efflux_pumps|MEFA,31.0,46.0,49.0
MEG_2829|Drugs|MLS|23S_rRNA_methyltransferases|ERMF,26.0,75.0,65.0
MEG_1698|Drugs|betalactams|Class_A_betalactamases|CFX,0.0,39.0,33.0
MEG_8154|Drugs|Spiropyrimidinetriones|Zoliflodacin-resistant_DNA_topoisomerases|GYRBZ|RequiresSNPConfirmation,0.0,2204.0,0.0
MEG_4078|Drugs|Multi-drug_resistance|Multi-drug_RND_efflux_regulator|MTRAD,88.0,111.0,86.0
MEG_1687|Drugs|betalactams|Class_A_betalactamases|CFX,28.0,38.0,0.0
MEG_2121|Multi-compound|Drug_and_biocide_resistance|Drug_and_biocide_RND_efflux_regulator|CPXAR,128.0,149.0,104.0
MEG_2831|Drugs|MLS|23S_rRNA_methyltransferases|ERMF,25.0,59.0,26.0
MEG_6052|Metals|Chromium_resistance|Chromium_resistance_protein|RECG,107.0,135.0,145.0
MEG_4030|Drugs|MLS|Macrolide_phosphotransferases|MPHA,0.0,30.0,0.0
MEG_6499|Metals|Multi-metal_resistance|Multi-metal_RND_efflux_pumps|SILA,576.0,808.0,761.0
MEG_7312|Drugs|Elfamycins|EF-Tu_inhibition|TUFAB|RequiresSNPConfirmation,67.0,77.0,84.0
MEG_1190|Drugs|Bacitracin|Undecaprenyl_pyrophosphate_phosphatase|BACA,65.0,64.0,58.0
MEG_12|Drugs|Aminoglycosides|Aminoglycoside-resistant_16S_ribosomal_subunit_protein|A16S|RequiresSNPConfirmation,0.0,0.0,0.0
MEG_948|Drugs|Aminoglycosides|Aminoglycoside_O-nucleotidyltransferases|ANT3-DPRIME,212.0,249.0,251.0
MEG_6656|Multi-compound|Biocide_and_metal_resistance|Biocide_and_metal_resistance_protein|TEHB,37.0,59.0,55.0
MEG_3756|Multi-compound|Drug_and_biocide_resistance|Drug_and_biocide_SMR_efflux_pumps|MDTI,11.0,41.0,0.0
MEG_1287|Drugs|betalactams|Penicillin_binding_protein_regulator|BLAI,26.0,0.0,0.0
MEG_63|Drugs|Aminoglycosides|Aminoglycoside_N-acetyltransferases|AAC3,65.0,89.0,75.0
MEG_3860|Metals|Mercury_resistance|Mercury_resistance_regulator|MERD,48.0,59.0,80.0
MEG_5851|Multi-compound|Drug_and_biocide_resistance|Drug_and_biocide_SMR_efflux_pumps|QACL,6.0,9.0,11.0
MEG_6050|Metals|Multi-metal_resistance|Multi-metal_resistance_regulator|RCNR,0.0,16.0,9.0
MEG_4103|Multi-compound|Drug_and_biocide_resistance|Drug_and_biocide_SMR_efflux_pumps|MVRC,10.0,0.0,17.0
MEG_7057|Drugs|Tetracyclines|Tetracycline_resistance_MFS_efflux_pumps|TETC,59.0,82.0,48.0
MEG_2662|Multi-compound|Biocide_and_metal_resistance|Biocide_and_metal_resistance_protein|DPR,0.0,17.0,4.0
MEG_7243|Drugs|Tetracyclines|Tetracycline_inactivation_enzymes|TETX,84.0,64.0,64.0
MEG_6123|Drugs|Rifampin|Rifampin-resistant_beta-subunit_of_RNA_polymerase_RpoB|RPOB|RequiresSNPConfirmation,1.0,0.0,0.0
MEG_4750|Drugs|betalactams|Class_D_betalactamases|OXA,107.0,151.0,161.0
MEG_7230|Drugs|Tetracyclines|Tetracycline_resistance_ribosomal_protection_proteins|TETW,32.0,67.0,0.0
MEG_7858|Metals|Zinc_resistance|Zinc_resistance_protein|ZNUB,63.0,65.0,46.0
MEG_4126|Metals|Nickel_resistance|Nickel_MFS_efflux_pumps|NCRCN,84.0,88.0,77.0
MEG_1197|Drugs|Cationic_antimicrobial_peptides|Polymyxin_B_resistance_regulator|BASRS|RequiresSNPConfirmation,0.0,0.0,0.0
MEG_2122|Multi-compound|Drug_and_biocide_resistance|Drug_and_biocide_RND_efflux_regulator|CPXAR,18.0,33.0,29.0
MEG_7195|Drugs|Tetracyclines|Tetracycline_transcriptional_repressor|TETR|RequiresSNPConfirmation,2264.0,2365.0,2462.0
MEG_2804|Drugs|MLS|23S_rRNA_methyltransferases|ERMB,69.0,61.0,45.0
MEG_2724|Multi-compound|Drug_and_biocide_resistance|Drug_and_biocide_MFS_efflux_pumps|EMRB,72.0,79.0,107.0
MEG_7233|Drugs|Tetracyclines|Tetracycline_resistance_ribosomal_protection_proteins|TETW,99.0,109.0,131.0
MEG_2832|Drugs|MLS|23S_rRNA_methyltransferases|ERMF,0.0,23.0,0.0
MEG_6549|Biocides|Multi-biocide_resistance|Multi-biocide_resistance_regulator|SOXRB,25.0,29.0,31.0
MEG_5|Drugs|Aminoglycosides|Aminoglycoside-resistant_16S_ribosomal_subunit_protein|A16S|RequiresSNPConfirmation,27.0,37.0,36.0
MEG_8248|Multi-compound|Drug_and_biocide_resistance|Drug_and_biocide_RND_efflux_pumps|MEXD1,498.0,0.0,0.0
MEG_6550|Biocides|Multi-biocide_resistance|Multi-biocide_resistance_regulator|SOXRB,16.0,11.0,13.0
MEG_3994|Drugs|MLS|Macrolide-resistant_23S_rRNA_mutation|MLS23S|RequiresSNPConfirmation,2849.0,3254.0,3029.0
MEG_7056|Drugs|Tetracyclines|Tetracycline_resistance_MFS_efflux_pumps|TETC,78.0,59.0,74.0
MEG_7076|Drugs|Tetracyclines|Tetracycline_resistance_MFS_efflux_pumps|TETG,39.0,52.0,45.0
MEG_6045|Drugs|Multi-drug_resistance|Multi-drug_RND_efflux_regulator|RAMR|RequiresSNPConfirmation,0.0,0.0,0.0
MEG_7228|Drugs|Tetracyclines|Tetracycline_resistance_ribosomal_protection_proteins|TETW,0.0,21.0,0.0
MEG_3290|Biocides|Acetate_resistance|Acetate_resistance_protein|ICLR,27.0,37.0,41.0
MEG_7264|Biocides|Multi-biocide_resistance|Multi-biocide_RND_efflux_pump|TOLC,50.0,51.0,42.0
MEG_3516|Multi-compound|Drug_and_biocide_resistance|Drug_and_biocide_SMR_efflux_pumps|KPNO,82.0,89.0,79.0
MEG_2867|Biocides|Acid_resistance|Acid_resistance_regulator|EVGA,40.0,37.0,39.0
MEG_8650|Multi-compound|Drug_and_biocide_resistance|Drug_and_biocide_SMR_efflux_pumps|QACH,1167.0,1435.0,1338.0
MEG_3898|Metals|Mercury_resistance|Mercury_resistance_protein|MERT,58.0,84.0,57.0
MEG_4294|Drugs|Multi-drug_resistance|Multi-drug_RND_efflux_pumps|OPMH,0.0,244.0,0.0
MEG_5148|Drugs|betalactams|Class_D_betalactamases|OXA,510.0,628.0,620.0
MEG_2729|Multi-compound|Drug_and_biocide_resistance|Drug_and_biocide_MFS_efflux_pumps|EMRD,87.0,136.0,101.0
MEG_1151|Metals|Multi-metal_resistance|Multi-metal_resistance_protein|ARSBM,259.0,316.0,293.0
MEG_8442|Drugs|betalactams|Class_D_betalactamases|OXA,154.0,211.0,177.0
MEG_7313|Drugs|Elfamycins|EF-Tu_inhibition|TUFAB|RequiresSNPConfirmation,4.0,0.0,4.0
MEG_7158|Drugs|Tetracyclines|Tetracycline_resistance_ribosomal_protection_proteins|TETO,85.0,97.0,88.0
MEG_1636|Drugs|betalactams|Class_A_betalactamases|CBLA,48.0,65.0,59.0
MEG_7139|Drugs|Tetracyclines|Tetracycline_resistance_ribosomal_protection_proteins|TETM,0.0,47.0,28.0
MEG_3865|Metals|Mercury_resistance|Mercury_resistance_regulator|MERD,72.0,86.0,70.0
MEG_6992|Drugs|Tetracyclines|Tetracycline_resistance_ribosomal_protection_proteins|TET40,44.0,57.0,67.0
MEG_7818|Biocides|Peroxide_resistance|peroxide_resistance_protein|YDEI,16.0,12.0,8.0
MEG_3861|Metals|Mercury_resistance|Mercury_resistance_regulator|MERD,135.0,179.0,188.0
MEG_2720|Biocides|Multi-biocide_resistance|Multi-biocide_MATE_efflux_pump|EMMDR,81.0,77.0,94.0
MEG_6991|Drugs|Tetracyclines|Tetracycline_resistance_ribosomal_protection_proteins|TET40,54.0,92.0,60.0
MEG_2972|Drugs|Sulfonamides|Sulfonamide-resistant_dihydropteroate_synthases|FOLP|RequiresSNPConfirmation,0.0,0.0,0.0
MEG_8011|Drugs|betalactams|Class_A_betalactamases|CARB,0.0,20.0,18.0
MEG_5389|Drugs|Aminocoumarins|Aminocoumarin-resistant_DNA_topoisomerases|PARE|RequiresSNPConfirmation,1396.0,1542.0,0.0
MEG_2722|Multi-compound|Drug_and_biocide_resistance|Drug_and_biocide_MFS_efflux_pumps|EMRA,57.0,74.0,64.0
MEG_2019|Metals|Copper_resistance|Copper_resistance_protein|COPA,130.0,160.0,149.0
MEG_7835|Multi-compound|Biocide_and_metal_resistance|Biocide_and_metal_resistance_protein|YIEF,59.0,71.0,84.0
MEG_7841|Multi-compound|Biocide_and_metal_resistance|Biocide_and_metal_resistance_protein|YODB,15.0,21.0,30.0
MEG_8670|Drugs|Oxazolidinone|Oxazolidinone-resistant_23S_rRNA_mutation|RPLC|RequiresSNPConfirmation,0.0,0.0,64.0
MEG_6629|Drugs|Sulfonamides|Sulfonamide-resistant_dihydropteroate_synthases|SULII,0.0,0.0,10.0
MEG_5831|Multi-compound|Drug_and_biocide_resistance|Drug_and_biocide_SMR_efflux_pumps|QACEDELTA1,11.0,15.0,14.0
MEG_3514|Multi-compound|Drug_and_biocide_resistance|Drug_and_biocide_SMR_efflux_pumps|KPNE,27.0,69.0,47.0
MEG_6100|Drugs|Rifampin|Rifampin-resistant_beta-subunit_of_RNA_polymerase_RpoB|RPOB|RequiresSNPConfirmation,0.0,1.0,0.0
MEG_3978|Drugs|MLS|Macrolide-resistant_23S_rRNA_mutation|MLS23S|RequiresSNPConfirmation,3.0,0.0,1.0
MEG_8375|Drugs|betalactams|Class_D_betalactamases|OXA,58.0,86.0,71.0
MEG_1181|Biocides|Acid_resistance|Acid_resistance_protein|ASR,0.0,68.0,50.0
MEG_7833|Multi-compound|Biocide_and_metal_resistance|Biocide_and_metal_resistance_protein|YHCN,30.0,0.0,33.0
MEG_5425|Metals|Copper_resistance|Copper_resistance_regulator|PCOS,245.0,319.0,294.0
MEG_2733|Multi-compound|Drug_and_biocide_resistance|Drug_and_biocide_MFS_efflux_pumps|EMRK,33.0,30.0,34.0
MEG_3237|Drugs|Fluoroquinolones|Fluoroquinolone-resistant_DNA_topoisomerases|GYRA|RequiresSNPConfirmation,0.0,1.0,2.0
MEG_6503|Metals|Multi-metal_resistance|Multi-metal_RND_efflux_pumps|SILE,77.0,101.0,84.0
MEG_8144|Drugs|Fluoroquinolones|Fluoroquinolone-resistant_DNA_topoisomerases|GYRA|RequiresSNPConfirmation,49.0,60.0,0.0
MEG_3142|Multi-compound|Biocide_and_metal_resistance|Biocide_and_metal_resistance_protein|GLPF,36.0,59.0,55.0
MEG_3447|Multi-compound|Drug_and_biocide_resistance|Drug_and_biocide_MFS_efflux_pumps|KDEA,166.0,163.0,164.0
MEG_8677|Drugs|Aminoglycosides|Aminoglycoside-resistant_16S_ribosomal_subunit_protein|RPSL|RequiresSNPConfirmation,0.0,0.0,177.0
MEG_3295|Drugs|Mupirocin|Mupirocin-resistant_isoleucyl-tRNA_synthetase|ILES,1490.0,1791.0,1594.0
MEG_973|Drugs|Aminoglycosides|Aminoglycoside_O-nucleotidyltransferases|ANT3-DPRIME,0.0,10.0,0.0
MEG_4765|Drugs|betalactams|Class_D_betalactamases|OXA,0.0,14.0,0.0
MEG_3663|Multi-compound|Drug_and_biocide_resistance|Drug_and_biocide_RND_efflux_regulator|MARR,25.0,33.0,15.0
MEG_2688|Metals|Multi-metal_resistance|Multi-metal_resistance_protein|DSBA,0.0,24.0,0.0
MEG_988|Drugs|Aminoglycosides|Aminoglycoside_O-nucleotidyltransferases|ANT6,170.0,227.0,142.0
MEG_6084|Drugs|Multi-drug_resistance|Multi-drug_MFS_efflux_pumps|ROSB,48.0,0.0,0.0
MEG_3429|Drugs|Mycobacterium_tuberculosis-specific_Drug|Isoniazid-resistant_mutant|INHA|RequiresSNPConfirmation,0.0,0.0,0.0
MEG_2435|Drugs|betalactams|Class_A_betalactamases|CTX,446.0,655.0,605.0
MEG_5787|Metals|Multi-metal_resistance|Multi-metal_resistance_protein|PITA,216.0,250.0,270.0
MEG_4002|Metals|Multi-metal_resistance|Multi-metal_ABC_efflux_pumps|MODA,91.0,68.0,90.0
MEG_2807|Drugs|MLS|23S_rRNA_methyltransferases|ERMB,34.0,36.0,40.0
MEG_3762|Multi-compound|Drug_and_biocide_resistance|Drug_and_biocide_MFS_efflux_pumps|MDTM,0.0,29.0,0.0
MEG_3255|Biocides|Acid_resistance|Acid_resistance_protein|HDEB,16.0,15.0,19.0
MEG_2038|Metals|Copper_resistance|Copper_resistance_protein|COPB,31.0,71.0,46.0
MEG_4809|Drugs|betalactams|Class_D_betalactamases|OXA,137.0,175.0,121.0
MEG_4168|Metals|Nickel_resistance|Nickel_ABC_efflux_pumps|NIKB,60.0,89.0,116.0
MEG_1275|Drugs|betalactams|Class_C_betalactamases|BLAEC,0.0,23.0,0.0
MEG_415|Multi-compound|Drug_and_biocide_resistance|Drug_and_biocide_RND_efflux_regulator|ACRS,29.0,48.0,40.0
MEG_2702|Biocides|Acid_resistance|Acid_resistance_protein|EEFX,4.0,15.0,9.0
MEG_6092|Drugs|Rifampin|Rifampin-resistant_beta-subunit_of_RNA_polymerase_RpoB|RPOB|RequiresSNPConfirmation,0.0,34.0,0.0
MEG_1785|Drugs|Phenicol|Phenicol_resistance_MFS_efflux_pumps|CMX,53.0,32.0,47.0
MEG_8075|Drugs|betalactams|Class_B_betalactamases|EBR,34.0,23.0,31.0
MEG_2099|Drugs|betalactams|Class_B_betalactamases|CPHA,0.0,0.0,23.0
MEG_5817|Metals|Arsenic_resistance|Arsenic_resistance_protein|PSTS,62.0,98.0,105.0
MEG_5364|Drugs|Aminocoumarins|Aminocoumarin-resistant_DNA_topoisomerases|PARE|RequiresSNPConfirmation,655.0,774.0,719.0
MEG_5854|Multi-compound|Drug_and_biocide_resistance|Drug_and_biocide_SMR_efflux_pumps|QACL,0.0,10.0,0.0
MEG_5386|Drugs|Aminocoumarins|Aminocoumarin-resistant_DNA_topoisomerases|PARE|RequiresSNPConfirmation,823.0,1065.0,873.0
MEG_2075|Metals|Copper_resistance|Copper_resistance_regulator|COPS,218.0,207.0,200.0
MEG_6153|Multi-compound|Biocide_and_metal_resistance|Biocide_and_metal_resistance_protein|RUVB,633.0,745.0,781.0
MEG_7213|Drugs|Tetracyclines|Tetracycline_resistance_ribosomal_protection_proteins|TETW,75.0,75.0,77.0
MEG_7179|Drugs|Tetracyclines|Tetracycline_resistance_ribosomal_protection_proteins|TETQ,66.0,92.0,73.0
MEG_4059|Metals|Multi-metal_resistance|Multi-metal_resistance_protein|MREA,24.0,14.0,9.0
MEG_2132|Multi-compound|Drug_and_biocide_resistance|Drug_and_biocide_RND_efflux_regulator|CRP,189.0,194.0,193.0
MEG_4974|Drugs|betalactams|Class_D_betalactamases|OXA,20.0,30.0,26.0
MEG_995|Drugs|Aminoglycosides|Aminoglycoside_O-nucleotidyltransferases|ANT6,124.0,150.0,121.0
MEG_7065|Drugs|Tetracyclines|Tetracycline_resistance_MFS_efflux_pumps|TETC,82.0,86.0,86.0
MEG_6106|Drugs|Rifampin|Rifampin-resistant_beta-subunit_of_RNA_polymerase_RpoB|RPOB|RequiresSNPConfirmation,0.0,0.0,0.0
MEG_919|Drugs|Aminoglycosides|Aminoglycoside_O-nucleotidyltransferases|ANT3-DPRIME,11.0,0.0,0.0
MEG_6615|Drugs|Sulfonamides|Sulfonamide-resistant_dihydropteroate_synthases|SULI,164.0,177.0,197.0
MEG_7216|Drugs|Tetracyclines|Tetracycline_resistance_ribosomal_protection_proteins|TETW,0.0,55.0,18.0
MEG_3911|Multi-compound|Drug_and_biocide_resistance|Drug_and_biocide_RND_efflux_pumps|MEXF,469.0,546.0,454.0
MEG_6655|Multi-compound|Biocide_and_metal_resistance|Biocide_and_metal_resistance_protein|TEHA,38.0,53.0,59.0
MEG_5825|Multi-compound|Drug_and_biocide_resistance|Drug_and_biocide_SMR_efflux_pumps|QACC,16.0,22.0,16.0
MEG_945|Drugs|Aminoglycosides|Aminoglycoside_O-nucleotidyltransferases|ANT3-DPRIME,19.0,38.0,40.0
MEG_7185|Drugs|Tetracyclines|Tetracycline_transcriptional_repressor|TETR|RequiresSNPConfirmation,350.0,413.0,353.0
MEG_3867|Metals|Mercury_resistance|Mercury_resistance_protein|MERE,64.0,61.0,80.0
MEG_28|Drugs|Aminoglycosides|Aminoglycoside_N-acetyltransferases|AAC3,0.0,26.0,0.0
MEG_4411|Drugs|betalactams|Class_D_betalactamases|OXA,93.0,89.0,92.0
MEG_3448|Drugs|Aminoglycosides|Aminoglycoside_efflux_pumps|KDPE,80.0,118.0,106.0
MEG_8680|Drugs|Aminoglycosides|Aminoglycoside-resistant_16S_ribosomal_subunit_protein|RRS|RequiresSNPConfirmation,7637.0,9691.0,8472.0
MEG_4745|Drugs|betalactams|Class_D_betalactamases|OXA,0.0,0.0,8.0
MEG_7310|Drugs|Elfamycins|EF-Tu_inhibition|TUFAB|RequiresSNPConfirmation,29.0,30.0,33.0
MEG_6107|Drugs|Rifampin|Rifampin-resistant_beta-subunit_of_RNA_polymerase_RpoB|RPOB|RequiresSNPConfirmation,1.0,0.0,0.0
MEG_4678|Drugs|betalactams|Class_D_betalactamases|OXA,0.0,0.0,39.0
MEG_3866|Metals|Mercury_resistance|Mercury_resistance_protein|MERE,60.0,62.0,63.0
MEG_6542|Biocides|Peroxide_resistance|peroxide_resistance_protein|SODA,49.0,62.0,70.0
MEG_957|Drugs|Aminoglycosides|Aminoglycoside_O-nucleotidyltransferases|ANT3-DPRIME,17.0,18.0,24.0
MEG_409|Multi-compound|Drug_and_biocide_resistance|Drug_and_biocide_RND_efflux_pumps|ACRF,145.0,183.0,113.0
MEG_7160|Drugs|Tetracyclines|Tetracycline_resistance_ribosomal_protection_proteins|TETO,0.0,44.0,46.0
MEG_3731|Drugs|Lipopeptides|Colistin_phosphoethanolamine_transferase|MCR,31.0,66.0,0.0
MEG_3763|Multi-compound|Drug_and_biocide_resistance|Drug_and_biocide_RND_efflux_pumps|MDTN,94.0,90.0,112.0
MEG_3998|Metals|Multi-metal_resistance|Multi-metal_resistance_protein|MNTH,103.0,110.0,148.0
MEG_692|Multi-compound|Drug_and_biocide_resistance|Drug_and_biocide_RND_efflux_pumps|ADEJ,1691.0,1784.0,1794.0
MEG_7330|Drugs|Fosfomycin|Fosfomycin_target_mutation|UHPT|RequiresSNPConfirmation,1.0,5.0,1.0
MEG_2020|Metals|Copper_resistance|Copper_resistance_protein|COPA,233.0,266.0,263.0
MEG_2086|Metals|Multi-metal_resistance|Multi-metal_resistance_protein|CORA,22.0,0.0,36.0
MEG_6971|Drugs|Tetracyclines|Tetracycline_resistance_ribosomal_protection_proteins|TET32,64.0,109.0,106.0
MEG_6504|Metals|Multi-metal_resistance|Multi-metal_RND_efflux_pumps|SILF,46.0,63.0,58.0
MEG_6150|Drugs|betalactams|Class_A_betalactamases|RTG,0.0,0.0,11.0
MEG_6507|Metals|Multi-metal_resistance|Multi-metal_RND_efflux_pumps|SILP,384.0,539.0,593.0
MEG_8413|Drugs|betalactams|Class_D_betalactamases|OXA,36.0,78.0,46.0
MEG_8725|Drugs|Glycopeptides|VanR-type_regulator|VANRS,177.0,173.0,163.0
MEG_1992|Drugs|betalactams|Class_C_betalactamases|CMY,25.0,28.0,30.0
MEG_1045|Drugs|Aminoglycosides|Aminoglycoside_O-phosphotransferases|APH3-DPRIME,63.0,88.0,61.0
MEG_7025|Drugs|Tetracyclines|Tetracycline_resistance_MFS_efflux_pumps|TETA,108.0,83.0,112.0
MEG_7136|Drugs|Tetracyclines|Tetracycline_resistance_ribosomal_protection_proteins|TETM,47.0,42.0,0.0
MEG_5827|Multi-compound|Drug_and_biocide_resistance|Drug_and_biocide_SMR_efflux_pumps|QACE,12.0,13.0,12.0
MEG_6090|Drugs|Rifampin|Rifampin-resistant_beta-subunit_of_RNA_polymerase_RpoB|RPOB|RequiresSNPConfirmation,14.0,13.0,14.0
MEG_3215|Drugs|Fluoroquinolones|Fluoroquinolone-resistant_DNA_topoisomerases|GYRA|RequiresSNPConfirmation,0.0,0.0,0.0
MEG_3828|Drugs|MLS|MLS_resistance_MFS_efflux_pumps|MEFC,522.0,627.0,635.0
MEG_3948|Metals|Multi-metal_resistance|Multi-metal_resistance_regulator|MGTA,146.0,197.0,153.0
MEG_1575|Drugs|Phenicol|Chloramphenicol_acetyltransferases|CATA,0.0,29.0,38.0
MEG_4074|Drugs|MLS|MLS_resistance_ABC_efflux_pumps|MSRD,412.0,461.0,438.0
MEG_1576|Drugs|Phenicol|Chloramphenicol_acetyltransferases|CATA,31.0,48.0,38.0
MEG_1189|Drugs|Bacitracin|Undecaprenyl_pyrophosphate_phosphatase|BACA,49.0,63.0,82.0
MEG_5845|Multi-compound|Drug_and_biocide_resistance|Drug_and_biocide_SMR_efflux_pumps|QACG,14.0,24.0,14.0
MEG_3224|Drugs|Fluoroquinolones|Fluoroquinolone-resistant_DNA_topoisomerases|GYRA|RequiresSNPConfirmation,1.0,3.0,2.0
MEG_7222|Drugs|Tetracyclines|Tetracycline_resistance_ribosomal_protection_proteins|TETW,112.0,101.0,93.0
MEG_6122|Drugs|Rifampin|Rifampin-resistant_beta-subunit_of_RNA_polymerase_RpoB|RPOB|RequiresSNPConfirmation,0.0,0.0,0.0
MEG_8250|Drugs|MLS|Macrolide-resistant_23S_rRNA_mutation|MLS23S|RequiresSNPConfirmation,4551.0,5399.0,4985.0
MEG_6501|Metals|Multi-metal_resistance|Multi-metal_RND_efflux_pumps|SILC,195.0,210.0,217.0
MEG_931|Drugs|Aminoglycosides|Aminoglycoside_O-nucleotidyltransferases|ANT3-DPRIME,27.0,38.0,19.0
MEG_3293|Drugs|Lipopeptides|Colistin_phosphoethanolamine_transferase|ICR,1148.0,1225.0,1285.0
MEG_1192|Multi-compound|Drug_and_biocide_and_metal_resistance|Drug_and_biocide_and_metal_RND_efflux_regulator|BAER,77.0,90.0,81.0
MEG_7018|Drugs|Tetracyclines|Tetracycline_resistance_MFS_efflux_pumps|TETA,0.0,0.0,19.0
MEG_6044|Drugs|Multi-drug_resistance|Multi-drug_RND_efflux_regulator|RAMA,35.0,41.0,32.0
MEG_952|Drugs|Aminoglycosides|Aminoglycoside_O-nucleotidyltransferases|ANT3-DPRIME,0.0,47.0,0.0
MEG_6590|Drugs|Sulfonamides|Sulfonamide-resistant_dihydropteroate_synthases|SULI,0.0,0.0,12.0
MEG_1178|Metals|Arsenic_resistance|Arsenic_resistance_protein|ARST,0.0,0.0,351.0
MEG_2796|Drugs|MLS|23S_rRNA_methyltransferases|ERMB,116.0,100.0,94.0
MEG_2716|Biocides|Multi-biocide_resistance|Multi-biocide_RND_efflux_pump|EMHB,0.0,529.0,0.0
MEG_1087|Drugs|Aminoglycosides|Aminoglycoside_O-phosphotransferases|APH6,55.0,47.0,38.0
MEG_4423|Drugs|betalactams|Class_D_betalactamases|OXA,0.0,0.0,11.0
MEG_3886|Metals|Mercury_resistance|Mercury_resistance_regulator|MERR1,0.0,43.0,42.0
MEG_2732|Multi-compound|Drug_and_biocide_resistance|Drug_and_biocide_MFS_efflux_pumps|EMRK,34.0,70.0,42.0
MEG_5423|Metals|Multi-metal_resistance|Multi-metal_resistance_regulator|PCOE,86.0,84.0,87.0
MEG_1055|Drugs|Aminoglycosides|Aminoglycoside_O-phosphotransferases|APH3-DPRIME,27.0,45.0,33.0
MEG_6959|Metals|Tellurium_resistance|Tellurium_resistance_protein|TERE,34.0,34.0,0.0
MEG_5420|Metals|Copper_resistance|Copper_resistance_protein|PCOC,79.0,90.0,114.0
MEG_901|Drugs|Aminoglycosides|Aminoglycoside_O-nucleotidyltransferases|ANT3-DPRIME,23.0,22.0,0.0
MEG_3874|Metals|Mercury_resistance|Mercury_resistance_protein|MERP,210.0,222.0,172.0
MEG_4061|Drugs|Multi-drug_resistance|Multi-drug_ABC_efflux_pumps|MSBA,230.0,302.0,251.0
MEG_5782|Multi-compound|Drug_and_biocide_resistance|Drug_and_biocide_ABC_efflux_regulator|PHOB|RequiresSNPConfirmation,38.0,48.0,63.0
MEG_2737|Multi-compound|Drug_and_biocide_resistance|Drug_and_biocide_MFS_efflux_pumps|EMRY,0.0,28.0,0.0
MEG_3080|Biocides|Acid_resistance|Acid_resistance_regulator|GADE,42.0,40.0,43.0
MEG_2630|Drugs|Trimethoprim|Dihydrofolate_reductase|DHFR|RequiresSNPConfirmation,17.0,23.0,13.0
MEG_5833|Multi-compound|Drug_and_biocide_resistance|Drug_and_biocide_SMR_efflux_pumps|QACF,8.0,9.0,0.0
MEG_8415|Drugs|betalactams|Class_D_betalactamases|OXA,19.0,38.0,18.0
MEG_2446|Metals|Multi-metal_resistance|Multi-metal_RND_efflux_pumps|CUSA,330.0,377.0,339.0
MEG_1533|Drugs|betalactams|Class_A_betalactamases|CARB,34.0,28.0,29.0
MEG_6622|Drugs|Sulfonamides|Sulfonamide-resistant_dihydropteroate_synthases|SULII,0.0,0.0,9.0
MEG_5365|Drugs|Aminocoumarins|Aminocoumarin-resistant_DNA_topoisomerases|PARE|RequiresSNPConfirmation,0.0,0.0,0.0
MEG_3611|Drugs|MLS|Lincosamide_nucleotidyltransferases|LNUC,0.0,27.0,13.0
MEG_4175|Metals|Nickel_resistance|Nickel_ABC_efflux_regulator|NIKR,5.0,0.0,0.0
MEG_7320|Drugs|Elfamycins|EF-Tu_inhibition|TUFAB|RequiresSNPConfirmation,211.0,218.0,214.0
MEG_408|Multi-compound|Drug_and_biocide_resistance|Drug_and_biocide_RND_efflux_pumps|ACRE,83.0,108.0,74.0
MEG_1694|Drugs|betalactams|Class_A_betalactamases|CFX,23.0,35.0,23.0
MEG_4160|Metals|Chromium_resistance|Chromium_resistance_protein|NFSA,39.0,51.0,43.0
MEG_2118|Multi-compound|Drug_and_biocide_resistance|Drug_and_biocide_RND_efflux_regulator|CPXAR,32.0,39.0,25.0
MEG_7321|Drugs|Elfamycins|EF-Tu_inhibition|TUFAB|RequiresSNPConfirmation,3.0,0.0,0.0
MEG_3610|Drugs|MLS|Lincosamide_nucleotidyltransferases|LNUC,73.0,83.0,99.0
MEG_5208|Drugs|betalactams|Class_D_betalactamases|OXA,136.0,136.0,132.0
MEG_4590|Drugs|betalactams|Class_D_betalactamases|OXA,0.0,14.0,0.0
MEG_7812|Metals|Iron_resistance|Iron_resistance_protein|YBTQ,147.0,216.0,171.0
MEG_3988|Drugs|MLS|Macrolide-resistant_23S_rRNA_mutation|MLS23S|RequiresSNPConfirmation,301.0,408.0,393.0
MEG_5045|Drugs|betalactams|Class_D_betalactamases|OXA,25.0,26.0,27.0
MEG_5819|Drugs|Fosfomycin|Fosfomycin_target_mutation|PTSL|RequiresSNPConfirmation,0.0,1.0,0.0
MEG_3205|Drugs|Fluoroquinolones|Fluoroquinolone-resistant_DNA_topoisomerases|GYRA|RequiresSNPConfirmation,0.0,0.0,0.0
MEG_4289|Drugs|betalactams|Mutant_porin_proteins|OMPFB|RequiresSNPConfirmation,0.0,0.0,0.0
MEG_6502|Metals|Multi-metal_resistance|Multi-metal_RND_efflux_pumps|SILC,91.0,71.0,106.0
MEG_7064|Drugs|Tetracyclines|Tetracycline_resistance_MFS_efflux_pumps|TETC,19.0,18.0,23.0
MEG_8246|Drugs|MLS|MLS_resistance_MFS_efflux_pumps|MEFJ,1100.0,1294.0,1240.0
MEG_6144|Drugs|Aminoglycosides|Aminoglycoside-resistant_30S_ribosomal_protein_S12|RPSL|RequiresSNPConfirmation,5.0,15.0,2.0
MEG_3897|Metals|Mercury_resistance|Mercury_resistance_protein|MERT,186.0,212.0,176.0
MEG_1685|Drugs|Multi-drug_resistance|MDR_23S_ribosomal_RNA_methyltransferase|CFRC,0.0,37.0,0.0
MEG_7309|Drugs|Elfamycins|EF-Tu_inhibition|TUFAB|RequiresSNPConfirmation,208.0,225.0,234.0
MEG_2451|Metals|Multi-metal_resistance|Multi-metal_RND_efflux_pumps|CUSF,16.0,26.0,20.0
MEG_350|Drugs|Aminoglycosides|Aminoglycoside_N-acetyltransferases|AAC6-PRIME,0.0,0.0,4.0
MEG_2069|Metals|Copper_resistance|Copper_resistance_regulator|COPR,259.0,318.0,262.0
MEG_7028|Drugs|Tetracyclines|Tetracycline_resistance_MFS_efflux_pumps|TETA,29.0,28.0,31.0
MEG_7024|Drugs|Tetracyclines|Tetracycline_resistance_MFS_efflux_pumps|TETA,80.0,96.0,102.0
MEG_8288|Drugs|betalactams|Mutant_porin_proteins|OMPA,211.0,294.0,244.0
MEG_961|Drugs|Aminoglycosides|Aminoglycoside_O-nucleotidyltransferases|ANT3-DPRIME,0.0,0.0,10.0
MEG_4101|Drugs|Multi-drug_resistance|Multi-drug_RND_efflux_pumps|MUXB,1179.0,1467.0,1256.0
MEG_4029|Drugs|MLS|Macrolide_phosphotransferases|MPHA,31.0,20.0,0.0
MEG_6155|Metals|Multi-metal_resistance|Multi-metal_resistance_protein|RUVBM,0.0,75.0,0.0
MEG_989|Drugs|Aminoglycosides|Aminoglycoside_O-nucleotidyltransferases|ANT6,57.0,81.0,73.0
MEG_2051|Metals|Copper_resistance|Copper_resistance_protein|COPD,0.0,48.0,0.0
MEG_6541|Biocides|Peroxide_resistance|peroxide_resistance_protein|SODA,0.0,0.0,126.0
MEG_7071|Drugs|Tetracyclines|Tetracycline_resistance_MFS_efflux_pumps|TETE,57.0,107.0,64.0
MEG_2701|Biocides|Acid_resistance|Acid_resistance_protein|EEFA,126.0,132.0,130.0
MEG_4167|Metals|Nickel_resistance|Nickel_ABC_efflux_pumps|NIKA,144.0,167.0,159.0
MEG_2726|Multi-compound|Drug_and_biocide_resistance|Drug_and_biocide_MFS_efflux_pumps|EMRBSM,0.0,218.0,183.0
MEG_2120|Multi-compound|Drug_and_biocide_resistance|Drug_and_biocide_RND_efflux_regulator|CPXAR,43.0,42.0,36.0
MEG_3513|Multi-compound|Drug_and_biocide_resistance|Drug_and_biocide_MFS_efflux_pumps|KPN,101.0,121.0,110.0
MEG_2660|Multi-compound|Biocide_and_metal_resistance|Biocide_and_metal_resistance_protein|DPR,0.0,11.0,0.0
MEG_2717|Multi-compound|Drug_and_biocide_resistance|Drug_and_biocide_RND_efflux_pumps|EMHC,71.0,0.0,0.0
MEG_5424|Metals|Copper_resistance|Copper_resistance_regulator|PCOR,111.0,132.0,151.0
MEG_2619|Drugs|Trimethoprim|Dihydrofolate_reductase|DHFR|RequiresSNPConfirmation,0.0,0.0,6.0
MEG_6138|Drugs|Glycopeptides|Vancomycin-resistant_mutation|RPOC|RequiresSNPConfirmation,0.0,0.0,0.0
MEG_2021|Metals|Copper_resistance|Copper_resistance_protein|COPA,255.0,322.0,320.0
MEG_2899|Multi-compound|Biocide_and_metal_resistance|Biocide_and_metal_ABC_efflux_pumps|FETB,45.0,59.0,46.0
MEG_6141|Biocides|Multi-biocide_resistance|Multi-biocide_resistance_regulator|RPOS,193.0,213.0,198.0
MEG_5367|Drugs|Aminocoumarins|Aminocoumarin-resistant_DNA_topoisomerases|PARE|RequiresSNPConfirmation,0.0,0.0,0.0
MEG_8289|Drugs|Multi-drug_resistance|MDR_mutant_porin_proteins|OMPK|RequiresSNPConfirmation,55.0,92.0,61.0
MEG_1689|Drugs|betalactams|Class_A_betalactamases|CFX,19.0,27.0,0.0
MEG_3977|Drugs|MLS|Macrolide-resistant_23S_rRNA_mutation|MLS23S|RequiresSNPConfirmation,1.0,11.0,11.0
MEG_8679|Drugs|Oxazolidinone|Oxazolidinone-resistant_23S_rRNA_mutation|RRL|RequiresSNPConfirmation,0.0,1109.0,955.0
MEG_1693|Drugs|betalactams|Class_A_betalactamases|CFX,24.0,22.0,26.0
MEG_5422|Metals|Copper_resistance|Copper_resistance_protein|PCOD,146.0,129.0,165.0
MEG_7240|Drugs|Tetracyclines|Tetracycline_inactivation_enzymes|TETX,112.0,101.0,108.0
MEG_2787|Drugs|MLS|23S_rRNA_methyltransferases|ERMA,0.0,32.0,0.0
MEG_3765|Multi-compound|Drug_and_biocide_resistance|Drug_and_biocide_RND_efflux_pumps|MDTP,133.0,144.0,117.0
MEG_2734|Multi-compound|Drug_and_biocide_resistance|Drug_and_biocide_MFS_efflux_regulator|EMRR,35.0,83.0,84.0
MEG_3868|Metals|Mercury_resistance|Mercury_resistance_protein|MERE,200.0,236.0,247.0
MEG_7831|Multi-compound|Biocide_and_metal_resistance|Biocide_and_metal_resistance_protein|YGIW,24.0,32.0,36.0
MEG_1177|Metals|Multi-metal_resistance|Multi-metal_resistance_protein|ARSRM,0.0,0.0,14.0
MEG_2017|Metals|Copper_resistance|Copper_resistance_regulator|COMR,52.0,36.0,45.0
MEG_3140|Multi-compound|Biocide_and_metal_resistance|Biocide_and_metal_resistance_protein|GLPF,47.0,46.0,0.0
MEG_4797|Drugs|betalactams|Class_D_betalactamases|OXA,92.0,98.0,76.0
MEG_7214|Drugs|Tetracyclines|Tetracycline_resistance_ribosomal_protection_proteins|TETW,38.0,45.0,0.0
MEG_7229|Drugs|Tetracyclines|Tetracycline_resistance_ribosomal_protection_proteins|TETW,196.0,288.0,231.0
MEG_8382|Drugs|betalactams|Class_D_betalactamases|OXA,165.0,163.0,170.0
MEG_6604|Drugs|Sulfonamides|Sulfonamide-resistant_dihydropteroate_synthases|SULI,0.0,0.0,11.0
MEG_7149|Drugs|Tetracyclines|Tetracycline_resistance_ribosomal_protection_proteins|TETO,55.0,101.0,58.0
MEG_2654|Metals|Copper_resistance|Copper_resistance_protein|DNAK,978.0,1054.0,1063.0
MEG_6998|Drugs|Tetracyclines|Tetracycline_resistance_ribosomal_protection_proteins|TET44,0.0,101.0,0.0
MEG_6131|Drugs|Rifampin|Rifampin-resistant_beta-subunit_of_RNA_polymerase_RpoB|RPOB|RequiresSNPConfirmation,1.0,0.0,0.0
MEG_916|Drugs|Aminoglycosides|Aminoglycoside_O-nucleotidyltransferases|ANT3-DPRIME,0.0,0.0,10.0
MEG_3664|Drugs|betalactams|Class_C_betalactamases|MCA,1805.0,2024.0,1700.0
MEG_3759|Multi-compound|Drug_and_biocide_resistance|Drug_and_biocide_MATE_efflux_pumps|MDTK,44.0,62.0,86.0
MEG_8671|Drugs|MLS|Macrolide-resistant_50S_rRNA_mutation|RPLD|RequiresSNPConfirmation,171.0,195.0,206.0
MEG_3609|Drugs|MLS|Lincosamide_nucleotidyltransferases|LNUB,84.0,90.0,52.0
MEG_4841|Drugs|betalactams|Class_D_betalactamases|OXA,0.0,0.0,23.0
MEG_7151|Drugs|Tetracyclines|Tetracycline_resistance_ribosomal_protection_proteins|TETO,0.0,49.0,0.0
MEG_7032|Drugs|Tetracyclines|Tetracycline_resistance_MFS_efflux_pumps|TETA,71.0,64.0,75.0
MEG_2022|Metals|Copper_resistance|Copper_resistance_protein|COPA,910.0,1025.0,1098.0
MEG_3893|Metals|Mercury_resistance|Mercury_resistance_protein|MERT,166.0,225.0,205.0
MEG_6120|Drugs|Rifampin|Rifampin-resistant_beta-subunit_of_RNA_polymerase_RpoB|RPOB|RequiresSNPConfirmation,1.0,1.0,1.0
MEG_6108|Drugs|Rifampin|Rifampin-resistant_beta-subunit_of_RNA_polymerase_RpoB|RPOB|RequiresSNPConfirmation,0.0,0.0,0.0
MEG_7819|Biocides|Multi-biocide_resistance|Multi-biocide_resistance_regulator|YDEO,0.0,29.0,44.0
MEG_1701|Metals|Sodium_resistance|Sodium_resistance_protein|CHAA,73.0,96.0,72.0
MEG_729|Drugs|betalactams|Penicillin_binding_protein|AMPH,73.0,99.0,101.0
MEG_2909|Metals|Multi-metal_resistance|Multi-metal_resistance_protein|FIEF,90.0,83.0,93.0
MEG_7211|Drugs|Tetracyclines|Tetracycline_resistance_ribosomal_protection_proteins|TETW,0.0,0.0,32.0
MEG_8716|Drugs|Tetracyclines|Tetracycline_resistance_ribosomal_protection_proteins|TETO,0.0,0.0,314.0
MEG_7126|Drugs|Tetracyclines|Tetracycline_resistance_ribosomal_protection_proteins|TETM,25.0,27.0,0.0
MEG_3896|Metals|Mercury_resistance|Mercury_resistance_protein|MERT,31.0,44.0,46.0
MEG_7015|Drugs|Tetracyclines|Tetracycline_resistance_MFS_efflux_pumps|TETA,45.0,45.0,52.0
MEG_6049|Metals|Multi-metal_resistance|Multi-metal_resistance_protein|RCNB,18.0,31.0,0.0
MEG_2036|Metals|Copper_resistance|Copper_resistance_protein|COPB,70.0,118.0,93.0
MEG_3287|Biocides|Peroxide_resistance|Peroxide_resistance_stress_protein|IBPA,53.0,76.0,59.0
MEG_2797|Drugs|MLS|23S_rRNA_methyltransferases|ERMB,89.0,113.0,92.0
MEG_3753|Multi-compound|Drug_and_biocide_resistance|Drug_and_biocide_MFS_efflux_pumps|MDTG,35.0,46.0,0.0
MEG_6151|Drugs|betalactams|Class_A_betalactamases|RTG,38.0,48.0,53.0
MEG_7855|Metals|Zinc_resistance|Zinc_resistance_protein|ZNUA,0.0,44.0,0.0
MEG_1046|Drugs|Aminoglycosides|Aminoglycoside_O-phosphotransferases|APH3-DPRIME,55.0,58.0,45.0
MEG_3987|Drugs|MLS|Macrolide-resistant_23S_rRNA_mutation|MLS23S|RequiresSNPConfirmation,3.0,2.0,5.0
MEG_6654|Metals|Copper_resistance|Copper_resistance_protein|TCRZ,129.0,159.0,131.0
MEG_2952|Drugs|Sulfonamides|Sulfonamide-resistant_dihydropteroate_synthases|FOLP|RequiresSNPConfirmation,82.0,119.0,87.0
MEG_1637|Drugs|betalactams|Class_A_betalactamases|CBLA,32.0,39.0,34.0
MEG_3621|Drugs|MLS|Lincosamide_nucleotidyltransferases|LNUP,163.0,0.0,0.0
MEG_3976|Drugs|MLS|Macrolide-resistant_23S_rRNA_mutation|MLS23S|RequiresSNPConfirmation,91.0,86.0,57.0
MEG_5842|Multi-compound|Drug_and_biocide_resistance|Drug_and_biocide_SMR_efflux_pumps|QACG,5.0,0.0,16.0
MEG_7849|Metals|Multi-metal_resistance|Multi-metal_resistance_protein|ZINT,22.0,59.0,49.0
MEG_3946|Metals|Multi-metal_resistance|Multi-metal_resistance_regulator|MGTA,0.0,328.0,270.0
MEG_6979|Drugs|Tetracyclines|Tetracycline_resistance_ribosomal_protection_proteins|TET36,104.0,77.0,137.0
MEG_1001|Drugs|Aminoglycosides|Aminoglycoside_O-nucleotidyltransferases|ANT6,57.0,59.0,60.0
MEG_3144|Drugs|Fosfomycin|Fosfomycin_target_mutation|GLPT|RequiresSNPConfirmation,6.0,1.0,7.0
MEG_3289|Biocides|Peroxide_resistance|Peroxide_resistance_stress_protein|IBPB,42.0,46.0,48.0
MEG_1039|Drugs|Aminoglycosides|Aminoglycoside_O-phosphotransferases|APH3-DPRIME,0.0,0.0,21.0
MEG_2449|Metals|Multi-metal_resistance|Multi-metal_RND_efflux_pumps|CUSC,0.0,85.0,58.0
MEG_5368|Drugs|Aminocoumarins|Aminocoumarin-resistant_DNA_topoisomerases|PARE|RequiresSNPConfirmation,0.0,0.0,0.0
MEG_3737|Multi-compound|Drug_and_biocide_resistance|Drug_and_biocide_MFS_efflux_pumps|MDFA,26.0,0.0,0.0
MEG_882|Drugs|Aminoglycosides|Aminoglycoside_O-nucleotidyltransferases|ANT3-DPRIME,0.0,46.0,0.0
MEG_2479|Metals|Multi-metal_resistance|Multi-metal_RND_efflux_pumps|CZRA,0.0,881.0,0.0
MEG_6545|Biocides|Peroxide_resistance|peroxide_resistance_protein|SODB,122.0,141.0,134.0
MEG_3675|Drugs|Lipopeptides|Colistin_phosphoethanolamine_transferase|MCR,46.0,52.0,53.0
MEG_2071|Metals|Copper_resistance|Copper_resistance_regulator|COPR,40.0,0.0,42.0
MEG_8434|Drugs|betalactams|Class_D_betalactamases|OXA,225.0,196.0,204.0
MEG_414|Multi-compound|Drug_and_biocide_resistance|Drug_and_biocide_RND_efflux_regulator|ACRR|RequiresSNPConfirmation,0.0,0.0,0.0
MEG_7832|Metals|Multi-metal_resistance|Multi-metal_resistance_protein|YGJH,47.0,84.0,61.0
MEG_6960|Metals|Tellurium_resistance|Tellurium_resistance_protein|TERW,0.0,26.0,20.0
MEG_4164|Metals|Sodium_resistance|Sodium_resistance_protein|NHAB,50.0,69.0,69.0
MEG_7156|Drugs|Tetracyclines|Tetracycline_resistance_ribosomal_protection_proteins|TETO,56.0,56.0,86.0
MEG_7026|Drugs|Tetracyclines|Tetracycline_resistance_MFS_efflux_pumps|TETA,39.0,27.0,40.0
MEG_3|Drugs|Aminoglycosides|Aminoglycoside-resistant_16S_ribosomal_subunit_protein|A16S|RequiresSNPConfirmation,13.0,10.0,11.0
MEG_3206|Drugs|Fluoroquinolones|Fluoroquinolone-resistant_DNA_topoisomerases|GYRA|RequiresSNPConfirmation,0.0,1.0,2.0
MEG_2739|Drugs|Cationic_antimicrobial_peptides|Lipid_A_modification|EPTA,78.0,102.0,120.0
MEG_2793|Drugs|MLS|23S_rRNA_methyltransferases|ERMB,43.0,59.0,36.0
MEG_6587|Drugs|Sulfonamides|Sulfonamide-resistant_dihydropteroate_synthases|SULI,9.0,0.0,14.0
MEG_1097|Drugs|Aminoglycosides|Aminoglycoside_O-phosphotransferases|APH6,44.0,74.0,51.0
MEG_2439|Metals|Multi-metal_resistance|Multi-metal_resistance_protein|CUEA,0.0,0.0,675.0
MEG_2725|Multi-compound|Drug_and_biocide_resistance|Drug_and_biocide_MFS_efflux_pumps|EMRB,87.0,126.0,138.0
MEG_7851|Metals|Zinc_resistance|Zinc_resistance_protein|ZITB,38.0,40.0,55.0
MEG_8251|Drugs|MLS|Macrolide-resistant_23S_rRNA_mutation|MLS23S|RequiresSNPConfirmation,5397.0,5840.0,5860.0
MEG_7020|Drugs|Tetracyclines|Tetracycline_resistance_MFS_efflux_pumps|TETA,0.0,29.0,0.0
